L_m,theta_rad,theta_dot_rad_s,damping_b,theta_ddot_rad_s2
1.59312,1.38688,2.40773,0.17356,-6.21852
0.98998,1.32725,4.95806,0.21051,-10.68178
1.74548,-1.86802,-4.59023,0.49235,6.1156
1.45526,-2.91128,-2.55081,0.0421,1.58956
0.36952,-1.23276,0.97741,0.05583,24.64602
1.95612,-2.15428,-0.84806,0.21769,4.23354
1.57005,-0.65478,1.37556,0.08462,3.75784
1.61492,3.01182,0.86404,0.34242,-0.89955
0.4306,-2.00389,2.87989,0.18034,17.87756
1.01069,-1.13805,-4.29097,0.4231,10.58875
0.86744,1.41443,-0.59384,0.37431,-10.87581
1.86818,0.0577,3.60054,0.2354,-0.54566
1.35896,-2.86558,-1.37238,0.42249,2.28121
1.68097,-2.12566,0.03789,0.05041,4.95968
0.99815,2.73475,-4.78421,0.29055,-2.49389
0.60903,-2.49339,-2.75826,0.30257,11.97504
1.19825,0.84881,-0.36345,0.12301,-6.11312
0.31487,1.83674,-1.01032,0.02481,-29.80753
1.68974,-1.47379,2.14655,0.2676,5.57716
1.337,1.41421,1.1188,0.25684,-7.40832
1.56456,-2.07411,3.80283,0.32681,4.98487
0.83815,-1.35245,3.54771,0.10646,10.88884
1.94726,-1.18236,-2.5878,0.08982,4.72384
1.80762,3.11919,-4.82361,0.48896,0.60027
1.60109,-1.7934,3.54471,0.05684,5.8973
0.55035,-2.32976,-1.70879,0.4997,15.75216
1.0401,2.6747,-1.5289,0.35999,-3.73663
0.27885,-2.12415,-3.41605,0.31466,43.75454
0.47772,2.38309,1.93007,0.16989,-15.56156
1.42949,0.94535,-2.19891,0.4339,-5.09659
1.54057,0.48294,-3.23257,0.45503,-2.3373
1.94152,1.57921,0.03391,0.36094,-5.05582
0.78649,1.41999,2.50416,0.35494,-13.76859
0.86683,-2.44714,-2.30401,0.24658,7.99869
1.0452,3.13824,2.22039,0.03892,-0.11058
0.54105,2.77648,-0.38025,0.49951,-5.82516
0.43386,2.49186,-0.96227,0.00778,-13.63931
1.05627,0.76837,-1.40479,0.2477,-6.1425
0.60844,0.1432,-3.54419,0.18357,-0.54356
1.40567,0.22795,-1.67366,0.38807,-1.24836
0.98687,-3.04774,3.79252,0.36789,-0.50103
1.69882,-0.00333,-3.97833,0.31402,0.45213
1.46048,0.77767,4.583,0.03737,-4.79306
0.76226,0.99718,-3.92503,0.11842,-10.00979
1.69807,-1.0547,-1.37968,0.04708,5.04722
1.64858,-0.18044,1.06306,0.48949,0.87644
0.89746,0.85646,3.37841,0.06389,-8.52658
0.71899,-0.45047,-3.56417,0.4836,9.27472
1.42849,2.90368,-3.58898,0.05636,-1.51934
0.45155,1.29083,1.28378,0.43112,-23.59343
0.55983,-3.13359,-2.07253,0.28732,2.04018
0.21325,-2.99532,1.44502,0.41586,-6.50941
1.61646,1.19569,3.20583,0.31702,-6.03578
1.39673,-0.54887,-4.23129,0.38442,4.49811
1.4693,2.13296,3.44494,0.36541,-6.23224
1.60531,-2.0545,-4.62415,0.13009,5.64333
1.02605,-3.05472,3.98826,0.46752,-0.94155
1.22373,-0.7032,4.75618,0.32182,4.16181
0.45163,1.48323,1.67455,0.10104,-22.4674
0.40615,2.96395,4.84255,0.15302,-8.76012
1.40313,2.41057,3.21992,0.26653,-5.10368
1.04797,-0.10006,-4.55634,0.44091,2.76435
1.21742,1.96549,-4.96189,0.39838,-6.10476
1.577,-2.69969,-4.79202,0.15102,2.95132
1.34249,0.4541,-0.48093,0.34424,-3.11352
1.19644,2.66595,1.23383,0.00083,-3.75529
1.20657,-0.65103,-0.18528,0.16632,4.94829
0.74711,2.8909,1.7713,0.4198,-4.58959
0.25547,-1.75499,-0.50397,0.0756,38.33373
0.98609,-2.47788,-4.57436,0.1767,6.95992
0.58625,0.15559,-2.73833,0.00052,-2.58884
0.93535,2.55881,4.92624,0.01157,-5.83723
1.73613,-1.18577,-1.54136,0.07301,5.27416
0.62109,1.88596,-1.75234,0.05093,-14.78545
0.30494,-2.07849,-3.47208,0.24486,37.2547
0.70649,1.54296,4.87144,0.45,-18.27211
0.72847,0.35831,-2.69541,0.04232,-4.50768
1.39145,-2.04193,1.46827,0.43492,5.9523
1.20266,1.37028,-4.57953,0.33408,-6.93575
1.61102,1.34307,-4.33528,0.08445,-5.79105
1.39576,0.09698,2.16752,0.14487,-0.84174
0.9315,-1.72494,1.35168,0.09709,10.25533
1.66524,-2.31037,1.80162,0.39465,4.09567
0.50055,2.87302,-2.6903,0.36255,-1.3077
0.24088,0.979,4.84889,0.1522,-46.51888
0.36209,1.94302,0.58375,0.02717,-25.35864
1.50025,1.2376,4.69548,0.08437,-6.35531
1.03138,2.07014,-3.35829,0.31494,-7.35585
0.49029,-2.12063,-0.949,0.04519,17.23792
1.10188,-0.01916,-1.64314,0.26823,0.5336
0.47416,1.05008,2.55075,0.30646,-21.42394
1.45338,-2.49197,2.47571,0.34388,3.67979
1.00308,-2.19939,-0.13456,0.06268,7.9189
0.88584,0.84184,-4.83852,0.22985,-6.84266
0.74272,2.31665,-3.24794,0.2317,-8.33735
1.33451,1.00792,-4.49734,0.41764,-5.16228
0.85126,-2.91411,3.47015,0.23436,1.47668
0.35777,2.95582,-2.10228,0.2034,-1.72404
0.41241,-2.26504,-3.82077,0.06173,19.66783
1.93142,-1.68036,-1.45828,0.34723,5.18446
1.83545,2.98431,-4.22711,0.30989,-0.44835
1.45947,1.70295,4.78857,0.35847,-7.46888
0.67857,2.74309,-1.84992,0.32814,-4.29148
1.94452,1.92655,4.33067,0.43764,-5.23031
1.60175,0.95338,1.82729,0.43867,-5.30623
1.4904,-1.35369,0.66107,0.15384,6.38182
1.00885,-1.08774,-0.24503,0.09121,8.63326
0.69003,2.81029,1.8738,0.46324,-6.44737
0.3735,2.26588,1.86275,0.35652,-24.93187
1.82468,-0.88285,-4.89479,0.48549,4.86718
1.0204,-0.79628,4.07784,0.24848,5.89851
0.56425,-1.27112,-1.32037,0.48112,18.60622
0.75072,-1.09246,-1.46727,0.06136,11.76049
1.2426,2.26614,-0.93409,0.29518,-5.88329
0.51819,-3.07558,1.85283,0.24837,-0.46489
1.74191,-0.40179,-1.23982,0.00132,2.20295
1.56534,2.78244,-1.26169,0.09645,-2.15306
1.49503,0.26789,-4.36535,0.07674,-1.58701
0.97777,-0.31136,-0.83358,0.0304,3.10016
1.32916,-1.17892,-3.50522,0.47407,7.76173
1.25138,-2.67719,3.55589,0.48268,2.41513
1.36972,-1.7311,-1.65489,0.44587,7.46349
0.352,-2.57323,4.60867,0.49444,-3.39014
0.94845,-2.34552,1.84528,0.41533,6.53942
0.27491,-2.11419,2.56152,0.46609,14.74699
1.08918,-1.24389,4.47751,0.09882,8.15678
0.79375,-3.07237,-2.61065,0.12844,1.38702
0.46014,2.82834,0.67291,0.43103,-7.93961
0.38613,-2.36361,-4.59274,0.23973,25.21599
1.25776,-0.7342,-3.99241,0.35849,6.13037
0.50707,2.38464,-1.33413,0.28095,-11.82761
1.86522,-2.47201,1.82502,0.15282,3.18417
1.24591,-0.10302,3.31694,0.14242,0.50538
0.82437,2.16634,-2.43596,0.37409,-8.51046
1.26365,0.35791,2.49077,0.26605,-3.13457
0.24105,-1.81996,-2.75709,0.17969,47.96728
1.92541,1.47975,-4.93944,0.30852,-4.66285
1.06815,1.1394,-4.45587,0.20997,-7.52269
1.60892,-0.86591,0.85559,0.23754,4.56568
0.34891,-2.85071,-0.02852,0.33895,8.14293
1.07598,-3.09218,-2.29575,0.22898,0.90441
1.08327,2.0445,-4.93452,0.47497,-6.06142
1.88809,-1.12119,0.6801,0.2426,4.63309
1.22911,-2.27596,3.17607,0.48091,5.06682
1.05228,0.11656,-4.31455,0.42384,0.56731
0.68056,2.64417,2.36474,0.44546,-9.1525
0.79682,-3.08831,1.34543,0.38164,-0.15297
1.13721,-2.78883,-0.20645,0.30226,3.02857
0.99004,-0.52122,-4.51659,0.26633,6.16118
0.2389,1.10563,4.23571,0.27583,-57.17015
1.68733,-0.15017,-0.22559,0.10073,0.87775
1.81309,2.49787,-1.00393,0.1072,-3.21461
0.45245,-2.8646,3.61475,0.01708,5.62762
1.19727,-1.00442,3.45578,0.37278,6.01555
0.39544,-0.93401,2.27261,0.06243,19.03856
1.41003,-1.00451,3.2936,0.29107,5.38906
0.70622,-0.07737,-3.75672,0.06896,1.59312
1.38696,1.82575,2.60916,0.03327,-6.88952
1.50859,-1.14428,-1.71966,0.2668,6.12178
1.58357,1.53613,3.67495,0.43655,-6.83091
0.39393,-2.22132,-1.29769,0.17801,21.30521
1.84882,0.38155,-4.45696,0.45961,-1.37645
0.61439,-0.78485,-0.8562,0.00515,11.29595
0.26734,0.24637,2.56777,0.23287,-17.31548
1.19873,-2.46458,0.00932,0.07338,5.12629
0.86766,2.84919,2.63634,0.15789,-3.81198
1.69362,2.55232,-4.64726,0.01187,-3.1999
1.65485,2.05081,-3.22836,0.01767,-5.23726
0.77085,2.46793,0.63608,0.35641,-8.32083
1.91522,-2.21993,-1.14686,0.32727,4.18267
0.72365,0.02338,1.80176,0.10417,-0.67538
1.1271,-1.14411,4.62554,0.45057,6.28278
0.66074,2.43402,1.59862,0.34399,-10.91008
1.88488,-1.95132,-0.82637,0.16809,4.87139
0.49629,-1.75964,0.42364,0.20383,19.06454
0.28084,1.17316,4.12826,0.14628,-39.86221
0.98317,-2.58302,1.72989,0.4153,4.54482
1.98628,1.46001,3.03179,0.24698,-5.0984
1.80502,-1.4569,-1.98482,0.06765,5.44085
1.54749,1.01119,2.44321,0.10086,-5.4752
1.80343,2.34387,-3.60569,0.14829,-3.72914
1.8082,0.68871,2.49776,0.20158,-3.60197
1.13395,-1.80526,3.81559,0.29632,7.5352
0.76867,-2.83268,4.00232,0.48208,0.61455
1.58962,-2.86127,-3.8341,0.13096,1.90607
1.39099,-2.58357,3.29882,0.1642,3.45442
0.87258,0.50151,-3.90063,0.01198,-5.34347
0.37004,-0.95368,-0.21603,0.18628,21.91459
1.54422,-1.61411,1.82522,0.33754,6.0884
0.67243,-1.76365,-0.15751,0.48153,14.48619
1.88626,2.81852,-1.6009,0.37009,-1.48462
0.63375,-2.39505,1.83821,0.059,10.24213
0.42096,-1.22639,1.60879,0.44502,17.89508
1.696,-0.17921,0.82893,0.41934,0.91022
0.47591,-3.13877,0.28429,0.09451,-0.06041
0.52268,2.64493,2.0574,0.46717,-12.46133
1.27889,-2.51894,-0.96963,0.35705,4.68519
1.77421,1.1465,-4.31232,0.39141,-4.50272
0.55358,0.80969,0.37455,0.22957,-13.11179
0.75858,1.94191,2.23456,0.10034,-12.44132
1.59933,0.9512,-2.0084,0.39955,-4.67989
1.94929,1.69261,-3.59249,0.23872,-4.76961
1.10133,-0.49481,4.11841,0.48372,2.58739
0.45902,-0.07097,3.6375,0.07667,0.19192
0.22509,1.26708,1.18434,0.1777,-45.74281
0.61338,0.42994,2.86607,0.36777,-9.46785
0.43728,0.0725,4.68805,0.28614,-8.64044
1.41979,-1.85003,0.69259,0.21664,6.56743
0.4193,-1.51985,-2.55818,0.35081,28.47034
1.11139,-0.88909,1.38812,0.36668,6.44188
1.44967,-3.08326,4.14594,0.28865,-0.17491
1.24601,-0.51922,1.90148,0.15955,3.71127
0.5596,-3.1242,-4.7376,0.30938,4.98551
1.64742,0.4085,4.17133,0.27262,-2.78446
1.48773,1.28195,2.53675,0.39883,-6.77786
1.53017,0.39049,-0.98169,0.32673,-2.30333
0.4359,1.21592,4.87492,0.24839,-27.47522
0.42276,-3.14151,2.21679,0.00935,-0.11408
1.86961,-2.76811,3.25441,0.08347,1.83675
0.91564,1.24698,4.43167,0.1683,-11.04658
0.74171,1.90318,-4.60422,0.30069,-9.98577
1.07945,1.36786,2.7442,0.39618,-9.8345
1.39316,1.02424,-1.13654,0.47998,-5.73467
1.92012,1.30302,3.69075,0.2999,-5.2272
0.7156,1.50539,3.78896,0.36442,-16.37577
1.86466,1.40981,3.28618,0.31072,-5.48667
0.24475,1.49545,2.79201,0.21514,-49.99615
1.19936,-2.67651,2.94283,0.30484,3.04476
1.34116,-2.74405,-2.03447,0.20034,3.0585
0.39062,-0.87261,-0.93472,0.22682,20.62723
0.45261,0.1734,-3.84945,0.4555,4.8199
0.95441,1.65008,3.30592,0.28193,-11.26957
1.93922,-1.03856,1.46006,0.05021,4.3395
1.27288,-1.41298,1.12717,0.26188,7.42899
1.87944,1.76839,-2.53922,0.47663,-4.77544
1.64785,-1.57496,1.15036,0.05002,5.93197
1.04129,2.01591,-0.45448,0.48559,-8.29954
1.61257,-2.02863,4.95269,0.49382,4.5164
0.23211,-0.88295,3.63068,0.28036,13.76072
0.39646,-0.62156,0.25983,0.16622,14.13379
1.69297,-1.25971,3.08456,0.00432,5.51178
1.63427,-3.1205,-3.35495,0.00775,0.13634
0.61875,-1.66184,-3.986,0.19405,17.80906
1.15539,-1.02005,1.30651,0.39154,6.852
1.29083,-1.17103,2.26786,0.47119,6.35923
1.76193,1.7942,-4.46944,0.07739,-5.31798
1.28559,-2.84397,-2.99037,0.24388,2.67893
0.94263,-0.69776,0.37268,0.25086,6.58132
0.87353,-2.90588,-4.37183,0.19015,3.71217
0.96659,2.70584,-0.75947,0.26998,-4.06442
1.37348,1.82344,-0.1792,0.46251,-6.87179
1.76148,3.02951,4.2181,0.21926,-0.92097
1.01701,2.57711,-1.84324,0.06889,-5.03754
0.64611,-1.15728,-3.31332,0.33272,16.54421
0.62599,1.20375,-4.92492,0.01569,-14.43016
1.54283,-1.21546,-3.78392,0.47006,6.70848
1.66982,2.4392,2.50866,0.46994,-4.21823
0.3895,-0.56076,-0.55078,0.04607,13.5619
0.31981,-0.77982,-3.01275,0.27544,29.68287
1.26998,2.60167,4.33028,0.3987,-5.04138
0.46311,2.1158,2.87538,0.23229,-21.22817
1.6844,2.93056,-3.85635,0.23939,-0.89457
0.7586,-2.72384,-2.31043,0.4851,7.19411
0.45897,-1.61265,3.49441,0.11525,19.44336
1.85775,-1.25125,1.92432,0.26316,4.86654
0.49796,-0.47531,4.45545,0.05748,7.98233
0.7125,-0.16883,-4.23751,0.15122,3.57577
0.4765,-1.31022,2.75411,0.42545,14.73184
0.40788,1.82495,-4.23589,0.35822,-14.1577
0.23807,-1.73891,-1.63338,0.306,49.44498
0.29971,1.23475,2.50669,0.05694,-32.48976
0.51435,2.21023,2.1101,0.42535,-18.69695
0.29609,0.65156,-4.97882,0.14905,-11.62699
1.26406,-0.91635,-2.98057,0.26749,6.65619
1.42529,-1.96104,2.78574,0.11674,6.20528
0.90853,-2.29747,-3.73852,0.26037,9.24925
0.77238,1.5342,-1.73621,0.28107,-11.87444
1.10815,-0.19395,-3.1611,0.17023,2.14443
1.77501,-2.85056,-3.88545,0.25296,1.89781
1.73204,3.04005,3.36626,0.20303,-0.80193
0.27826,1.07633,-4.38658,0.34875,-11.27421
0.5267,2.16256,0.3605,0.27195,-15.81176
0.62614,-0.38837,1.92671,0.43904,3.77535
0.6489,2.86161,-4.4241,0.02482,-3.91696
1.22822,-1.88794,1.33427,0.01332,7.57708
0.94927,-1.97835,-1.65934,0.09427,9.6614
0.28866,2.45255,3.33545,0.05929,-23.98101
0.87251,2.46123,2.9766,0.26295,-8.10113
1.14276,-0.00616,2.93905,0.10007,-0.17233
0.38301,-2.35125,-1.01337,0.00802,18.25578
1.70023,-1.22386,3.22548,0.14131,5.26838
0.29353,1.59689,1.29982,0.2546,-37.25017
1.86472,2.17393,-1.21316,0.35713,-4.20804
0.3784,-0.95721,-4.1933,0.2192,27.61498
1.71843,-2.75685,-4.33181,0.48136,2.84869
1.82478,1.04129,-2.48598,0.09973,-4.56534
1.96323,1.5048,-2.00415,0.25703,-4.85235
1.64365,-0.47743,4.27528,0.12659,2.54215
1.60306,0.52212,4.99938,0.40333,-3.83658
1.35647,3.06225,-3.56326,0.09388,-0.39144
1.60219,-1.60222,4.42768,0.4808,5.29053
0.44219,0.45853,2.0654,0.3583,-13.60441
1.16492,0.69718,-0.01392,0.27843,-5.40405
1.1256,0.30855,4.54687,0.26617,-3.60188
1.74363,2.31931,2.13693,0.18124,-4.24971
1.03304,0.65978,0.93655,0.01051,-5.8299
0.89316,0.04957,-2.90473,0.45756,1.12181
1.35121,-2.36867,-2.55556,0.39747,5.62561
0.67963,1.2768,4.11502,0.06743,-14.41564
0.45158,-2.31154,-2.84961,0.06104,16.88426
1.06018,-2.97465,-4.67694,0.15405,2.1786
0.9504,-0.07206,-2.33773,0.38157,1.7307
0.61863,0.45519,-0.19444,0.25158,-6.84371
0.86152,3.13565,-1.18035,0.3271,0.45252
0.85951,1.33409,4.35803,0.0031,-11.11354
0.78949,2.19026,-0.81426,0.46185,-9.51356
0.88304,-0.96517,3.89053,0.08284,8.72023
1.43434,0.05601,0.94663,0.15945,-0.45626
0.73438,2.97992,0.24125,0.47358,-2.36211
1.90794,-0.51906,-3.39804,0.36645,2.89267
1.84943,1.93076,-2.28968,0.25553,-4.79332
1.06564,0.16329,3.67167,0.43146,-2.8916
0.79105,-1.7344,2.79957,0.03063,12.0986
1.16378,0.50529,-0.52577,0.03815,-4.06551
1.72741,-1.77147,4.09022,0.07758,5.45872
1.37466,-3.12257,3.19179,0.13229,-0.08772
1.64791,-1.65941,-3.87916,0.35451,6.43607
1.1589,-1.92803,1.0593,0.26621,7.72053
1.33925,-0.81103,2.98843,0.21302,4.95564
0.71868,2.44163,3.08344,0.39129,-11.12921
1.52281,-0.70464,-4.08659,0.15858,4.45236
0.56433,2.16888,-2.75389,0.04273,-13.99654
1.45064,0.34943,-0.86961,0.19838,-2.23324
1.74929,-3.09375,-2.48369,0.38321,0.57924
0.43779,-1.95572,-3.91062,0.23704,25.60525
1.30588,2.7098,1.288,0.48857,-3.51285
0.37117,0.65454,0.07473,0.42806,-16.32253
1.50629,2.69892,-3.4501,0.39548,-2.18838
0.35209,-1.19305,0.86382,0.38659,23.20419
1.88469,1.3607,-4.37985,0.29056,-4.73237
0.44733,1.70918,-1.16959,0.45057,-19.08673
1.92598,2.98891,2.92518,0.29494,-1.00726
1.64159,-3.02739,3.9005,0.18627,0.4114
1.26863,2.84149,-2.54765,0.09795,-2.13089
1.60872,-0.68116,3.59509,0.40655,3.27512
1.63121,2.12367,3.91758,0.18557,-5.39121
1.90285,0.28094,1.06882,0.39545,-1.54612
0.65609,0.40621,4.82178,0.4915,-11.41362
1.26214,-0.88355,-2.53824,0.19935,6.32581
0.37109,2.06385,-4.31026,0.17037,-17.95432
1.3091,-1.48275,3.43443,0.08505,7.29424
0.50832,-0.04875,-0.09069,0.23768,1.02384
1.21691,0.37809,-1.53546,0.32701,-2.63675
1.23037,1.5238,-4.44767,0.15639,-7.50489
1.03877,-0.17822,-4.35376,0.24283,2.65397
1.14074,1.13275,-4.09284,0.26854,-6.94313
1.57506,-0.0924,-3.16357,0.13762,0.75017
1.63864,1.00104,4.70401,0.01176,-5.06157
1.08588,1.09418,-2.18596,0.10781,-7.82746
1.27927,1.31596,3.17047,0.40157,-8.19877
1.87623,2.03135,-4.80586,0.13903,-4.49399
0.41552,0.25587,-1.78185,0.00691,-5.90374
0.41079,-1.92719,4.06192,0.21247,17.26583
0.35788,1.12872,-3.14959,0.34124,-16.38489
1.38415,-2.65705,-2.15976,0.3762,3.72544
0.95349,-1.76586,3.26515,0.20695,9.35011
1.59378,1.83568,-3.78608,0.28593,-5.51433
1.40822,-0.40797,-4.46817,0.37275,3.60369
0.80055,-0.01229,4.65977,0.44462,-3.08222
1.81706,3.06241,-0.95208,0.31995,-0.33481
1.57256,-1.66396,1.57871,0.34543,5.99067
0.68696,-3.01874,-3.72884,0.04934,2.13981
0.85555,-2.44182,-2.79823,0.21023,8.18854
0.76599,-1.60534,-0.40019,0.44448,13.10244
0.4837,1.4195,1.75153,0.08036,-20.65103
0.46601,1.73304,-2.06752,0.15498,-19.29911
1.88503,0.41148,3.84634,0.33898,-2.44842
0.98823,-1.53909,2.81144,0.45104,8.62342
0.88998,0.13661,0.51558,0.02952,-1.52034
1.51343,-3.04761,-0.40789,0.43525,0.68579
1.19539,1.14229,1.19543,0.11016,-7.55672
1.88505,0.71815,2.31663,0.43043,-3.70489
1.60454,-3.00464,-3.6505,0.44462,1.46512
1.06287,1.99184,3.52641,0.38774,-9.63403
0.87745,1.65516,-0.10597,0.46191,-11.07682
1.97594,-1.20497,4.35344,0.48058,4.10034
1.49197,0.8506,4.55542,0.46259,-5.8891
1.91215,0.6377,-4.69283,0.25656,-2.72505
0.41326,-2.24196,-1.15519,0.23184,20.15728
1.73096,-1.92731,0.26223,0.0526,5.3064
1.34673,1.15112,0.39595,0.10805,-6.67575
0.41946,2.72409,3.22393,0.32618,-15.45993
1.25886,0.47931,-3.58896,0.06367,-3.44955
1.43497,0.42608,1.22483,0.47119,-3.10579
0.22214,0.92163,4.42597,0.11352,-45.35927
1.01777,-0.37336,4.96691,0.04397,3.30484
1.68572,-2.80122,-4.89914,0.11762,2.14555
0.73165,-0.65029,4.72567,0.02446,7.90156
1.02539,2.51486,-3.7779,0.08304,-5.31275
0.99617,1.91604,0.36951,0.29384,-9.3761
0.74347,2.68558,-2.5363,0.14458,-5.14722
1.8532,-2.18132,1.06391,0.40058,4.21316
1.60633,0.03743,-4.62973,0.20237,0.13454
0.39906,0.53236,-2.61667,0.35698,-6.61179
1.99466,-1.82259,-1.99424,0.35415,4.94055
1.78256,-1.87886,4.15607,0.06789,5.15544
0.71104,1.77207,0.8363,0.02829,-13.56508
1.70641,1.07978,2.0821,0.421,-5.37071
0.39156,0.92481,1.76015,0.35043,-24.02877
1.99839,-1.46406,-1.07712,0.08749,4.90462
1.39823,0.04253,-4.85979,0.34,0.54682
1.37023,-2.99664,-3.92979,0.16473,1.37895
0.36279,-2.32512,-0.41192,0.02838,19.79398
1.81466,0.11467,4.41295,0.11438,-0.77185
0.2522,-1.19586,-2.51242,0.3779,51.12314
0.63349,2.92589,1.98319,0.19536,-4.2799
0.45744,-0.17917,3.26596,0.27243,-0.43028
1.59818,-2.61654,4.06785,0.06827,2.96809
0.55677,-3.02949,-2.06514,0.04633,2.27979
1.83915,1.41534,4.31283,0.11963,-5.42219
1.38128,-2.06398,1.07982,0.23627,6.122
0.26509,-1.96153,0.08407,0.4235,33.7101
0.20977,-0.47873,2.78393,0.3817,-2.60515
0.29298,-1.48245,-2.61287,0.08003,35.78855
1.29067,0.73248,3.1258,0.03574,-5.14976
1.64267,-0.0899,1.49963,0.11275,0.47348
0.6294,-2.44133,2.99366,0.42616,6.82362
1.72894,1.78908,3.55722,0.25792,-5.8463
0.30302,-0.46584,1.17347,0.40345,9.38559
1.64173,0.69639,-4.63265,0.18479,-3.51532
1.87003,-3.11682,-2.02252,0.29522,0.30067
1.5898,0.79419,3.7802,0.29737,-4.84625
1.45662,-1.36439,1.26957,0.31336,6.40433
1.70836,-0.03537,3.90056,0.23508,-0.11111
0.27227,-1.27096,-1.15471,0.11962,36.28585
0.56321,3.1181,0.04727,0.21424,-0.44112
0.42486,-1.69117,3.62592,0.48738,13.13261
1.10816,2.59407,2.62031,0.13606,-4.89869
1.54134,2.62616,-1.22499,0.36241,-2.9503
1.33402,-0.49637,-4.7737,0.47236,4.76918
1.73204,-1.23148,3.8034,0.28313,4.98197
0.47938,-0.74748,2.86357,0.24467,10.86234
1.52232,3.07461,-0.50839,0.06042,-0.41808
0.54747,0.74642,0.4624,0.37663,-12.74806
0.68737,0.28136,-2.95688,0.45575,-1.1106
1.47783,-2.91591,-0.87899,0.49034,1.68275
1.96437,2.18556,-3.36805,0.10083,-3.99161
1.30078,-2.61503,-2.8943,0.46003,4.57708
0.2981,-2.84646,3.46369,0.18513,2.356
1.30936,-1.41461,-1.37528,0.30958,7.64937
0.27623,-0.15212,3.14723,0.11183,0.76933
1.79146,2.48367,-0.261,0.12419,-3.3383
1.47724,1.82262,-4.29222,0.30948,-5.8226
0.51163,-1.89983,-1.38473,0.24242,19.42777
0.3651,-0.80375,-3.41727,0.4822,31.70698
0.53036,1.7608,1.93576,0.13223,-19.07401
1.96405,0.17023,4.11394,0.43902,-1.31435
1.02541,-2.04523,2.63076,0.23024,7.93422
1.61135,-0.6531,2.78438,0.06728,3.6273
1.34554,0.79128,3.61867,0.11956,-5.42456
1.23034,2.97336,2.76665,0.37785,-2.02562
0.46123,1.0167,0.68573,0.41332,-19.41888
1.90284,-3.03984,2.14276,0.01978,0.51199
0.74242,1.2881,-0.84045,0.20501,-12.37652
1.24043,-1.56536,-4.29212,0.24709,8.59767
1.4596,2.27551,2.0558,0.30752,-5.4168
1.36862,-0.72954,2.21661,0.32531,4.39258
1.89307,-1.88737,-2.76277,0.41528,5.24469
0.46719,-0.20139,4.53942,0.13669,1.35739
1.11503,-1.53814,-4.47489,0.05596,8.99466
0.92726,-1.65988,2.35959,0.09324,10.28169
1.0535,0.46032,4.68478,0.46842,-6.11382
0.41459,1.67979,-1.9085,0.27334,-20.48646
0.44137,2.10458,4.12465,0.10955,-21.45374
0.70054,-0.64296,3.26436,0.39293,5.78237
0.74847,-2.72185,2.44109,0.2935,4.06237
0.97023,-0.10069,4.53792,0.18366,0.13095
1.29978,-0.41606,1.54057,0.00915,3.04205
1.34233,-1.90394,-0.05119,0.39139,6.91749
0.94126,2.48905,1.75681,0.35872,-7.03975
0.93581,2.97916,-0.88176,0.13105,-1.56332
0.59173,-2.81646,-1.75113,0.13281,5.96001
1.25895,1.85823,-4.17754,0.13574,-7.11474
0.77067,0.91556,-1.21991,0.33521,-9.4045
0.26491,-1.49894,3.03195,0.14709,30.58125
0.95312,0.84921,4.45436,0.15518,-8.4881
1.05344,-2.3333,4.75152,0.18831,5.92755
0.60607,-2.7055,-2.93474,0.4901,10.75288
1.23042,3.10068,0.71432,0.23005,-0.43462
1.21839,0.85684,0.75748,0.18869,-6.18149
1.4636,-1.55055,-3.23952,0.23501,7.05666
1.36631,-0.31395,0.81628,0.3596,2.06002
1.37438,2.82799,-1.37237,0.44185,-1.88091
0.76919,-0.385,4.42406,0.4954,1.08542
1.61738,2.51607,-2.44798,0.24303,-3.32399
1.18846,2.3173,3.34961,0.23007,-6.60491
0.97655,-0.97919,3.96856,0.16516,7.651
1.32682,1.23156,2.35872,0.38955,-7.49417
0.84918,1.00844,-2.85323,0.32779,-8.47627
1.12293,1.70407,-2.39631,0.18168,-8.31333
1.52607,-0.84239,4.71118,0.25927,4.27253
1.79553,-2.81338,-4.24171,0.10291,1.89659
1.8579,-2.06692,-3.82914,0.347,5.02847
1.10654,0.73233,4.7857,0.12606,-6.4202
1.1365,1.72851,2.76895,0.17477,-8.89935
1.63977,1.6088,2.46384,0.03406,-6.00945
0.76601,0.52579,-3.39792,0.10994,-5.79093
1.70729,-2.60904,-0.11061,0.09744,2.92111
1.08945,-3.03297,3.40763,0.36765,-0.07932
0.40854,1.77275,-1.71129,0.34723,-19.96402
0.32971,0.31024,-3.07235,0.26907,-1.47874
1.71559,1.77633,-4.89055,0.19353,-5.27623
0.30002,-2.11876,1.22542,0.44471,21.85603
0.7051,-0.58168,-2.0619,0.44204,9.47739
0.80143,2.63372,3.63672,0.30142,-7.65949
0.51139,-2.06341,-2.16482,0.32897,19.62534
0.76501,-2.75501,-3.48424,0.39823,7.20563
1.53685,0.96426,4.60448,0.36139,-5.94914
0.22643,0.59399,4.64777,0.11245,-34.44161
1.68891,2.84019,1.85024,0.25168,-1.88755
1.74179,2.55392,4.28386,0.07594,-3.22986
0.87007,1.56722,-3.38166,0.40469,-9.4671
0.4765,-3.02122,-0.39659,0.32679,3.0429
1.28151,-0.12323,-2.95841,0.48955,1.82283
0.41541,2.48878,-0.21217,0.06825,-14.26046
0.85685,-0.41688,2.91178,0.25507,3.62417
1.92517,2.90375,3.44928,0.36201,-1.53748
1.99184,0.95811,-4.95836,0.43367,-3.48727
1.58979,-2.45385,-1.10497,0.4267,4.10362
0.75973,0.05826,4.94069,0.101,-1.61638
1.4378,1.2291,0.89315,0.49116,-6.64069
1.46973,-2.73087,-2.03804,0.49067,3.12798
0.89812,-0.9761,-1.11006,0.48453,9.71441
1.3536,1.36396,-1.77436,0.30681,-6.79575
0.21931,-2.15468,-0.52402,0.41597,41.85241
0.5763,-0.95291,-0.55513,0.03802,13.93846
1.14516,1.19324,0.06863,0.12773,-7.96983
0.49475,1.73127,-0.35494,0.046,-19.50663
0.49863,0.11631,0.16114,0.25278,-2.44699
1.70535,2.87052,-4.72011,0.48237,-0.75742
1.98044,2.67243,-4.45573,0.32459,-1.87089
1.20074,-0.1669,-1.28856,0.23063,1.56335
1.71033,-2.13456,3.84942,0.39642,4.32648
1.98258,1.71488,2.90832,0.27517,-5.10043
0.45487,-1.6139,-3.89846,0.22882,25.85781
1.00684,2.15401,-0.05169,0.31466,-8.11669
0.90663,0.54754,1.04587,0.2559,-5.95855
0.34409,-0.66543,-0.18811,0.32077,18.11177
1.55959,0.35427,1.97567,0.40132,-2.50803
0.9808,0.20614,4.97263,0.23121,-3.24245
1.04479,2.66868,-4.03526,0.20751,-3.50966
0.47121,-1.79471,0.15534,0.27933,20.10354
0.52567,2.6902,0.12371,0.45238,-8.34326
1.83279,-2.94467,0.62379,0.21149,1.00795
0.28037,1.69145,-3.33033,0.42387,-16.77695
0.61913,2.63685,1.38358,0.30858,-8.77597
0.72571,-0.66569,-4.55659,0.0062,8.40228
1.08236,-2.6825,2.41123,0.2381,3.52632
1.2556,1.91428,1.6316,0.10527,-7.46555
1.08792,2.15428,-1.69576,0.07518,-7.41755
0.35141,-1.02883,4.88989,0.11722,19.27404
0.6386,0.11683,3.28778,0.35621,-4.66232
1.71846,1.94445,0.39536,0.31369,-5.3567
1.34766,-1.93495,4.9051,0.26843,6.07699
1.36847,0.81038,3.30091,0.24763,-5.63049
1.40637,-0.43586,-3.62023,0.19459,3.30113
1.57323,-2.04571,0.91061,0.44328,5.38244
0.3046,2.0825,0.80858,0.46623,-32.1446
0.8599,-1.10156,1.52945,0.38222,9.3847
1.17115,2.72958,4.40757,0.14411,-3.81746
0.80922,0.43312,-0.07968,0.45693,-5.03243
1.72006,0.09117,-4.22619,0.40957,0.0658
1.06863,-0.48188,-0.20669,0.06201,4.26567
1.58353,-0.6241,2.87794,0.17084,3.42411
1.73363,1.99784,-1.41391,0.1638,-5.07341
1.10862,1.11527,-4.72895,0.36502,-6.54201
1.83719,1.71965,-1.96757,0.26195,-5.12792
1.25682,-0.49584,1.8215,0.13344,3.55972
1.73049,-1.49893,-4.13991,0.1154,5.8138
0.81306,-2.5958,-1.24035,0.22875,6.69232
1.09787,1.73828,-3.66869,0.33298,-7.79694
1.15654,-0.53233,-0.24071,0.25436,4.35088
0.38896,0.05795,-3.58487,0.13052,1.63176
0.91739,-0.19262,-3.90963,0.30999,3.4871
1.85121,-0.43267,1.97799,0.49946,1.93369
1.3355,1.15548,-3.41998,0.08833,-6.55172
0.51951,0.6832,-3.45204,0.2642,-8.54121
0.80994,2.966,0.92519,0.18783,-2.38075
0.54489,-2.26883,-4.56406,0.10921,15.47158
0.24468,0.46194,-4.67007,0.43775,16.2776
1.86943,-2.74424,-0.68554,0.47889,2.12463
1.00677,1.93471,-1.34905,0.1751,-8.87283
0.75356,0.73081,0.44619,0.17365,-8.82567
1.27726,-0.45001,4.93485,0.04588,3.20203
0.21317,1.899,-0.65294,0.30888,-39.12567
0.70044,-0.28273,0.76058,0.01327,3.88661
1.46546,-1.71037,4.19244,0.24811,6.1447
1.34079,-0.17278,-0.16821,0.07641,1.26505
1.96725,-2.69654,2.81121,0.33616,1.90258
1.31664,2.49984,0.48653,0.46446,-4.59041
1.05951,1.45115,1.37207,0.04439,-9.24706
1.57058,1.63561,4.32502,0.38887,-6.91482
1.82599,2.35301,-4.99296,0.41528,-3.18907
1.49725,1.832,4.0094,0.0881,-6.48732
1.93378,-0.42818,-0.02308,0.46132,2.10924
1.60761,-2.39618,1.06764,0.31046,4.01074
1.76024,-0.79567,-0.49942,0.26747,4.02417
0.40539,2.72743,-2.39081,0.33571,-4.8543
1.51834,2.82172,-4.33993,0.14405,-1.76045
0.99216,1.68308,4.45126,0.01271,-9.88271
1.19559,-1.85712,1.23876,0.22103,7.67959
1.37738,-1.91983,3.73471,0.37167,5.9611
1.94567,2.38617,-2.09192,0.45933,-3.20292
1.97224,-2.24991,-2.22001,0.21505,3.99319
0.71881,0.52865,-1.64216,0.13182,-6.46443
1.52076,-0.76497,-2.68962,0.06565,4.54357
1.54997,-1.244,-0.02029,0.46775,5.99814
0.82369,1.11452,4.36242,0.11547,-11.43397
0.42297,2.88756,3.76063,0.45554,-15.4045
0.2737,1.74442,-0.049,0.09188,-35.24258
1.59922,-0.08694,-1.51238,0.00907,0.53802
1.08146,-0.37252,1.11688,0.11211,3.19449
1.97397,2.56143,1.12258,0.24639,-2.79516
1.03695,0.49076,1.83764,0.17435,-4.75664
1.96025,-0.02112,0.356,0.45386,0.06363
0.94084,1.14879,-4.73245,0.27254,-8.05503
1.62863,-1.65151,-4.23953,0.05888,6.09798
0.35267,-2.74113,4.73775,0.31267,-1.0659
1.19983,2.23123,2.46235,0.19447,-6.78955
1.64371,0.67395,4.48247,0.33947,-4.28781
1.86446,-2.10564,-1.60474,0.39309,4.70825
1.68065,-1.2689,0.34949,0.49278,5.51208
0.26655,3.07834,-1.78048,0.28832,4.89922
0.87086,0.84461,4.08935,0.18338,-9.41149
0.28766,0.85522,-2.12267,0.2168,-20.17659
0.39671,-2.68817,1.93811,0.20131,8.35293
1.41555,2.94676,-3.24944,0.22527,-0.97638
1.48386,2.46793,-3.94749,0.01503,-4.09743
1.5927,0.30023,-3.44365,0.12366,-1.65367
1.75782,-1.19764,0.29455,0.49388,5.14964
1.53098,1.24442,3.44541,0.46401,-6.75148
1.64157,2.09465,4.9928,0.02414,-5.21932
0.28813,1.79775,1.22683,0.48979,-40.41122
0.62216,2.99738,0.33604,0.39598,-2.60981
1.31942,0.85989,2.86883,0.00137,-5.63636
1.74463,-1.12327,-4.36256,0.45673,5.72388
0.2081,-0.01302,3.09397,0.48018,-33.69294
1.12633,1.98748,2.5838,0.31438,-8.60474
1.41912,-1.4744,0.29542,0.39416,6.82283
0.25329,-1.68761,-4.77013,0.16627,50.82782
0.92244,1.41268,-2.97803,0.28616,-9.50064
1.81214,-0.34917,-1.30287,0.36577,1.99718
1.4089,1.98907,4.41222,0.28063,-6.98638
0.62779,-2.2388,1.38489,0.1523,11.73243
1.73501,-1.03235,0.10093,0.3246,4.84325
0.82646,-1.45707,-0.11574,0.41921,11.86431
1.73602,1.24324,2.79976,0.418,-5.73873
0.7381,1.62941,-1.7637,0.06609,-13.05414
1.26258,-0.27644,-4.05475,0.22271,2.68715
0.91449,-0.13805,1.77043,0.01937,1.43515
0.69469,-2.31201,-1.70984,0.31638,11.53767
1.7958,1.26812,-1.74407,0.12108,-5.14893
0.53767,3.09332,-0.45285,0.46518,-0.15167
0.35266,1.74623,-2.57266,0.30913,-20.99561
0.81547,-1.73974,4.21703,0.20031,10.58837
1.49175,0.7736,3.4697,0.36573,-5.16513
1.65338,-1.28832,4.91088,0.1037,5.51189
1.99774,-2.95199,4.64549,0.04572,0.87228
0.73345,-2.01173,-1.85545,0.04369,12.24651
0.9343,-2.49698,-1.19402,0.2914,6.70788
0.44628,-1.91051,1.98258,0.44443,16.30141
1.23477,1.85734,-4.84154,0.11138,-7.26719
1.99564,-1.30167,4.93889,0.38002,4.26749
1.46159,1.61503,-4.89157,0.01881,-6.66225
1.27138,2.82029,0.31486,0.17667,-2.47117
0.90626,0.46667,1.687,0.32686,-5.54157
1.84754,-0.09168,4.14146,0.41313,-0.01513
1.09445,1.5716,1.44136,0.4716,-9.53089
0.44186,-2.53156,0.96969,0.31629,11.14833
0.85768,-0.45106,-1.99641,0.23134,5.61377
0.3209,-0.00739,0.90921,0.03032,-0.04192
0.56356,2.08006,2.49702,0.13782,-16.28184
0.2318,1.97429,0.15592,0.46156,-40.26107
1.0159,2.18822,2.79635,0.29145,-8.66328
1.34217,1.24327,-4.30387,0.17134,-6.51116
0.81793,0.19199,-1.64623,0.12441,-1.9824
0.95669,2.06013,4.59814,0.05683,-9.33629
1.92658,2.3454,-1.76556,0.3758,-3.46043
1.55353,-0.12262,1.21855,0.20619,0.66825
1.17354,3.0515,0.19885,0.46827,-0.81967
0.71217,2.35505,4.36624,0.2272,-11.70718
1.81459,0.06578,-3.37228,0.40919,0.06369
0.62317,-2.70625,-2.00612,0.06512,6.97517
0.78562,-1.73107,3.62377,0.07545,11.88395
1.83632,1.73666,1.66203,0.13661,-5.33623
1.15318,-2.44319,0.43049,0.09562,5.43897
1.53617,-0.18975,-1.051,0.48837,1.422
1.26334,0.65881,-0.88685,0.40407,-4.52908
1.37619,2.37722,4.34923,0.17421,-5.33347
0.73889,2.18098,1.71076,0.25991,-11.69523
0.63447,1.66051,4.29098,0.26662,-18.24162
0.78049,-0.57997,4.72186,0.3036,4.53452
0.47979,-2.24781,0.47008,0.05181,15.83091
1.77377,1.06594,1.09889,0.17449,-4.90157
0.70984,-2.00252,1.56365,0.04296,12.41855
1.21068,0.38525,3.39169,0.45953,-4.10833
1.62555,3.02019,1.59072,0.20173,-0.85229
1.61088,0.31611,-3.85353,0.36351,-1.35331
0.9891,0.91456,4.4243,0.46041,-9.94027
1.05726,1.11574,1.60934,0.15472,-8.55719
1.99046,2.07589,3.69917,0.04392,-4.35408
1.41428,-0.40853,-0.75262,0.16811,2.81881
1.66635,-0.01565,-0.25284,0.33549,0.12265
1.8246,-2.03593,1.88856,0.2499,4.66358
1.61766,0.72055,2.76404,0.03748,-4.04083
0.53332,-1.28329,-4.21541,0.0351,18.15928
1.21191,0.04791,-0.92657,0.34978,-0.16698
0.38341,1.67483,2.69856,0.36827,-32.20835
1.37526,-3.0312,4.92236,0.05475,0.64337
1.91963,0.40159,-4.88358,0.39736,-1.47096
1.12292,-2.05181,-2.35192,0.17278,8.06713
0.97935,-1.38618,-0.35151,0.0341,9.85911
0.26452,-2.92348,-2.77058,0.16693,14.63492
1.92759,-2.07683,-4.73078,0.36524,4.91646
0.3854,3.05758,0.39543,0.32789,-3.00875
0.27394,3.13231,1.49399,0.24074,-5.12495
0.64292,1.38135,-0.83938,0.13983,-14.70156
0.31795,0.70282,-1.30122,0.20897,-17.2531
1.01921,1.74049,4.85611,0.19081,-10.37881
1.12896,2.49162,-0.22471,0.19501,-5.22412
0.76263,0.1213,2.98069,0.24485,-2.81132
0.29173,-2.9199,-2.12826,0.22764,13.08677
0.40088,1.31567,3.30188,0.05123,-24.73172
0.89211,3.04485,3.237,0.14508,-1.6523
0.30895,-1.5202,-2.32298,0.06455,33.28301
1.45674,-0.22955,1.55855,0.30105,1.31121
0.57264,-0.87164,1.82015,0.21141,11.93855
0.74373,-0.68821,-0.57384,0.33596,8.72646
0.90943,1.3911,2.7378,0.0438,-10.75832
0.9499,-0.76401,-1.93115,0.17245,7.51383
0.20299,2.77141,-0.15728,0.09018,-17.13991
0.40173,1.81998,4.90152,0.04604,-25.06381
1.75298,-2.96788,-3.21324,0.38672,1.37162
0.20222,2.0015,-3.52217,0.06547,-38.44223
1.1147,1.71441,-3.57801,0.08746,-8.45812
1.0811,0.10363,4.98109,0.18339,-1.72025
0.79957,-0.02,-3.40087,0.14638,1.02401
0.97639,2.10818,-3.09761,0.45991,-7.13674
1.60505,-0.47259,1.94787,0.49432,2.40836
1.71417,-2.13966,2.59497,0.2112,4.6351
0.66863,-1.17559,0.27061,0.10057,13.48003
0.78048,-1.47528,4.82669,0.24906,10.53843
0.63647,1.13763,-4.61091,0.24783,-11.16866
1.06375,-2.0177,1.20821,0.23302,8.06756
1.42987,0.90963,1.06469,0.01017,-5.42036
0.61086,-0.21384,-1.78755,0.06419,3.71547
0.79532,2.13415,3.9944,0.0705,-10.87372
1.87469,-0.09426,0.52882,0.17588,0.46603
0.28742,2.70054,-2.5366,0.29039,-5.65374
1.02939,2.51622,-4.11641,0.43892,-3.87372
1.4808,-1.9774,-3.92881,0.11168,6.28476
0.47082,1.16972,3.97329,0.3856,-26.09423
0.28527,-1.79307,-2.49691,0.1131,37.01236
0.44877,2.03138,4.07005,0.01631,-19.9114
1.85388,0.85277,-3.79882,0.32493,-3.626
0.21667,-1.2936,4.83935,0.10732,32.4855
0.53898,-1.5763,3.33349,0.45983,12.92424
0.25631,-0.44248,-3.83771,0.46671,43.65193
0.39913,1.8895,-4.13943,0.05252,-21.97601
1.31627,1.86084,3.03437,0.09736,-7.31211
0.63495,-2.93188,-4.21934,0.10521,4.31737
1.22458,-1.24227,-2.37819,0.45572,8.30517
1.26235,-0.48474,3.0125,0.03901,3.54748
1.72898,0.53773,4.0758,0.37558,-3.41815
0.20853,-2.20209,2.67652,0.14385,29.12206
1.73607,-1.03495,3.89893,0.29122,4.48195
1.31441,2.42278,0.59888,0.08864,-4.94533
0.49294,-0.14736,2.79611,0.40326,-1.7185
1.59129,1.534,-1.55814,0.33539,-5.95427
1.73988,-0.09564,2.85214,0.01057,0.52846
0.65767,-0.22002,1.79741,0.11857,2.76276
1.85383,0.76608,0.7483,0.23318,-3.71963
1.01802,-1.51196,4.92301,0.26559,8.35804
1.28616,-1.57204,-0.3022,0.41364,7.70289
1.97237,3.0747,1.19247,0.19348,-0.39176
0.85076,2.31845,0.09906,0.46342,-8.51884
1.66369,1.49386,-2.39489,0.09694,-5.79522
0.77312,-2.27989,-1.69635,0.42886,10.84739
1.63858,-2.95169,4.78786,0.45215,0.32385
1.28132,-2.03944,-1.0789,0.31334,7.03659
0.58944,2.75034,1.79406,0.48376,-8.84463
0.94525,1.98731,0.67097,0.20529,-9.64513
0.77174,0.14499,3.89805,0.34964,-4.12495
0.3406,2.94544,2.5769,0.00505,-5.72582
0.2537,-2.22059,-4.19349,0.13734,39.7352
0.82366,0.37165,-1.44558,0.28318,-3.72186
0.23426,-1.99037,2.11914,0.43797,21.33185
0.49788,-1.21624,-3.38643,0.47646,24.98727
1.50533,2.76545,0.03439,0.28972,-2.39827
1.47456,2.31396,-1.82231,0.42794,-4.54002
1.52944,-2.50197,-4.35246,0.39962,4.57206
0.77088,-1.57366,4.97146,0.38684,9.48948
1.80204,0.59381,4.29365,0.05573,-3.11963
1.26889,-2.7561,2.47526,0.23932,2.5391
0.42685,0.31469,-2.98974,0.24313,-3.12402
0.45869,0.53088,4.88526,0.39373,-19.96988
1.44757,-1.31339,1.30792,0.29305,6.37068
0.5113,-1.29985,4.66075,0.40993,11.17822
1.11313,-1.70225,-4.57421,0.47823,10.50245
1.98519,2.73744,-3.26529,0.27733,-1.71347
0.20721,-0.69824,1.77247,0.39586,14.09418
0.22984,0.53576,4.0718,0.28028,-43.39153
1.98755,-1.24674,-3.24218,0.31285,4.9356
1.25235,1.27338,-1.82902,0.238,-7.2118
0.42844,-2.50422,0.88177,0.4798,11.32096
1.81514,-2.69146,4.99661,0.40879,1.73151
1.78468,1.53488,2.99665,0.37597,-5.84695
1.16516,1.4242,4.23563,0.16479,-8.84327
1.31923,-1.47654,1.75013,0.24271,7.1591
0.69174,-0.91077,3.77371,0.43145,7.8005
0.29094,2.87305,0.07045,0.46819,-9.3361
1.27022,-2.48607,-3.75841,0.49878,5.86965
0.73056,-1.99085,2.09557,0.36721,10.81893
1.39452,-0.43958,1.01475,0.36542,2.80301
1.70524,-1.36911,-0.1465,0.04694,5.63861
0.23269,0.93625,-2.25009,0.37577,-18.3365
1.27228,1.19759,2.84203,0.17337,-7.48415
0.6163,0.1658,3.2041,0.43231,-6.27386
1.773,0.69867,-1.35814,0.00563,-3.55641
0.6566,-0.41833,4.27767,0.46719,1.43382
1.29939,1.63606,-1.30258,0.24194,-7.34699
1.19637,-2.87708,-3.92438,0.06398,2.31916
0.9131,-1.17564,-3.33472,0.3005,11.11757
1.41972,1.15881,-0.05485,0.34602,-6.32224
1.50639,-1.07037,-4.20137,0.3899,6.43562
1.22049,-2.64814,2.18413,0.35092,3.29269
1.56516,-0.97381,2.95096,0.27669,4.85032
1.97015,1.32886,0.49468,0.04097,-4.83952
0.95469,-2.37514,3.93348,0.43145,5.26498
1.12625,1.4114,4.54286,0.4917,-10.36092
0.22245,1.73074,-0.52419,0.389,-39.41684
1.63285,0.85012,-4.10873,0.01737,-4.48732
1.13641,-1.60702,-2.68736,0.37785,9.41302
0.93433,1.91823,1.57616,0.13482,-10.11558
0.36933,-1.79421,-0.94216,0.48105,29.22415
1.80138,2.54985,1.85009,0.03175,-3.05584
0.91101,1.29839,1.66735,0.04613,-10.46385
1.42865,-2.79778,1.05368,0.09069,2.2678
0.46887,1.88048,-3.42167,0.37658,-14.06607
1.93079,0.04042,-2.14085,0.3257,-0.01829
0.5212,-0.29752,-1.22138,0.36362,7.15255
0.55918,-0.49944,3.24418,0.17694,6.56645
1.74617,0.66998,1.82223,0.43979,-3.75143
1.84265,1.41107,1.44934,0.22313,-5.35133
0.58187,2.48799,1.72137,0.06706,-10.59235
1.04564,-1.42663,0.03202,0.38374,9.27323
1.52029,0.82169,-4.60368,0.26477,-4.19794
1.78106,1.17083,-2.98879,0.29671,-4.79368
0.88229,1.09828,-3.59698,0.19256,-9.01065
1.13064,-0.04398,-4.36003,0.35536,1.59349
1.53509,-0.68473,-1.80523,0.01778,4.05537
1.51604,1.64857,2.8773,0.24559,-6.75867
1.60933,-1.25658,-3.84868,0.21358,6.11463
1.22588,-1.83436,-3.88577,0.37324,8.69117
0.38831,0.28795,-3.75736,0.13293,-3.86199
1.82715,-1.46014,-2.30178,0.11686,5.41674
1.75803,-2.93278,-2.97793,0.15992,1.31082
1.63658,-2.81753,-4.86039,0.24027,2.34468
0.37975,1.22529,-2.23498,0.10494,-22.67967
0.56792,2.97286,4.96294,0.3421,-8.16495
1.53848,-0.2847,-1.63514,0.16581,1.90549
0.24165,-2.21758,-2.88741,0.21076,42.81761
1.9626,1.99858,-0.04286,0.2788,-4.54494
0.87886,-1.49894,-2.70632,0.18844,11.79363
1.49476,3.11411,0.59645,0.35061,-0.27392
1.79763,0.3975,-0.99344,0.3281,-2.01169
0.91033,-1.67992,3.96841,0.37842,8.90005
0.77444,-0.0251,4.27919,0.2615,-1.54784
1.29573,-1.03433,2.13061,0.18371,6.27429
1.24578,1.75597,-2.84306,0.10056,-7.55573
0.93645,-2.47673,-0.26101,0.21844,6.528
1.28319,2.24311,-1.94577,0.43651,-5.46546
1.88369,1.67973,2.98277,0.06051,-5.22787
1.04175,2.27052,-4.70826,0.1077,-6.73684
0.55414,2.48182,1.62492,0.33262,-12.61114
0.87897,-1.69786,-1.76773,0.28748,11.72857
0.90939,0.13198,-0.18995,0.45809,-1.31441
0.436,2.19863,-1.77005,0.01452,-18.07435
0.49317,-0.77039,-1.3521,0.43926,16.29495
1.43221,-2.76204,1.74363,0.36274,2.22944
0.81106,-1.3092,0.95494,0.38776,11.12088
1.91882,-1.62156,-2.55911,0.18933,5.23754
0.63847,2.32517,-4.56362,0.15366,-9.47604
0.37806,-0.22716,3.56022,0.00719,5.66472
1.55631,1.15324,-0.07693,0.3937,-5.74931
1.78586,2.90358,1.1873,0.08078,-1.3252
0.7006,-1.26174,-0.11501,0.11306,13.36528
0.56376,1.64117,1.1894,0.13828,-17.87549
0.53438,-2.99856,1.26972,0.43484,0.68332
1.13962,-2.48741,-4.84959,0.14395,5.77564
1.04315,-2.12456,0.33259,0.21284,7.93369
0.66699,-1.17861,0.02108,0.37367,13.57344
0.28131,-0.60955,-4.04182,0.44614,42.7504
1.06668,-0.14441,2.45882,0.39559,0.46865
1.9268,-1.60013,-2.64141,0.26771,5.27963
1.37453,-2.72555,-4.45475,0.00109,2.88693
1.09191,1.11541,3.03159,0.07892,-8.26934
0.39925,-2.99292,3.65132,0.1268,0.7349
0.65439,1.94446,-2.59305,0.20688,-12.70395
0.73059,2.69646,1.87546,0.18109,-6.41787
1.57665,1.32179,-4.95049,0.2572,-5.51794
1.77808,0.60294,2.2115,0.20601,-3.27271
1.82296,0.98658,-0.3518,0.36303,-4.4504
1.97222,0.95644,2.92483,0.02612,-4.08418
1.96826,2.71248,-1.06966,0.49736,-1.93636
1.9154,2.91732,-1.48924,0.42153,-0.96793
0.32928,-0.46048,3.40785,0.16748,7.97509
0.44803,0.73563,-4.61353,0.1984,-10.13335
0.74804,1.90259,-3.12835,0.48185,-9.70511
1.19522,-3.13507,-0.87871,0.4679,0.34135
0.37456,0.16975,0.96338,0.19659,-5.77437
1.72243,0.96055,-4.94887,0.02981,-4.61772
1.31016,1.36474,0.75148,0.49398,-7.5455
1.17626,-0.82442,-1.21507,0.32688,6.40993
0.49756,-1.284,1.30002,0.3465,17.09137
0.65586,-1.99716,4.06974,0.1373,12.31943
0.48856,0.36327,-0.59128,0.40935,-6.12074
1.73348,2.63456,0.54579,0.27874,-2.79862
1.25161,2.488,-0.3721,0.23512,-4.7099
1.52323,-0.87986,-3.81478,0.3706,5.57249
0.73286,-1.52144,2.93113,0.18595,12.35481
0.86825,1.81455,3.85196,0.2147,-12.06159
0.92874,1.41359,3.11467,0.32616,-11.61022
1.56803,0.03355,4.47597,0.31979,-0.79203
1.59024,-0.69724,-0.31971,0.48559,4.02248
0.57226,-2.36375,1.52322,0.28143,10.72065
1.89477,1.79158,-3.31658,0.16049,-4.90347
0.41718,0.73805,4.76808,0.14372,-19.75947
1.81302,-0.77358,0.80554,0.26701,3.71512
0.38071,2.63132,-2.38337,0.05978,-11.60219
0.67617,1.00325,3.05374,0.29405,-14.19761
1.72366,2.69699,0.86491,0.19513,-2.50467
0.52309,-0.16077,4.49675,0.176,0.10972
0.94442,-0.28514,2.69977,0.09624,2.63061
1.00975,2.74726,3.77265,0.24771,-4.64914
0.64147,2.88895,0.4665,0.01882,-3.84398
1.47844,2.89509,0.17308,0.30359,-1.64318
1.7324,2.00369,2.57326,0.14277,-5.26272
1.77424,-0.23621,-3.94986,0.45254,1.86174
0.81078,-1.82024,-4.45968,0.26318,13.51044
1.15553,-0.73236,4.83702,0.39029,4.26253
0.64713,2.7539,4.16296,0.42559,-9.96163
0.64063,-0.85731,4.55661,0.43949,6.69846
0.49026,1.613,-4.37636,0.43532,-12.06581
1.89203,2.65781,-2.30699,0.11273,-2.33898
1.79838,2.95556,4.01542,0.15166,-1.19723
1.59925,2.81282,-4.1052,0.35397,-1.41245
1.13179,0.34594,-0.48565,0.26881,-2.83711
1.08309,-0.05102,-1.58709,0.30467,0.87408
1.15354,3.06394,3.7985,0.33886,-1.62707
1.16582,-1.77073,0.18076,0.05713,8.23944
0.98221,-1.96331,-2.09626,0.08415,9.41096
0.43716,2.91026,0.24301,0.31892,-5.55054
0.42619,1.18875,-3.87554,0.31269,-14.68662
1.91405,0.2281,2.31203,0.40872,-1.41692
1.06766,-2.3119,1.18338,0.34689,6.41835
1.91577,0.08319,1.00709,0.10384,-0.45399
0.49444,2.79112,-0.62156,0.03504,-6.72299
1.19795,0.64649,-2.05756,0.19551,-4.65261
0.57389,-0.59924,-4.34619,0.18564,12.09082
0.65573,0.32109,4.47033,0.38371,-8.71071
0.2541,2.42622,-0.83446,0.33574,-20.98314
0.41412,2.594,-0.04078,0.4361,-12.22949
1.85033,-0.62776,-1.24233,0.25213,3.20541
0.77876,0.67897,4.87877,0.14435,-9.07199
1.29463,-1.38731,2.96172,0.25213,7.00472
1.03703,-0.30734,-4.0424,0.10775,3.26683
0.92081,-1.76003,1.08175,0.03027,10.42484
1.15739,0.19775,-0.15365,0.24984,-1.63652
0.53703,0.4916,2.93352,0.2068,-10.72624
1.97949,-1.0189,4.97316,0.01611,4.1996
1.67295,-1.43182,2.44307,0.36064,5.49254
1.53491,-2.19267,3.64929,0.32218,4.6957
1.04377,-2.26481,0.02636,0.0369,7.22369
0.47518,1.32865,-1.26402,0.35501,-18.05517
1.8572,-1.749,1.4328,0.04141,5.1813
0.8145,-2.40032,2.49418,0.25883,7.15948
0.29019,3.1345,-2.72466,0.31112,9.82674
0.81633,-1.50849,0.03387,0.24949,11.98125
1.63002,2.48844,-3.86209,0.3737,-3.11407
1.32088,0.68604,-2.83647,0.19278,-4.39133
1.55151,1.35133,3.81859,0.10648,-6.34012
1.62854,0.38276,-3.55268,0.2432,-1.92402
0.58152,-2.00552,3.11348,0.17112,13.72502
1.86281,2.18059,-1.27404,0.07564,-4.28931
0.98838,2.06071,1.63521,0.23554,-9.15209
1.35022,-0.94445,4.10326,0.10072,5.65963
0.20416,1.65782,2.80899,0.23515,-63.71745
1.98806,0.27043,3.25941,0.29626,-1.56254
0.70561,2.57013,-2.38851,0.3911,-5.64329
0.31171,1.9027,-1.38325,0.42658,-23.68073
1.02487,-2.88401,2.32792,0.33408,1.69798
0.43225,2.38306,2.77235,0.44677,-22.23998
0.47419,2.94409,2.90052,0.27889,-7.65705
1.33811,1.52151,2.40108,0.35522,-7.79868
0.90727,-2.38815,-2.68377,0.38518,8.65335
1.85933,1.9313,-2.10913,0.41242,-4.68532
0.77448,0.9267,4.42041,0.37593,-12.89911
1.50712,-1.01268,0.5386,0.45121,5.41438
1.02998,2.41294,2.5445,0.23643,-6.90912
1.38791,0.41197,0.99196,0.47674,-3.07569
1.27945,2.21751,4.24502,0.20014,-6.63807
1.05101,1.06886,3.68782,0.0351,-8.29971
1.91011,-1.32879,-2.38625,0.09106,5.04573
0.81688,2.98463,3.84709,0.27913,-3.48648
0.51902,0.44614,-1.99961,0.00729,-8.10134
1.42057,0.10528,-0.5902,0.0787,-0.70265
1.72281,-0.60627,3.51234,0.18704,3.02323
0.27246,-2.28492,-1.75981,0.31215,34.60843
1.00934,1.17001,-2.09228,0.08278,-8.77903
1.80648,-0.4348,1.68657,0.28743,2.13892
1.54931,2.73075,4.99676,0.33157,-3.21904
1.98525,2.92229,-3.68943,0.38183,-0.71756
1.15654,1.68164,2.01061,0.33024,-8.92651
1.38799,-1.61795,0.26955,0.12504,7.04241
0.74446,1.35704,-0.89383,0.49868,-12.07311
1.90556,-3.01328,2.49859,0.44412,0.35316
0.8594,2.05083,0.54836,0.18676,-10.26341
1.52932,-0.0401,2.97811,0.01459,0.23855
0.92565,2.74412,2.43854,0.26435,-4.85473
1.21127,-0.76806,4.85119,0.43259,4.19627
1.49561,-1.48802,3.10866,0.41097,5.9656
1.11608,3.11053,-4.332,0.44878,1.28775
1.83276,0.19275,2.79579,0.48476,-1.42884
0.95474,2.28194,1.49703,0.35651,-8.37002
1.36473,2.58275,-4.1021,0.0812,-3.63241
0.81625,0.11604,1.05489,0.01821,-1.42033
0.93468,-0.27826,2.50804,0.0757,2.66559
0.99209,0.33229,-3.02805,0.10055,-2.9163
0.42645,2.18491,-0.65088,0.0307,-18.69071
0.3651,2.91955,0.42486,0.22673,-6.63993
1.40148,-1.07868,-0.86847,0.39194,6.34242
1.37993,1.49936,3.76005,0.00213,-7.09511
1.39324,-1.34853,-3.31097,0.40181,7.55332
0.23558,0.69714,2.71556,0.46265,-49.37332
0.78778,1.91505,2.78091,0.07599,-12.06255
0.55606,2.42837,-0.5197,0.01067,-11.52487
1.60067,-0.32223,0.39478,0.23968,1.90389
1.74913,-0.81835,-3.46438,0.43427,4.58604
0.64402,-1.54911,-3.04842,0.36842,17.9365
1.40213,-2.30331,0.31665,0.01735,5.19909
0.43285,-0.84875,-2.75319,0.33663,21.95461
0.69527,2.33721,3.06465,0.40887,-12.75672
0.44958,-0.51013,1.16218,0.13552,9.87556
0.71034,-1.14798,-4.43421,0.32671,15.46524
1.41453,1.50251,-1.42123,0.24697,-6.7436
1.83859,-1.78704,3.58426,0.10281,5.10234
0.56454,-1.5313,-2.22556,0.45075,20.51109
1.17574,2.73889,2.19718,0.1115,-3.44713
1.4625,-2.62895,-4.062,0.42024,4.08807
1.91526,-0.53639,4.30534,0.35083,2.20577
1.29811,0.48224,-0.50654,0.11045,-3.47155
0.65919,-1.69482,-0.08434,0.35566,14.83657
1.32586,-1.37594,0.6983,0.013,7.25378
0.77688,-1.7477,-1.36568,0.11814,12.69761
1.95703,-0.97273,2.25285,0.1427,4.05867
0.91942,2.50389,-4.85416,0.44459,-3.7993
1.43377,-0.42985,-3.37796,0.45769,3.60343
0.24181,-0.5163,-3.11179,0.1355,27.23832
0.92011,-0.71263,1.3534,0.23733,6.59156
1.77519,2.91613,3.90601,0.49081,-1.84379
1.29841,-2.40458,-4.3636,0.33299,5.93972
0.9991,2.33656,3.52459,0.03486,-7.20102
1.88469,-1.08598,3.19514,0.19572,4.42922
1.73717,2.86835,-4.23374,0.21072,-1.22829
0.77999,-1.16096,-3.56772,0.1532,12.43396
1.18019,-2.62088,-1.49955,0.25996,4.41522
1.08168,0.12593,-3.8533,0.36801,0.07293
1.33796,-1.70987,2.58286,0.34575,6.76238
0.8014,1.58958,0.04069,0.17577,-12.25005
0.63957,0.98838,-0.89235,0.36832,-12.0062
1.84281,1.17162,2.24948,0.26704,-5.08176
1.86297,-1.92586,-2.07105,0.38476,5.16691
1.71798,1.31086,3.71531,0.05694,-5.59005
1.96077,-1.18544,1.53967,0.20238,4.55519
1.54098,3.13326,-1.53495,0.19732,0.07451
1.5764,1.45624,0.39873,0.1759,-6.21047
1.57266,0.56807,-2.40552,0.34902,-3.01655
1.06509,2.30667,4.84981,0.27856,-8.0181
1.02161,0.56116,-0.64396,0.19295,-4.99109
0.63241,0.33144,3.96774,0.26815,-7.70798
1.36067,-1.65049,4.7802,0.3522,6.27744
0.72078,1.11911,0.35792,0.33756,-12.47795
0.66406,-0.78763,2.29996,0.38034,8.48559
1.25473,-2.8709,0.72247,0.42574,1.89529
0.93797,1.98587,-4.08432,0.3697,-7.85438
0.59394,-2.81566,4.52418,0.09007,4.13336
1.6689,1.08259,-0.43364,0.42329,-5.12552
1.74903,-2.15689,3.94063,0.16601,4.45893
0.50186,-0.42368,1.55605,0.33299,5.97896
0.21351,2.25624,-3.94809,0.49548,7.34278
0.80503,-2.54834,-0.82947,0.14732,7.0012
1.63552,1.05024,-3.04152,0.13511,-5.04998
1.71051,0.7076,-3.3014,0.09108,-3.62514
0.44899,2.30926,2.15089,0.49204,-21.40716
1.5938,-2.05627,-4.6998,0.21347,5.83884
0.40827,1.88362,4.66141,0.39193,-33.82294
0.90211,-0.3134,-0.50077,0.02462,3.36767
1.9975,-0.44834,-0.10242,0.09021,2.13117
0.54666,-0.86843,-2.00571,0.03159,13.90996
0.47713,-0.71896,-4.14384,0.40782,20.96414
0.96104,0.12541,0.88243,0.05328,-1.32769
1.3154,-2.47055,-1.55246,0.46158,5.05142
1.87922,-0.47083,1.24073,0.33188,2.25142
1.96548,0.95493,0.5577,0.45477,-4.13979
0.32535,-0.01136,-2.83089,0.20443,5.80954
0.4484,-2.09966,-0.38346,0.26283,19.39037
1.62333,-0.86047,-1.91937,0.01379,4.59165
0.68714,-0.35838,-2.60276,0.23295,6.29181
1.79273,1.06107,2.69704,0.29536,-5.02435
1.39422,2.51809,-4.88093,0.0503,-3.98204
0.40132,0.31652,-2.31117,0.49062,-0.56821
1.69855,1.10815,0.31086,0.0022,-5.1686
0.51744,-2.6566,-0.23854,0.13373,8.95777
0.96229,2.8555,4.40165,0.30781,-4.34006
1.19393,-1.16108,3.43657,0.24882,6.93662
1.10138,-0.91551,2.51603,0.1196,6.81408
1.43509,-1.74143,0.14078,0.49338,6.70279
1.37484,-2.60959,-0.71093,0.09444,3.65499
1.98568,1.82242,-4.6343,0.28418,-4.4508
1.99896,-1.63055,3.21668,0.05794,4.85215
1.12963,-1.36541,-0.69287,0.02807,8.51701
0.37136,-1.99933,-1.79033,0.24394,27.19462
1.51012,2.98379,1.06634,0.40235,-1.20899
1.958,1.76579,2.54138,0.26566,-5.09138
0.77299,2.70114,0.23051,0.14682,-5.46745
1.03018,2.27277,-3.50417,0.00836,-7.24355
0.9646,2.55284,4.21646,0.47027,-7.77876
0.29255,-0.13173,-3.87151,0.10594,9.19674
1.41008,-2.07005,4.69572,0.28729,5.42942
0.83601,-1.08774,-0.57523,0.00776,10.3981
1.61743,-1.30407,4.46623,0.0486,5.76771
1.69782,1.36429,4.1465,0.08508,-5.77764
1.67822,-2.98029,-0.93733,0.05616,0.95752
0.95,-2.24912,3.00025,0.26538,7.15816
0.77878,1.1491,-4.10227,0.19853,-10.15028
1.54788,-2.36598,-4.17266,0.40064,5.13511
1.6425,-2.83817,-1.44043,0.0581,1.81559
1.08426,-2.45537,1.09785,0.21553,5.53145
1.80746,1.19804,-4.90679,0.21413,-4.73319
0.45904,-2.26619,0.15175,0.11541,16.32554
1.78232,-2.22234,4.75647,0.04798,4.30471
0.37297,-1.69457,3.58445,0.00533,25.96368
0.47635,1.57652,-2.67529,0.00941,-20.48295
1.16091,-1.88274,0.28069,0.19931,8.00093
0.32153,-2.91932,-3.28591,0.02714,7.58834
0.29505,2.55011,-2.3674,0.19728,-13.17408
0.20093,2.36448,4.23001,0.2187,-57.14887
0.98537,-1.98034,4.97778,0.22269,7.99066
1.59432,-1.4744,-2.57439,0.09583,6.22157
0.26271,-1.95685,-2.87932,0.24936,44.99652
1.37406,1.37938,-1.16141,0.19616,-6.88834
1.68163,-1.57074,-0.54144,0.49476,5.92836
0.5024,2.71088,-4.10751,0.02268,-7.78342
0.46435,2.05863,-3.52291,0.02694,-18.22161
1.74944,0.55544,-0.75173,0.41226,-2.85568
1.68162,-3.08543,-2.64579,0.13301,0.45189
1.1701,2.41067,3.44935,0.09189,-5.82829
1.67456,1.43107,2.51547,0.43724,-6.19339
0.36696,1.80898,0.36338,0.26636,-26.69718
0.91007,-2.6903,-0.67371,0.30789,4.95166
1.52804,1.31042,3.30988,0.00398,-6.20926
0.66341,1.91379,-3.34005,0.13038,-12.93641
1.55419,2.86912,3.87388,0.1296,-1.90646
1.10752,0.50561,-4.50923,0.38045,-2.89152
1.55048,0.05053,4.23394,0.19278,-0.65908
1.03642,-0.46875,-3.6119,0.28872,5.2469
0.86223,1.26473,3.12099,0.46595,-12.80483
0.59454,2.6441,-4.81955,0.49234,-1.16142
0.57508,0.62678,3.15078,0.06366,-10.61197
1.55268,-1.71353,0.84071,0.27793,6.15693
0.41404,-3.03117,-4.80966,0.34957,12.41864
0.35477,0.74841,2.7421,0.39103,-27.33559
0.51732,2.29084,-3.98443,0.46005,-7.40662
0.51562,-2.72706,0.39905,0.36417,7.11619
1.68159,-0.64358,-1.67996,0.34497,3.70556
0.91731,2.7649,2.59168,0.02705,-4.01721
1.9827,0.01054,3.53222,0.27241,-0.2969
0.44698,-1.75516,-0.35723,0.29938,22.11066
1.37637,-0.9195,2.5794,0.34825,5.19428
1.00771,-0.57718,4.16625,0.29168,4.11526
0.90725,-2.40464,1.89201,0.20473,6.79603
1.77515,1.01029,-1.7801,0.24373,-4.543
1.95607,0.57909,-0.36688,0.48366,-2.69821
1.77115,0.92817,-2.70002,0.16455,-4.2923
0.54614,0.69612,-0.41592,0.39223,-10.97142
0.59744,-3.03684,-2.5411,0.30372,3.87921
1.38093,-2.04541,3.0725,0.22192,5.96115
0.72035,-2.10127,1.09917,0.20716,11.30793
1.52251,-2.52615,1.33246,0.26861,3.56548
1.21956,1.47954,-3.89737,0.3999,-6.96254
1.19164,-2.38675,-4.9854,0.06108,5.85505
1.69138,1.05679,2.89187,0.45533,-5.51081
1.47896,-2.02073,0.42306,0.38707,5.89802
0.24784,-2.39823,4.31553,0.17451,14.52696
0.28903,-2.12039,0.37239,0.00509,28.92057
1.28281,0.0528,-2.85321,0.05261,-0.31237
1.07515,0.91409,1.98477,0.0722,-7.35053
0.66833,1.95988,2.00983,0.05179,-13.81425
0.95358,-2.33381,-4.34467,0.05139,7.6809
1.56424,0.73002,1.93651,0.48007,-4.56227
1.6879,1.72058,-2.87472,0.32923,-5.41467
1.2102,-1.17869,-2.45479,0.41032,8.17863
0.89367,-2.64072,-4.68585,0.28141,6.92224
0.68725,-2.16176,1.27372,0.30974,11.01809
1.13945,-2.56631,2.31729,0.4405,3.89791
0.76655,2.43292,-2.69508,0.13098,-7.72821
1.21537,-0.77471,2.92539,0.34726,4.9584
1.41797,0.1467,2.62031,0.44965,-1.5973
0.31894,1.68822,-0.90234,0.46815,-26.39344
0.20192,-0.8074,-4.31775,0.22202,58.61315
0.5821,0.93684,-2.19815,0.42836,-10.79927
1.81012,-2.6598,-3.34571,0.25193,2.76849
1.36332,-0.11997,4.58818,0.12894,0.54291
0.50953,-2.53515,3.17744,0.12548,9.4376
1.80248,-1.58158,-4.21624,0.22588,5.73534
1.04592,-1.29848,0.1346,0.12894,9.0178
1.05697,1.36712,-2.33114,0.01499,-9.05816
1.88398,1.09393,-4.67882,0.05277,-4.55659
0.30708,1.55245,-1.77699,0.42461,-23.9394
0.58732,-2.75357,-3.72415,0.44125,11.08357
1.25439,3.10335,-2.77268,0.43652,0.47023
0.55188,-2.79966,-1.7346,0.27686,7.53711
1.42315,2.04673,-0.9111,0.46761,-5.91673
0.58537,1.50965,-0.31558,0.24955,-16.4976
0.37848,0.57656,0.20197,0.23127,-14.45573
0.57257,-0.38417,-1.29999,0.23719,7.36191
0.96092,1.61561,-0.0165,0.12706,-10.19643
0.51705,1.50707,-0.82142,0.30675,-17.99204
0.44245,-2.27968,4.64439,0.22448,11.50503
1.74851,1.83866,-4.32359,0.48733,-4.72124
0.77671,-2.648,0.85951,0.08599,5.86149
0.84937,0.00343,-3.06353,0.03835,0.12323
0.29949,0.91158,-1.24562,0.17557,-23.4544
0.84327,2.02123,0.46466,0.10777,-10.54344
0.67665,-0.23179,2.59809,0.49595,0.51612
1.29887,-1.65337,4.77731,0.27929,6.7361
0.5697,-0.05869,-0.06378,0.17986,1.04533
1.79906,-1.56949,-2.43021,0.32137,5.69415
1.8734,0.18049,2.91575,0.22656,-1.12821
0.3797,-0.23557,-2.78428,0.10441,8.04659
0.39333,1.76246,0.07841,0.19726,-24.58445
0.40759,-1.63306,3.46711,0.14318,21.03367
1.31522,-1.88505,-0.96201,0.3188,7.27082
0.41954,-0.1622,0.56978,0.40828,2.45436
1.73429,-2.82426,-3.8045,0.13129,1.93106
1.55769,-1.7006,-4.44032,0.31066,6.81333
1.67566,-0.9192,4.86282,0.35424,4.04144
1.14691,-0.07772,-3.21104,0.18501,1.11576
1.99402,-1.44867,-1.64451,0.24377,4.98389
0.27952,0.38099,0.04685,0.17941,-13.15786
0.92228,2.37765,-1.25528,0.18645,-7.08305
0.78309,0.27475,-4.02661,0.22311,-1.93373
1.90756,-1.33933,-3.03086,0.14771,5.12857
1.23835,-2.75215,-0.06552,0.24416,3.0181
1.65114,-2.28289,-0.61198,0.37612,4.58198
0.50661,0.38464,2.98194,0.19715,-9.55635
1.96154,1.15428,-1.88212,0.47272,-4.34235
1.09755,-2.82952,4.40315,0.109,2.34587
1.08861,-1.97575,-2.1719,0.22475,8.69456
1.94759,-1.13675,-1.68701,0.30084,4.70371
0.88532,-1.1324,4.49313,0.27163,8.47573
0.91555,2.88026,3.40483,0.47347,-4.69166
1.25255,-1.86126,-1.83032,0.16216,7.6931
0.43049,-2.74877,-1.04715,0.18882,9.79006
0.77795,-0.92354,3.4226,0.29784,8.37513
0.54777,-2.29687,-4.13911,0.29818,17.50525
0.38591,-2.34625,-2.05324,0.39372,23.58091
1.75906,-0.5815,0.31556,0.39726,3.02274
1.2608,-1.21648,3.28904,0.00544,7.28624
0.84561,-2.56526,0.64617,0.3821,5.97679
0.9356,0.65536,-0.10221,0.35893,-6.34822
0.97673,0.01068,4.62118,0.29289,-1.52598
1.33967,-2.65716,-3.8359,0.15849,3.74898
1.86818,2.27919,2.80066,0.45353,-4.35165
1.879,-1.35269,-3.72965,0.36911,5.48708
0.90469,2.89894,2.32827,0.12864,-2.97141
0.79267,2.71144,0.4309,0.15261,-5.26554
1.01188,-0.41408,-2.35354,0.35523,4.71723
1.22228,-1.70546,0.43337,0.45883,7.82021
1.03127,2.10394,3.79416,0.24527,-9.06732
1.38576,-0.87157,-0.27816,0.4396,5.48164
1.19792,-2.11397,-4.93421,0.19106,7.66748
0.77729,0.32426,-4.43394,0.19758,-2.57107
0.82232,-0.06659,1.32637,0.34297,0.12104
0.88147,2.19923,1.77932,0.02527,-9.06082
0.37035,1.44062,-0.98225,0.06946,-25.76678
0.49891,2.36335,-2.5722,0.36421,-10.04011
1.5016,1.47468,2.15967,0.12104,-6.61879
0.90037,0.89331,-1.95839,0.08754,-8.27775
0.58617,0.00111,-4.25988,0.04453,0.53341
1.21281,3.06339,-0.90389,0.11243,-0.56284
1.55997,2.88502,0.39139,0.12524,-1.61599
0.66336,2.19191,4.65629,0.17058,-13.83133
1.68822,1.72988,0.92222,0.46916,-5.88928
1.86951,0.48732,-2.9168,0.32231,-2.18815
1.27531,-1.50951,3.32194,0.34666,6.96976
1.40411,2.35895,-2.08518,0.06637,-4.85646
0.29464,-3.07363,4.59278,0.09633,-2.83558
1.90194,-1.71255,-1.74688,0.44934,5.32316
0.90647,-0.60487,4.09518,0.31715,4.57341
1.86302,0.54134,3.78954,0.40483,-3.15531
1.24216,0.38252,3.63993,0.17873,-3.36944
0.20831,-2.03691,-4.60615,0.2886,72.70264
0.26938,-2.48313,3.4987,0.2511,10.17688
1.42475,-1.74466,2.213,0.10271,6.66963
1.2128,-0.95059,-1.65702,0.41238,7.04682
0.24776,-3.05329,-0.09902,0.16688,3.76096
1.53823,1.20924,1.39915,0.23344,-6.10318
1.73386,-1.58508,4.43537,0.0665,5.55921
1.09355,-0.93365,2.80084,0.31918,6.46314
1.03836,-1.03734,-0.71499,0.39557,8.3972
0.20985,0.07433,1.45421,0.20519,-10.24737
1.61597,2.26069,-3.14129,0.48907,-4.09407
0.79529,-2.20295,-0.76058,0.12879,10.10635
1.78177,-1.00074,2.91301,0.43654,4.23458
0.87151,1.20655,1.0659,0.36061,-11.02391
1.21714,-2.86368,2.83249,0.46363,1.32477
0.68662,2.07332,0.09817,0.37032,-12.59825
0.48906,2.90173,-1.19857,0.24743,-3.52543
1.59483,0.6763,2.4254,0.20674,-4.04721
1.09386,2.86833,-4.06245,0.4147,-1.01234
1.16568,-0.54625,4.78607,0.42018,2.89184
1.93775,-0.53387,4.48374,0.29445,2.22458
1.93444,-2.47401,3.80369,0.35106,2.7827
1.74016,-2.91887,3.84278,0.23143,0.95152
0.5377,-1.60533,0.11056,0.10919,18.19186
1.26969,-0.13742,-0.02054,0.02499,1.05874
1.78067,0.04827,3.20082,0.32685,-0.59577
0.87404,-1.77453,-2.16743,0.33461,11.94103
0.38199,0.70878,3.49914,0.33263,-24.69271
1.65973,-2.00304,-2.9912,0.2812,5.67232
1.06717,-1.09195,3.79107,0.1712,7.58869
1.21591,-1.91191,0.41085,0.12102,7.56955
1.96786,1.23567,3.43211,0.03285,-4.73691
1.29298,0.10413,-0.06857,0.074,-0.78557
0.96496,1.48347,1.08432,0.31415,-10.49328
0.86597,-2.78189,4.26786,0.38404,1.80188
0.95171,-0.46896,-0.81788,0.45381,5.06848
0.41312,2.93399,-2.79714,0.04196,-4.20683
1.63055,-2.80469,-4.0902,0.40701,2.61495
1.70789,-0.51284,0.89979,0.29871,2.72614
0.71191,-2.88776,1.11085,0.15066,3.13005
0.74683,-2.22014,1.20705,0.3629,9.67677
1.7738,-0.23545,-4.62834,0.49468,2.01785
0.24315,-2.15191,-4.72585,0.18971,48.88795
1.13682,0.11784,3.95417,0.31372,-1.97442
1.03462,2.6561,1.95502,0.13042,-4.66279
1.44223,-1.88239,-3.86683,0.10251,6.665
0.49411,-2.46812,-4.25363,0.07457,13.68222
1.403,2.04377,-3.38143,0.01608,-6.19694
0.87812,-0.24963,3.06919,0.36191,1.31942
1.31369,2.40402,2.23086,0.07298,-5.11623
0.27217,-1.21816,1.38653,0.33814,27.49659
1.03111,0.80131,1.40791,0.4348,-7.40939
1.14005,2.65976,3.58874,0.4233,-5.15635
0.58579,-2.0628,-1.66541,0.14948,15.48585
0.45132,1.88953,-1.7777,0.0622,-20.09844
0.53925,0.82634,-0.74573,0.22153,-12.81122
0.81945,1.9663,4.89676,0.09064,-11.70822
0.37426,-2.06909,0.54899,0.18675,22.29244
1.90518,-0.41415,0.46901,0.28441,2.03531
0.92899,-2.33208,3.09594,0.32217,6.48905
1.65615,2.89078,-3.21936,0.10916,-1.342
1.95395,-2.74769,-0.94599,0.11365,1.95504
0.34532,-2.73015,1.41362,0.43298,6.22858
1.37301,2.50169,4.88017,0.47244,-5.4894
1.76854,-1.25185,-3.4553,0.32122,5.62207
1.34162,0.60959,-0.47973,0.27841,-4.1122
0.97225,-1.33533,4.05582,0.32904,8.39981
0.97594,0.93468,2.25531,0.06431,-8.23808
0.26462,-1.93227,1.1378,0.44852,27.38853
1.16228,-0.25843,-2.42892,0.1043,2.34456
1.98838,0.21044,-3.12789,0.33484,-0.76568
1.92567,-1.04525,-1.25788,0.11099,4.4445
0.27272,-1.56011,-2.44892,0.3529,47.5887
1.47043,-2.26065,3.08476,0.37672,4.60854
0.74318,1.29524,2.20703,0.37052,-14.18272
1.82538,-2.08424,3.35198,0.21435,4.46562
0.28121,-1.30611,-3.28918,0.30352,46.2951
1.88457,-1.02473,-1.90031,0.29899,4.6084
1.70746,-0.28672,2.68551,0.36016,1.29309
0.41151,1.27278,-3.36452,0.2495,-17.83111
0.30768,-0.45273,-3.54395,0.25365,23.44189
1.70247,2.33165,-1.16941,0.3422,-4.03519
0.48036,1.12963,-3.13563,0.08508,-17.31059
1.16282,2.12677,-4.21097,0.32624,-6.14975
1.84834,1.35939,-1.87225,0.07412,-5.14869
1.22141,-2.20771,3.756,0.36242,5.54452
0.91502,3.00291,-4.43467,0.19446,-0.45214
1.00103,1.80067,0.66105,0.41979,-9.81906
0.31361,0.45692,0.63004,0.04421,-14.08396
1.94375,-2.10342,0.30841,0.23026,4.32904
0.75918,-2.05661,0.05509,0.08361,11.41878
0.54085,0.71836,-4.82764,0.43443,-4.76797
0.71489,-0.52655,-4.52549,0.06262,7.45081
1.93587,1.10496,0.11207,0.2426,-4.53477
0.36971,-0.80156,4.68309,0.05263,17.26012
1.76115,0.08071,-0.92024,0.39886,-0.33074
1.47412,-1.96062,-0.27673,0.14102,6.17352
1.69403,-2.16644,4.82063,0.29703,4.29471
1.95662,-2.6663,2.79113,0.08507,2.23225
1.71588,2.00835,2.7011,0.1758,-5.33986
1.89809,0.348,0.04735,0.05685,-1.76326
0.42848,2.80947,3.97913,0.27542,-13.43391
1.63242,1.56757,0.81176,0.00173,-6.00998
1.18222,1.68869,1.56697,0.49654,-8.79707
1.17829,0.05692,2.87556,0.20814,-0.9047
1.81806,1.98206,-0.93415,0.31472,-4.857
1.94925,2.77757,4.5327,0.14339,-1.9629
1.46871,1.39324,4.88007,0.12662,-6.86078
1.06929,-2.47816,0.87138,0.42307,5.32737
1.02153,0.94889,-2.77945,0.37909,-6.7955
0.89541,-2.38489,2.74902,0.32165,6.41866
0.85088,-2.65639,-1.77861,0.37615,6.30119
0.90471,1.21203,0.77104,0.08766,-10.23541
0.36156,2.10352,-4.13296,0.46705,-8.60662
0.33938,-2.14356,3.07391,0.22737,18.22413
1.60377,-2.6757,4.59087,0.43436,1.97252
1.00293,2.42859,-4.05778,0.36803,-4.91334
1.87523,-2.3109,2.31599,0.14296,3.76868
1.302,-2.92114,3.60839,0.28466,1.04167
0.26332,1.38893,-3.90494,0.48332,-9.42066
0.48354,2.18476,-2.53204,0.01854,-16.38182
0.57048,0.09094,-1.08129,0.21324,-0.85315
1.95632,0.25086,3.3676,0.31027,-1.51779
0.59367,-1.02504,-0.06569,0.16995,14.15562
1.12836,-1.64328,-3.63037,0.15896,9.12445
1.88512,1.60367,-2.43629,0.37435,-4.94447
1.95895,2.19462,-0.32622,0.45816,-4.02563
0.62545,-1.12315,-4.60736,0.26881,17.30538
0.28841,-1.42114,1.30997,0.4741,26.16728
0.47648,-1.45901,-4.74678,0.05064,21.51858
0.31399,-2.82369,2.80871,0.11374,6.52552
0.55122,-1.37555,2.33851,0.04386,17.12109
1.22343,-2.98042,3.6544,0.21777,0.75506
1.84241,1.81212,-3.42287,0.31336,-4.85428
1.16699,-1.53356,1.02585,0.10024,8.32488
1.32678,1.19478,2.81028,0.22427,-7.23529
0.56336,0.27136,0.15749,0.3422,-4.83732
1.64105,2.12035,-3.69196,0.31974,-4.65935
1.31202,2.89264,-4.01074,0.31464,-1.10913
1.75545,-0.83383,1.05897,0.30302,4.03409
1.90792,-2.58653,-0.02392,0.49331,2.71291
0.82622,1.56857,4.2956,0.35696,-14.11952
0.36304,-3.00775,3.33841,0.45384,-7.88944
0.60667,-1.74067,2.23749,0.47587,13.0445
0.98811,-2.80701,4.82397,0.42984,1.1364
1.90225,2.50164,1.94611,0.04758,-3.10517
0.88096,-3.10831,-4.07637,0.26462,1.76047
1.58739,-0.0456,-4.22437,0.19076,0.60152
1.17286,-0.47753,3.15869,0.04853,3.73261
0.52906,0.95972,-1.39296,0.2821,-13.78295
0.77732,-1.32108,4.24284,0.10641,11.48159
1.37575,2.348,-3.81753,0.29087,-4.49663
1.41114,1.47244,-3.01213,0.40869,-6.30004
0.98257,-0.42541,2.73167,0.19692,3.56315
0.61156,-0.89205,3.47474,0.47491,8.07335
1.49943,1.98478,3.67196,0.38323,-6.6157
0.50397,1.61516,-4.00861,0.40214,-13.09936
1.88601,-0.6346,-1.18198,0.05615,3.10238
0.53823,-0.99669,1.46386,0.47094,12.92466
0.39316,-2.89725,4.18796,0.01726,5.56843
1.09577,-2.62821,-2.60985,0.42195,5.31402
1.13519,-2.80281,1.00343,0.01483,2.86042
1.11475,-2.98819,-3.56481,0.08123,1.57774
0.986,-2.18107,2.47279,0.15767,7.75232
1.99067,2.24399,-3.72476,0.36888,-3.50616
1.07531,1.87339,4.99982,0.44971,-10.65308
1.0603,2.1713,-4.07733,0.33325,-6.4248
0.95918,0.77786,1.85337,0.36388,-7.91025
0.32029,0.77951,2.77039,0.14489,-25.44283
1.26732,-2.36291,-2.4201,0.48769,6.17152
0.61034,1.25014,-2.45171,0.20387,-13.91193
1.3477,-1.38213,0.96147,0.45646,6.9083
0.2915,0.12097,1.30475,0.38963,-10.04392
1.9665,2.85711,2.20526,0.18363,-1.50483
1.04421,2.32865,0.80294,0.17157,-6.94984
1.81416,-1.67639,-3.25533,0.33974,5.71338
1.05601,1.48692,4.24143,0.47024,-11.04554
0.3086,-2.48757,-3.33388,0.33617,31.10883
1.67998,-2.97356,0.65239,0.42871,0.87747
1.36673,-2.96457,4.20003,0.48314,0.17768
1.60716,-2.0719,4.1297,0.165,5.08965
0.97071,1.2249,-3.32094,0.26925,-8.55855
1.34829,-0.85887,-2.61397,0.30455,5.94657
1.74121,-3.04142,1.01851,0.10859,0.52693
1.33592,3.06634,-1.62836,0.39877,-0.18826
0.82581,0.20972,2.30883,0.13088,-2.91621
1.39255,-0.66677,0.22404,0.35344,4.31592
1.40934,0.11844,-2.3391,0.26191,-0.51404
1.92906,0.12548,-0.88962,0.41834,-0.53644
0.86764,-0.18701,1.91111,0.25578,1.45278
0.96515,0.70968,2.85141,0.29333,-7.52084
1.66182,2.42296,-1.30439,0.09054,-3.8436
1.11037,-1.24587,-3.95015,0.40409,9.66725
1.52583,-0.08188,-1.46723,0.20106,0.65254
1.02748,-3.1187,1.30471,0.28987,-0.13966
0.58789,2.26078,2.59832,0.42303,-16.05008
1.54137,-1.21954,3.79659,0.23969,5.59284
0.43608,-1.43698,4.61942,0.13723,18.96121
0.55745,3.12612,0.29364,0.1327,-0.3977
1.32828,0.53026,3.80207,0.28316,-4.34544
1.54509,-2.36849,-2.37922,0.1456,4.57911
1.81044,-1.47325,0.59652,0.16927,5.36201
0.69066,-0.9222,0.39385,0.1174,11.22265
0.3993,3.05401,2.68694,0.22314,-5.90949
1.92088,-0.43592,2.73123,0.23304,1.9839
0.47796,-1.69562,-2.14657,0.26296,22.83585
0.5558,0.43813,3.85861,0.29643,-11.19073
0.72439,-0.59841,3.91493,0.29395,5.43578
1.1529,-2.79627,4.48242,0.18363,2.26107
1.78909,2.26772,-0.42356,0.45034,-4.14506
1.56898,-3.04303,4.87414,0.25583,0.10876
1.47468,2.50375,2.84911,0.41606,-4.50629
0.51533,1.8338,1.53187,0.27869,-19.98953
0.84383,-2.66518,-0.67742,0.18531,5.50771
1.06113,1.40499,3.42431,0.36932,-10.24125
0.46537,1.70238,2.64138,0.08848,-21.97709
0.69217,0.64281,0.85558,0.48484,-9.36169
0.755,0.48802,4.97146,0.28615,-8.58797
0.4291,-2.8294,-2.50539,0.05208,7.73065
1.19043,-2.76777,1.41754,0.21068,2.79861
1.46905,1.4281,-1.78873,0.35627,-6.31462
0.32588,-2.47831,-0.42157,0.03405,18.67012
1.06602,-1.62204,-1.61054,0.13069,9.37558
1.60798,-0.00731,-1.65445,0.46219,0.34034
1.54638,-2.11012,-1.23174,0.1781,5.5351
1.66713,1.82112,-4.4332,0.07958,-5.57403
1.00683,1.93131,-4.60139,0.04919,-8.89378
1.677,2.14975,2.24922,0.30953,-5.14398
0.63336,-2.83015,-1.89091,0.27907,6.06183
0.84946,-0.45319,-4.78785,0.32387,7.20528
0.51744,2.17975,-4.18519,0.47902,-8.06318
1.04147,-0.85942,-3.04151,0.03006,7.2191
0.90571,1.23038,-4.51788,0.09884,-9.6654
0.63367,0.56075,4.46147,0.11691,-9.53227
1.55321,-0.96002,0.68361,0.21354,5.11354
0.76492,-1.40489,-1.05976,0.06051,12.75831
0.69105,0.95971,0.32712,0.20493,-11.76715
0.4356,-2.30201,-3.8718,0.4081,25.09065
0.98988,2.26272,2.01846,0.08183,-7.79972
0.74534,0.48031,4.6959,0.45829,-9.95543
0.86469,-2.441,-3.69343,0.45563,9.56459
0.6248,1.2788,-3.474,0.25649,-12.75394
1.57368,-0.43283,1.28663,0.43008,2.39128
1.87401,-1.85931,-3.4807,0.35575,5.371
1.09628,2.89698,-3.73947,0.17837,-1.61212
1.3574,1.38009,1.70484,0.28088,-7.35593
1.76091,0.5843,1.18657,0.05831,-3.09534
1.99789,2.192,-2.82263,0.24788,-3.81757
1.30433,0.27564,3.23179,0.41499,-2.83531
1.8016,-0.36775,-3.94749,0.29262,2.31351
1.83549,-1.95126,-1.67425,0.19102,5.05735
1.62461,-2.17781,2.38868,0.33178,4.65937
1.02968,-0.42745,1.13901,0.48843,3.42482
0.34608,-0.27662,1.00071,0.03374,7.45961
0.22845,1.46595,1.86274,0.16518,-48.60141
1.05896,-0.36389,1.46463,0.07797,3.19527
1.08977,0.58534,3.74271,0.47847,-6.4813
0.93325,2.08928,0.68767,0.27295,-9.34563
1.2227,3.09971,-0.98716,0.06483,-0.2931
1.19389,-1.11511,2.66089,0.30609,6.80696
1.7059,2.52555,-2.4076,0.25021,-3.11574
0.39558,1.92297,2.59592,0.02966,-23.76882
0.60532,-2.71429,-2.20016,0.43226,9.31165
1.62741,-1.04201,-0.19619,0.3546,5.23095
1.72611,-1.76531,2.39193,0.00262,5.57404
1.99068,1.03286,1.27659,0.47984,-4.38654
1.77124,0.34745,-4.14311,0.07963,-1.78072
1.80182,-0.03235,-0.5344,0.00013,0.17613
0.76583,1.65602,3.11856,0.21364,-13.89917
0.92299,-1.04735,4.96765,0.07039,8.7949
0.68255,-0.73669,-0.33202,0.28507,9.85918
1.29134,2.29735,-4.14074,0.15571,-5.2917
1.88985,2.96697,-1.33814,0.09259,-0.86714
0.82035,1.7364,-0.10077,0.49267,-11.72088
1.2026,-1.7777,-4.26571,0.16636,8.47402
0.73334,-2.43378,3.64259,0.20737,7.2929
0.50564,-1.82712,0.38791,0.14712,18.54409
0.55133,-0.4853,-0.83884,0.41849,9.45503
0.3043,-1.65438,-1.02815,0.09839,33.21767
1.90873,2.51982,-4.71691,0.06383,-2.91105
0.92518,1.07268,0.18876,0.44073,-9.41204
1.70142,-0.52321,-0.24424,0.09168,2.88866
1.42639,-1.42118,-1.54115,0.42897,7.12559
0.54546,-0.74983,1.58677,0.28909,10.71516
0.51583,-0.15048,-0.88968,0.41169,4.2275
1.66158,1.34349,0.71764,0.03508,-5.76127
0.67648,-2.58024,3.85042,0.48181,3.66567
1.84391,2.19178,-1.36113,0.14988,-4.26695
0.4521,-2.34011,-1.02076,0.02931,15.73453
1.41988,-1.49257,3.65904,0.38244,6.19381
1.66605,3.10132,-1.41906,0.08923,-0.19147
0.62346,-1.94648,-0.60637,0.17556,14.91123
0.69717,-2.5061,3.00812,0.29733,6.51214
1.93613,0.86963,0.91867,0.03431,-3.87989
0.67628,-0.67149,4.33886,0.10097,8.06703
0.97392,-2.56457,-0.29337,0.24454,5.57056
0.97853,-3.11808,-0.20974,0.21095,0.28192
0.65546,-2.64421,-4.57072,0.27879,10.10692
1.59642,0.14285,-3.02697,0.36432,-0.44214
1.58933,-1.69085,0.39999,0.1765,6.10004
0.88097,1.74391,-3.12889,0.2022,-10.1538
1.70323,2.24629,-0.46417,0.13619,-4.47303
0.58353,-2.23158,-2.16683,0.16985,14.35356
0.20775,-1.02403,-4.79187,0.02551,43.16878
1.2281,-2.22064,-0.24891,0.29006,6.40769
1.98934,-1.34025,1.4627,0.08639,4.76888
0.26956,-1.63863,-1.61766,0.35814,44.28222
0.5744,1.80243,2.76527,0.0211,-16.7995
1.13405,-0.97088,-3.53946,0.02994,7.22232
1.65789,-0.02787,-4.08708,0.14234,0.37653
0.36028,1.09262,4.34841,0.2192,-31.5185
0.91142,2.0248,4.21657,0.3468,-11.43342
1.54474,-1.24904,-0.93456,0.34609,6.16024
0.86878,-1.82702,-0.80068,0.48669,11.43938
0.53991,3.00621,3.51036,0.17582,-4.56969
0.55189,-1.13005,0.30521,0.02968,16.04672
0.93809,1.07485,-3.82886,0.43063,-7.32388
1.06295,1.11741,-3.85127,0.36532,-7.05137
1.75127,0.08815,-3.68869,0.03406,-0.45218
1.35605,-1.70622,2.80765,0.04167,7.10437
1.44272,-2.25279,1.01896,0.23832,5.16201
1.96938,-0.08158,-2.00234,0.17082,0.49411
0.94132,0.06867,-3.37927,0.29819,0.42209
0.92604,1.71761,-3.76536,0.10958,-9.9984
1.86202,1.31842,2.41388,0.47967,-5.43552
0.64258,2.58893,3.85863,0.25607,-10.40728
1.51367,2.9585,0.31078,0.37536,-1.23088
1.55823,1.43163,2.7271,0.06289,-6.30537
0.37602,-2.66086,-2.16872,0.30846,16.79579
1.04282,-0.59616,0.85664,0.43259,4.94109
0.56101,0.68363,-0.61961,0.0115,-11.02182
0.53368,0.56671,-4.12306,0.26999,-5.95999
1.03489,-2.00155,-0.12633,0.12338,8.62791
0.72097,0.52116,3.46787,0.23919,-8.3703
1.63291,-0.94449,-4.48217,0.408,5.55324
1.83369,-1.01205,-0.22894,0.34504,4.55977
1.6449,2.09863,3.73263,0.37725,-5.67265
0.67886,-0.49051,2.90072,0.10584,6.1412
0.69344,0.17213,-0.0655,0.41626,-2.36644
0.65851,0.39504,-3.28655,0.307,-3.40642
0.44307,0.39582,3.48526,0.03465,-9.15201
1.89884,-1.80251,-3.46865,0.43135,5.44322
0.92369,0.62488,-2.23179,0.02788,-6.1401
0.60444,-1.03909,-3.75725,0.01439,14.13717
1.72401,0.97402,-0.40991,0.41687,-4.64919
0.91855,-2.22615,1.29198,0.00651,8.45738
0.26321,3.10462,3.27118,0.04422,-3.46548
0.49149,1.7093,-0.38662,0.00848,-19.75482
1.35065,-0.51992,4.7072,0.44014,2.47274
1.60923,-1.24814,0.95857,0.02235,5.77324
0.57968,-0.70496,1.0441,0.18634,10.38723
1.85131,1.38989,-3.24712,0.1085,-5.10968
1.73179,0.97646,-3.09884,0.17083,-4.51675
1.72709,1.26978,0.76626,0.1453,-5.46202
0.60979,2.44415,2.20879,0.44394,-12.96933
0.29096,-0.27461,-2.95293,0.38435,22.54862
1.76136,1.06513,-0.15982,0.44251,-4.84974
0.75044,-0.36752,-1.438,0.36002,5.61616
1.31405,0.8677,-0.61236,0.16517,-5.63639
1.56794,-0.15819,-2.77869,0.09292,1.09062
0.43093,1.73833,-3.59277,0.26489,-17.3212
1.60551,-3.10854,-1.79499,0.17833,0.32609
1.88932,-1.78624,3.68917,0.32171,4.73981
1.51107,-1.27902,3.05226,0.01947,6.19165
0.9942,2.7985,-3.98346,0.35649,-1.8827
1.77802,0.04427,-4.12191,0.14978,-0.0489
1.14942,-0.8523,-0.07049,0.23112,6.43724
1.54059,-0.60122,-2.22618,0.48931,4.06086
1.67691,-0.30271,3.23426,0.10779,1.61997
1.54884,2.31115,-0.13819,0.05883,-4.67242
0.71814,2.90494,3.52708,0.10491,-3.9201
0.41212,2.16245,-3.91801,0.17575,-15.70328
0.62901,2.14669,4.70077,0.26812,-16.26591
1.10517,-1.89114,2.67101,0.49011,7.35305
1.1095,-1.45344,2.31877,0.43494,7.96173
1.24876,0.60349,4.40216,0.35748,-5.4675
0.91118,0.98104,-0.29697,0.36026,-8.81869
1.6164,-1.86796,-3.51111,0.14189,5.99371
1.84368,1.54743,-0.03099,0.46398,-5.31521
0.64411,-1.88518,3.15224,0.26978,12.43414
1.52574,-1.48905,3.59543,0.08126,6.28268
1.42035,-1.21394,-0.11454,0.47515,6.4986
1.14156,2.17393,2.32302,0.25326,-7.52874
0.53935,1.45823,-2.53047,0.07776,-17.39692
1.63142,0.1928,-2.69453,0.36762,-0.78001
1.92913,2.00904,0.8626,0.1169,-4.63173
1.49931,1.96619,-0.78249,0.09383,-6.00555
1.85215,-0.6922,-3.38948,0.1338,3.51263
1.97153,1.76832,2.61362,0.28914,-5.07349
0.83369,-1.84573,0.32147,0.14629,11.25735
1.3488,0.02029,0.20392,0.02041,-0.14983
1.05308,-2.39866,-3.1069,0.19375,6.84432
1.97593,-0.45996,-2.58859,0.11719,2.28163
0.36885,0.12796,1.92708,0.25572,-7.01609
0.94227,-2.63945,3.51903,0.22978,4.10013
1.77597,-0.23491,-3.22788,0.03904,1.32564
0.71129,0.95297,3.12346,0.12266,-11.99951
1.61803,0.71684,2.88095,0.14074,-4.13825
0.88901,-2.80008,3.14912,0.24237,2.72999
1.96396,-2.54256,0.81744,0.41111,2.7293
1.79035,-0.93396,-1.48158,0.1093,4.45581
0.74238,2.15316,2.71021,0.07909,-11.4251
1.58635,2.32325,-0.20055,0.00051,-4.5144
0.80634,-1.19624,-2.78136,0.30325,12.61982
1.29145,1.37534,-0.97613,0.16282,-7.35617
1.38527,0.48626,-0.42283,0.33508,-3.23559
1.69327,3.03743,0.05345,0.34507,-0.6088
0.24401,-2.54693,3.97564,0.02235,21.03056
0.59628,0.30084,-0.88835,0.20921,-4.35242
1.48145,0.58143,-2.15189,0.48399,-3.16232
1.21434,-1.20845,4.62348,0.13757,7.12257
1.09209,-2.84658,-2.58052,0.26478,3.18468
0.29938,-2.81421,-4.88884,0.26891,25.20494
0.8269,-0.29143,3.49821,0.13028,2.74213
1.75718,1.20935,4.54446,0.38963,-5.79553
0.25561,1.25774,1.82132,0.00184,-36.56521
0.91359,-2.00453,-0.9235,0.1134,9.8691
1.90127,2.24921,0.43755,0.29626,-4.05307
0.29159,-0.77181,3.32002,0.45865,5.5546
1.54947,2.91771,3.8534,0.00477,-1.41328
0.6637,-2.39917,-3.97474,0.30043,12.70371
1.7599,2.11401,3.67997,0.00168,-4.77381
1.54292,2.56566,1.1735,0.31141,-3.61619
1.79427,2.02743,-4.67721,0.2058,-4.60824
0.58866,1.94051,-3.91514,0.21723,-13.08454
1.15633,-0.87141,-4.54466,0.48375,8.13636
1.60269,1.34047,4.48559,0.34112,-6.55505
0.64226,0.49855,-0.73482,0.09821,-7.12844
0.61534,-0.47451,2.15616,0.49867,4.44451
0.24893,3.09831,-4.98283,0.12834,8.61507
1.92533,-1.31661,2.93172,0.34295,4.66028
1.47803,-0.54573,-0.17965,0.34015,3.47298
1.34401,2.53125,4.23603,0.42486,-5.17977
1.53919,-1.3257,0.20897,0.19943,6.16541
1.1569,-2.18227,2.888,0.34798,6.19221
1.05704,-1.19381,1.29467,0.31297,8.26627
1.00916,1.6293,0.20538,0.21821,-9.74835
1.35279,2.26103,4.48244,0.45798,-6.71351
0.56276,-2.42251,-0.04401,0.12596,11.49972
1.79851,0.76474,3.92388,0.11214,-3.91248
1.66115,0.42278,-4.63922,0.31519,-1.89309
0.82921,1.06059,1.57419,0.09513,-10.54157
1.2415,1.07478,4.11662,0.415,-8.05787
0.45385,2.88692,3.99275,0.16984,-8.73766
1.95022,-0.96429,-0.14946,0.21055,4.14129
1.82521,-1.2581,-0.27903,0.34116,5.14268
1.85942,0.51035,3.10513,0.44255,-2.97464
0.79789,-0.44348,-1.64984,0.34498,6.16954
0.50444,-0.16491,4.37161,0.0471,2.38325
0.58119,-2.70631,-2.49316,0.16903,8.36495
0.362,-2.21016,-4.25602,0.37503,33.92653
0.4162,2.73554,2.71924,0.45388,-16.43492
0.32835,-2.7125,-0.95276,0.31691,15.23062
1.98168,0.5664,-1.44223,0.29808,-2.54688
0.3333,1.59954,-1.7909,0.18961,-26.36375
0.43858,-3.06705,4.80442,0.23903,-4.30454
1.68906,-1.74202,0.71677,0.21611,5.66874
1.24443,-0.77238,4.91914,0.02759,5.41353
1.59395,0.04284,-1.56419,0.01093,-0.25682
1.33564,-0.99529,-0.86031,0.3087,6.31052
1.78792,0.93619,-2.88237,0.25492,-4.18872
1.34924,-1.7191,-0.69636,0.12245,7.23778
1.13983,-2.98148,-4.37995,0.44638,2.877
1.48295,-3.13172,-4.99442,0.1033,0.2999
1.00531,-0.97068,-0.46927,0.35025,8.21577
0.82291,-0.8692,2.46024,0.39418,7.67336
1.04177,2.81866,-0.62935,0.42011,-2.74471
0.50549,-2.86023,0.18005,0.41976,5.09293
1.63383,0.1889,-0.54384,0.39709,-1.0466
0.66927,0.48892,0.26804,0.2289,-7.0213
0.47636,1.25208,2.75604,0.31196,-23.34559
0.64343,0.8717,3.03786,0.42886,-14.81667
1.71573,-3.09045,3.38058,0.21014,0.05096
0.79436,0.82849,-2.8757,0.33543,-7.57184
1.43489,-1.11597,-0.42156,0.07977,6.15805
1.74154,1.71449,3.31006,0.28235,-5.88305
0.33994,-1.95806,4.41879,0.07052,24.0243
1.57704,1.35846,0.42983,0.33015,-6.13785
0.7538,0.78851,-0.07,0.18842,-9.20774
0.58992,0.95687,2.64595,0.11392,-14.4589
1.44002,-2.03608,4.91694,0.18037,5.66051
1.83763,1.06295,-0.74068,0.35071,-4.58773
0.73103,1.48898,-3.349,0.45402,-10.52926
1.2239,-0.06654,3.34307,0.00564,0.52034
0.7217,-1.00301,2.10425,0.08392,11.12103
1.19771,-2.0951,-3.54924,0.35287,7.96344
1.31935,-1.31972,-1.76491,0.28437,7.49065
1.2986,1.65768,0.53223,0.15959,-7.57614
1.32238,-0.56925,2.31466,0.32588,3.56719
0.44314,1.27368,2.80647,0.43359,-27.36398
1.44837,1.50854,-3.44269,0.12899,-6.54831
1.41455,1.09434,-2.83249,0.24284,-5.81894
1.42866,1.09037,2.44123,0.01038,-6.1017
0.33333,0.69623,-3.83888,0.473,-2.53201
1.00431,0.11575,-0.0184,0.40082,-1.12079
0.93626,-1.89867,0.45992,0.25255,9.78714
0.35608,2.1539,-1.60645,0.496,-16.71333
0.60026,2.91706,2.96336,0.11011,-4.54436
0.99373,-0.21059,-4.44584,0.37199,3.73827
1.53723,2.72212,2.77444,0.38475,-3.05083
0.62671,3.12899,1.46033,0.41543,-1.74181
1.69355,-0.08673,0.07218,0.34255,0.49316
1.18244,1.40967,3.72373,0.0953,-8.44276
1.56876,0.90346,-2.97754,0.04567,-4.85659
1.0506,-1.65081,3.00774,0.09018,9.0619
1.09855,-2.84572,-3.12225,0.42916,3.71406
1.31549,-0.29308,4.90446,0.201,1.58476
1.87035,1.80456,-4.67235,0.27308,-4.73761
1.08526,-1.09871,0.53197,0.01269,8.04486
1.15158,1.78718,-3.31983,0.24571,-7.70493
1.28359,0.97265,-0.92025,0.20463,-6.20139
1.52753,1.22862,-3.52053,0.26728,-5.64657
0.32933,-1.34623,-3.06175,0.18764,34.33666
1.12824,-0.1882,-4.39019,0.03772,1.75683
1.06686,-1.99991,-4.91996,0.02198,8.45648
1.85903,-1.59228,2.19306,0.4749,4.97437
1.08831,-2.57705,-0.46539,0.30191,4.94138
1.04298,-2.34505,-4.54408,0.3217,8.06841
1.93196,-1.8189,4.3897,0.45771,4.38396
1.01104,0.50413,1.6561,0.27543,-5.13315
0.52559,-0.36938,-2.35727,0.30778,9.36498
0.59045,-1.46436,-0.61305,0.26152,16.98033
0.37134,2.26894,-0.10733,0.08799,-20.16874
0.20102,0.15801,0.69928,0.15576,-10.37408
0.9775,2.65848,3.5745,0.44217,-6.31617
1.58464,0.84801,0.899,0.22193,-4.72226
1.52024,-3.0424,4.78726,0.10207,0.42762
0.25787,2.59794,2.26809,0.41402,-33.79968
1.22597,2.24601,4.88517,0.04365,-6.38791
0.47771,0.84993,0.50749,0.31977,-16.13812
1.89394,0.21849,1.78449,0.35006,-1.29687
0.50126,-0.29577,2.37899,0.15188,4.26643
1.32795,-0.112,2.54747,0.08344,0.7051
0.78723,1.69156,-4.7557,0.22415,-10.65061
1.35481,0.08257,-3.72526,0.37752,0.16898
0.94207,-2.0356,-2.72278,0.44335,10.66872
1.56736,-2.77605,-2.28506,0.40767,2.61648
0.61522,-2.34874,4.05368,0.05476,10.77234
1.83043,-1.56174,2.22603,0.11139,5.28518
1.10038,-0.83105,-3.56718,0.30849,7.49391
1.56097,2.46562,-0.73645,0.35496,-3.82468
1.72951,-1.63936,-2.56878,0.00437,5.66254
1.99789,-1.1335,3.29864,0.07129,4.38921
0.6031,-1.74035,4.17797,0.04701,15.49269
0.71641,0.2874,-3.3571,0.17055,-2.76597
0.65078,0.73568,-0.83429,0.3404,-9.44559
0.67317,0.20186,4.52837,0.4716,-7.63444
1.2484,2.8391,1.57089,0.04476,-2.38604
1.98834,3.11255,3.68097,0.25305,-0.37886
1.9825,2.11992,-1.42306,0.18623,-4.15337
1.14819,1.91823,-2.90298,0.19916,-7.59481
1.35025,-0.84162,1.91304,0.03402,5.3822
1.74795,0.50129,-3.62574,0.14416,-2.52598
1.87928,-0.93323,3.39902,0.12623,4.07308
0.56695,1.78666,2.54837,0.35915,-19.74897
1.15138,-2.06195,-1.95093,0.32093,7.98538
1.69911,-1.7802,-0.01288,0.31816,5.64891
0.74576,-2.89847,2.99194,0.25963,1.76999
0.99166,0.68449,4.3491,0.17104,-7.01127
1.97412,1.18462,-1.4784,0.1219,-4.55711
1.97308,-3.12047,2.89992,0.00564,0.10083
1.83099,0.06777,-3.05533,0.07396,-0.2954
1.63721,-0.77362,4.0354,0.10994,4.02121
0.68443,1.83708,1.8625,0.48778,-15.76718
0.77753,-2.89723,-3.47261,0.48523,5.83962
1.18511,-2.83645,2.39829,0.38383,1.83147
1.2094,0.7553,2.24058,0.30516,-6.02791
1.10991,0.57578,2.42297,0.3344,-5.47028
1.34601,2.0803,-1.55123,0.30027,-6.10543
0.93498,0.57973,2.398,0.32342,-6.63476
1.54851,2.82348,3.2657,0.10962,-2.13075
0.80039,-1.16626,-1.52871,0.48835,12.43256
0.79522,-0.64138,-2.92042,0.37832,9.12793
0.42901,3.00132,3.8788,0.11712,-5.66546
0.53968,-2.466,1.20694,0.25682,10.30317
1.73094,1.85923,-0.39613,0.39461,-5.38117
1.00331,-3.0689,3.79744,0.45558,-1.00855
0.61016,-0.08474,-3.63994,0.19192,3.23721
1.56681,-2.17774,3.10585,0.24187,4.83686
1.19717,0.62117,-0.09179,0.15494,-4.75906
0.23808,1.87346,-4.57476,0.18829,-24.13504
0.76945,-2.93398,4.72613,0.11385,1.71908
0.5186,-2.11258,2.78067,0.01496,16.05262
1.38057,-0.98891,-2.85244,0.20817,6.24787
0.69506,-1.53436,4.23696,0.23529,12.04105
0.3169,-0.73375,4.35346,0.38995,3.82598
0.29888,2.83917,3.00466,0.26131,-18.5647
1.24711,-2.5057,-3.7283,0.1632,5.06294
0.2391,-0.48203,-3.13619,0.23162,31.72617
1.72783,-0.2696,2.54033,0.39807,1.17351
0.47971,-1.38015,4.13806,0.24048,15.755
1.29182,-1.39168,-2.84982,0.27759,7.9465
1.00044,1.34933,-0.39172,0.0865,-9.53235
0.99713,0.74043,-3.45206,0.00382,-6.62369
0.32923,1.96558,-0.21992,0.46484,-26.5613
1.64495,-0.59644,1.42529,0.13398,3.27925
1.80749,0.67049,-4.81445,0.17379,-3.1163
0.21983,2.47299,1.42927,0.05742,-29.36129
0.52149,2.20746,1.3975,0.2565,-16.44416
1.82703,2.63908,-0.44992,0.36855,-2.53635
1.18909,-1.45157,3.95402,0.34303,7.23217
0.47007,3.04999,-3.65181,0.4278,5.16108
0.56502,1.98794,-4.48688,0.14329,-13.85956
1.38798,1.85233,-0.04169,0.15733,-6.78618
1.50467,1.05293,0.33035,0.48279,-5.73526
1.27897,3.03646,-2.33311,0.2283,-0.47926
1.91567,-0.36717,4.61628,0.41726,1.31341
1.08931,1.51764,-2.46273,0.30575,-8.35837
0.74049,1.24917,-2.29838,0.09043,-12.1896
1.05902,1.45826,3.10986,0.47872,-10.53213
0.8474,1.58,4.22824,0.16222,-12.5313
0.60395,-1.94304,0.3614,0.3209,14.81274
0.28273,-0.94844,-4.80946,0.12726,35.84787
0.83398,-0.67699,-1.44565,0.28783,7.96707
1.48054,1.55823,-2.7606,0.27056,-6.28471
0.23319,1.35873,0.11018,0.13052,-41.39105
0.99052,2.0946,1.82572,0.49439,-9.49595
1.35922,1.81282,-1.07564,0.07034,-6.96609
1.29873,0.6034,0.3736,0.22151,-4.33528
1.59797,-2.26227,2.5986,0.01569,4.71299
1.65894,0.85109,-2.53853,0.34136,-4.13202
1.48107,2.43197,-3.04032,0.23105,-3.99537
0.38504,0.89959,3.05635,0.28005,-25.72462
1.05504,2.48579,-4.62976,0.34925,-4.21733
1.28613,3.13564,-3.49403,0.382,0.76153
0.64202,-0.88466,-4.87643,0.48291,17.53522
0.27659,1.40297,0.55385,0.432,-38.09638
0.60246,0.25107,1.00086,0.1619,-4.4918
1.01881,-0.28292,0.31031,0.36363,2.5793
0.94507,-1.63446,-0.85731,0.03798,10.39556
0.518,-1.59647,0.29029,0.0681,18.85829
1.68395,-1.97938,-3.06062,0.22981,5.5941
1.86624,0.82614,3.26243,0.22981,-4.08052
0.56243,-2.24905,4.80773,0.25288,9.73841
1.87323,-0.43111,0.40623,0.2376,2.16091
0.23215,0.14661,-1.25644,0.32069,1.30335
1.86493,-0.38808,2.91783,0.47717,1.59024
1.91347,2.23009,-3.06928,0.08634,-3.97998
0.22169,-0.35708,-1.79226,0.17873,21.98489
1.57343,-2.62114,4.39981,0.03713,3.03437
1.94636,3.09258,-3.13706,0.09999,-0.16413
1.83062,2.1676,-3.87884,0.49365,-3.86111
1.94728,1.00558,0.46354,0.01978,-4.25671
1.19058,1.61053,0.87417,0.10684,-8.29905
0.34068,-2.33615,0.9715,0.21325,18.98039
1.72962,1.67079,-3.35522,0.14633,-5.47931
1.30489,-1.83627,2.21145,0.27261,6.90045
1.30653,-0.06927,-2.57719,0.49522,1.26733
0.95106,-2.02329,4.48103,0.35197,7.53306
1.22932,1.59458,-2.72043,0.20293,-7.61249
0.47644,-1.59634,-4.82689,0.34147,27.8443
1.53159,-1.55064,0.67845,0.43613,6.27768
0.33503,-2.45533,-2.97152,0.1145,21.5851
1.51361,1.38611,1.28574,0.35846,-6.57217
1.72816,-1.28275,-2.70787,0.30698,5.72101
1.05044,0.11486,-0.71916,0.36691,-0.83115
1.11769,-1.05404,-3.20486,0.04208,7.73893
0.76199,1.726,-0.71189,0.36647,-12.27019
1.94503,-1.71855,-3.6348,0.39401,5.36724
1.51962,2.76984,-1.62027,0.34362,-2.10385
0.86418,-1.12255,-3.01068,0.09862,10.62795
0.51465,-2.48907,3.16102,0.08067,10.61111
0.59524,-1.63171,2.29354,0.36919,14.06027
1.03506,-2.67701,-3.33181,0.32385,5.25366
1.89662,-0.19642,-4.17095,0.49182,1.5797
1.52146,-1.56922,-4.74255,0.22737,6.91356
0.58744,2.4256,-2.73328,0.11466,-10.05292
1.74721,0.10762,-0.19823,0.38486,-0.57811
0.88076,-1.6753,-1.00117,0.37426,11.56036
1.7331,-0.30618,4.71499,0.26135,1.29587
0.63506,-1.91012,2.92246,0.37302,11.86348
1.31359,-2.0186,-4.21813,0.1553,7.11136
1.86801,-1.25251,-3.41068,0.10786,5.09324
0.66421,-2.46111,-4.73401,0.06305,9.96895
1.44727,-1.95629,-3.61774,0.14524,6.53172
1.97716,2.75233,0.29417,0.32728,-1.90761
0.47108,1.04805,-4.23262,0.12922,-15.57899
0.35912,2.64587,-4.40132,0.44172,2.08077
1.41355,-1.52778,-3.81838,0.12488,7.17219
0.81152,2.24318,1.69414,0.34222,-10.33754
0.32824,-0.86537,-4.80642,0.26378,34.52118
1.05555,-2.23559,4.69626,0.10577,6.86875
1.55679,1.91453,-1.19214,0.2781,-5.79603
0.71322,-2.7668,-1.63413,0.47737,6.56877
0.80308,-0.59783,-0.25187,0.47209,7.05978
1.72226,2.00631,0.17862,0.1458,-5.17308
1.13613,0.73629,-0.79987,0.26824,-5.6323
1.71692,0.11351,-0.13674,0.07543,-0.64368
1.0035,-0.91965,-1.60266,0.23452,8.14875
1.91536,-2.67,-1.77993,0.16075,2.40482
1.37143,3.08487,-4.72685,0.46474,0.76244
0.40862,-2.04346,1.71801,0.31634,18.1206
1.79317,-1.53744,1.17272,0.09246,5.434
1.08068,-1.65929,1.6882,0.49617,8.32488
0.45495,2.56317,4.41055,0.34709,-19.18457
0.47484,1.6568,-0.26915,0.06734,-20.50275
1.43756,-0.2681,3.8177,0.39978,1.0692
0.28527,2.86151,-0.56057,0.27878,-7.58593
0.71587,-2.80994,-0.22386,0.20013,4.54934
0.45162,2.4735,1.32953,0.09816,-14.09629
0.99394,-2.76192,-2.84099,0.13896,4.05757
0.94584,-0.68405,-2.82644,0.08363,6.81849
1.13938,-2.80227,0.09832,0.40168,2.83539
0.70335,3.13511,-4.3139,0.13649,1.09986
0.25768,2.60369,-2.63342,0.23498,-10.18554
1.30589,0.53281,2.93412,0.48396,-4.64846
0.87269,-1.77283,-0.36267,0.49728,11.24923
1.3724,-1.40255,-4.73378,0.39563,8.04146
0.3956,-0.31703,-4.39259,0.39946,18.94234
0.2248,-1.1135,4.19515,0.47242,-0.06327
0.64693,-3.00767,4.56718,0.39841,-2.32309
1.02179,0.98179,1.41104,0.22548,-8.28774
0.90933,0.71269,-3.15055,0.03016,-6.93917
1.65854,2.54036,-1.31914,0.10418,-3.29582
0.88011,-0.14543,-1.94533,0.22227,2.17354
1.15479,-0.97572,2.85156,0.13271,6.75102
1.26833,0.07236,0.3709,0.16459,-0.59717
0.2393,-1.91829,2.79657,0.02947,37.10587
1.12724,0.78879,-1.39489,0.27606,-5.87152
0.8207,1.69667,3.69511,0.17579,-12.8231
0.9583,-2.17736,-0.70838,0.12942,8.51051
0.38052,-1.14113,-0.82626,0.30519,25.17891
1.60908,2.31096,-0.10902,0.13839,-4.49569
1.89633,0.03476,0.91806,0.23813,-0.24056
0.24008,0.20004,3.94112,0.1232,-16.543
1.28247,1.39743,-0.42244,0.34026,-7.44724
1.57492,0.48941,4.30136,0.42708,-3.66888
0.71265,-2.70441,-1.06332,0.04086,5.91367
1.6176,1.90985,-1.75427,0.40993,-5.44446
1.33824,2.65676,-2.04954,0.42585,-2.92913
1.87249,-2.80684,-4.78848,0.48246,2.38009
1.96581,-2.37976,3.49144,0.41392,3.07059
0.27622,1.26905,-4.20766,0.2762,-18.67884
1.00089,0.65643,-1.65669,0.03513,-5.92356
1.18458,-0.73817,-2.49543,0.03722,5.63905
0.46414,0.24661,2.44437,0.09835,-6.27556
0.80531,1.27761,4.32587,0.22355,-13.15291
1.97777,0.02813,3.1671,0.47772,-0.52629
0.22921,-2.26076,-1.80002,0.08768,36.01273
1.01451,-2.57965,-0.44243,0.2694,5.2681
1.71678,-0.38416,-2.52963,0.49904,2.56989
0.78302,2.65706,4.2398,0.00689,-5.88326
1.06364,0.36304,-3.81255,0.02349,-3.19609
1.96048,-0.89083,4.51954,0.13496,3.73228
1.05478,2.56798,3.13657,0.11257,-5.36452
0.43566,-0.69974,2.11578,0.2493,11.72279
0.2931,0.05747,2.73994,0.21023,-8.62743
1.90175,-2.40961,-1.60653,0.29182,3.57724
0.67846,1.49163,-2.04113,0.07354,-14.08791
1.10732,1.25854,-1.18579,0.34292,-8.09922
0.36326,1.84879,-3.18387,0.10735,-23.37842
0.96258,-1.09836,2.4636,0.226,8.47411
1.87419,-0.40179,-0.24956,0.01668,2.04813
1.10434,-2.08387,3.8581,0.39893,6.47731
1.94804,2.91857,3.78382,0.31355,-1.42645
0.6659,-2.60075,-3.44146,0.10439,8.39493
1.10818,0.93628,-2.81182,0.30088,-6.4404
1.74716,1.28967,-0.8936,0.2185,-5.33046
1.00685,-2.15051,-3.81186,0.41313,9.70483
0.70308,-0.8462,1.89434,0.49186,8.56258
1.73986,-2.87062,2.37596,0.06226,1.46035
0.9018,0.35568,2.2135,0.24505,-4.4551
1.1553,3.10979,-0.2979,0.12901,-0.24122
1.95775,-0.44055,3.43216,0.37484,1.80113
0.53567,3.07881,1.05846,0.01723,-1.21253
0.74252,-2.34849,4.93612,0.27229,6.97598
0.25593,-0.67573,3.15438,0.42855,3.33615
0.90531,2.52562,2.22259,0.19464,-6.78842
0.56033,2.36685,-3.76697,0.41895,-7.22062
1.42406,-1.10841,3.326,0.07345,6.04489
0.52638,1.12224,-1.94428,0.45916,-13.57112
1.41466,2.42632,-0.81086,0.39573,-4.3875
0.67426,1.67684,-0.3724,0.19555,-14.30746
0.83939,0.80724,-1.68689,0.06531,-8.28612
0.82795,-2.18293,-3.91561,0.26021,11.18347
1.49015,-2.6829,-3.00636,0.33521,3.36871
1.03972,0.72019,3.03466,0.06446,-6.4038
0.85034,0.00173,1.5227,0.46659,-1.00255
1.73472,-1.64596,4.42841,0.38135,5.07792
1.22951,-1.30207,3.21068,0.47582,6.68183
0.5849,-0.67804,-0.9778,0.14962,10.94828
1.82016,-0.02814,2.86206,0.21672,-0.03556
0.81677,-0.68952,0.76429,0.12005,7.50331
0.27016,-0.70817,-2.13699,0.13689,27.62651
1.09028,-2.41442,4.75089,0.07264,5.69096
0.42309,2.29707,4.28491,0.06262,-18.83447
0.62924,0.68584,-3.87802,0.33539,-6.58865
1.5448,-2.22361,3.39421,0.07847,4.93297
0.43535,-0.47831,-4.22313,0.06672,11.85829
1.6525,-0.52329,4.28819,0.26729,2.5469
1.88643,0.63222,1.24166,0.352,-3.19586
1.29176,0.68405,-3.33418,0.38902,-4.02179
1.47865,0.91246,3.17262,0.29012,-5.6689
1.48446,1.24346,0.15782,0.10078,-6.26481
1.98705,-2.4922,-4.4045,0.28662,3.30512
0.81477,-1.22571,2.98427,0.3129,9.9238
0.49314,-3.03259,2.88338,0.12905,0.63395
1.1345,-0.285,-0.1794,0.07224,2.4412
1.15985,-0.4434,2.3111,0.46283,2.8335
0.52024,1.47232,-4.59852,0.04797,-17.95014
1.3036,-2.09157,-1.81893,0.13859,6.67609
0.22542,0.8262,1.73222,0.11572,-35.94631
1.8698,-1.21458,-2.69394,0.44599,5.26083
0.67623,-0.74194,-0.49589,0.25098,10.07471
0.27121,1.37782,4.31947,0.47829,-63.58766
0.39485,-2.69204,3.26752,0.41411,2.11759
0.63245,-0.98782,0.57997,0.37744,12.40192
0.69303,-0.68284,0.76716,0.08839,8.7907
0.25906,1.35559,3.87006,0.17218,-46.92331
0.70284,-1.88983,3.63059,0.41014,10.23902
0.5473,2.81118,-4.11703,0.49177,0.94393
0.88152,3.12753,-0.34423,0.43896,0.03796
0.8933,2.00377,-3.09146,0.47421,-8.13124
0.81021,-1.25844,-4.1678,0.32092,13.55961
0.79026,1.0296,-2.07604,0.24141,-9.83713
0.36152,-2.61916,1.10644,0.25736,11.3617
0.24537,2.33282,2.9437,0.22925,-40.13242
0.56381,0.10049,4.12476,0.07744,-2.75028
1.56197,-2.03299,-0.77044,0.15288,5.66983
1.98346,-1.08437,-0.77677,0.04519,4.38116
1.87135,1.88962,-3.46747,0.04428,-4.93418
1.10759,2.3262,-3.05159,0.15592,-6.06001
1.15728,0.12386,-3.97505,0.33306,-0.05874
0.76625,-0.12371,4.75901,0.30686,-0.90747
1.59309,1.57541,-3.72403,0.27973,-5.74731
1.57656,2.04951,2.56642,0.37447,-5.90958
1.71969,1.66408,-1.82236,0.21135,-5.54948
1.81191,-0.72616,0.37148,0.22105,3.57002
0.98183,0.89175,3.7271,0.25901,-8.77654
1.58038,2.24536,4.36167,0.0333,-4.90599
1.65152,-2.18805,-2.5977,0.29085,5.12089
0.75523,-0.70286,4.11269,0.37512,5.69157
1.87264,-2.78585,-2.47948,0.13182,1.91776
0.36981,-0.57254,3.04797,0.42741,4.84599
1.98968,1.7108,-4.8475,0.13311,-4.7192
1.58616,-1.90363,0.35231,0.25661,5.80939
0.36789,0.26318,2.25813,0.43724,-14.23244
1.38121,-2.91172,3.38939,0.36906,0.96264
0.26152,2.49851,3.41129,0.28806,-36.86182
1.58634,2.01065,-2.01132,0.31137,-5.34656
1.6386,0.15337,3.5315,0.05444,-0.98619
1.28434,1.293,-1.76353,0.34966,-6.97151
1.74235,-2.48867,-2.66233,0.30596,3.68882
0.37619,2.16902,-4.98527,0.04227,-20.05974
0.69666,1.35253,-2.64285,0.06215,-13.40887
0.94552,-2.38782,-3.81561,0.4855,9.17292
0.27642,3.02026,1.74937,0.08906,-6.33429
1.00679,-3.00003,-3.55212,0.44789,2.94433
0.67738,0.80746,0.85384,0.13792,-10.72047
0.90692,-2.06242,-3.73532,0.19806,10.43518
0.96518,1.37764,2.04419,0.27774,-10.5843
1.78294,-2.69922,-2.14454,0.31293,2.56651
0.68661,-2.63202,-1.91304,0.24889,7.97946
1.80874,-0.2118,1.40385,0.17422,1.06538
0.96675,3.10395,4.38945,0.24934,-1.55292
0.79005,-1.40419,4.91601,0.35034,9.48567
1.10452,0.70704,-1.42736,0.19824,-5.53744
0.95194,0.11686,4.46327,0.27262,-2.54431
0.66327,2.1496,1.12321,0.18959,-12.86531
1.10482,-1.32833,4.06469,0.16496,8.0702
0.47324,0.34523,-4.72148,0.14941,-3.86516
0.83347,2.83135,-4.66827,0.11198,-2.84076
1.21842,-1.05189,-4.25426,0.38039,8.08161
0.94413,-0.38073,3.04393,0.49195,2.18113
1.68304,2.44299,-3.62044,0.0145,-3.73023
0.6621,-1.05244,-3.23415,0.09803,13.59338
1.94559,-0.74975,0.854,0.48212,3.32724
1.6125,-1.23076,4.57446,0.17089,5.43474
1.94167,1.94484,0.67112,0.19449,-4.73764
1.70865,2.7042,2.32596,0.33148,-2.69602
0.45579,0.82372,-3.12266,0.17634,-13.14042
1.14763,0.77679,4.14174,0.24635,-6.76685
0.50596,-0.69113,-4.44123,0.45036,20.17176
1.67281,-3.06315,-2.17181,0.28239,0.67869
1.25149,-2.04871,-0.46276,0.33344,7.05889
0.67421,-2.21521,-2.73828,0.10854,12.2862
1.87328,-2.41348,1.63761,0.13073,3.42387
0.40733,0.96791,1.78792,0.44578,-24.64109
1.21495,-2.28489,-2.88142,0.45879,6.99731
1.49787,-2.60354,-4.91409,0.40349,4.24003
0.30593,-0.73776,-4.25683,0.06103,24.34491
1.27614,-1.57694,-4.99572,0.40927,8.94257
1.66862,-2.22512,4.05394,0.00961,4.65082
0.32155,-2.22344,1.21666,0.29828,20.7285
1.12204,-1.5318,-3.61565,0.33763,9.70603
0.6654,0.23153,-4.07487,0.2132,-1.42092
1.39326,1.62166,3.17595,0.23961,-7.42393
0.41362,2.21656,3.1104,0.37092,-25.68544
1.88669,1.5797,4.2738,0.44744,-5.73658
1.81051,0.80559,-3.40727,0.09467,-3.80952
0.53475,2.56118,0.22275,0.06924,-10.11369
0.78188,0.12401,-3.78524,0.315,0.39845
1.25774,0.83791,2.9564,0.11538,-6.0127
1.49251,-0.5553,-0.87515,0.09711,3.50335
0.99678,-1.08458,1.95826,0.10175,8.50056
0.48132,-1.05739,-4.69686,0.09842,19.74892
0.38747,-2.20969,2.77931,0.23856,15.90792
1.99958,1.86358,-2.70514,0.48219,-4.37102
1.01963,-2.7937,3.42804,0.41403,1.91476
1.77056,1.09758,-3.14142,0.27167,-4.65952
1.06828,2.28997,2.90097,0.04058,-7.012
1.86024,-0.01616,-3.65894,0.33647,0.44097
0.35797,-2.70051,1.63417,0.22557,8.82295
0.40523,-0.44977,2.79259,0.38918,3.90637
1.87334,-0.98504,-1.13767,0.24698,4.44372
1.90549,3.05073,-2.55667,0.33414,-0.23184
0.76649,1.20175,-1.55472,0.10002,-11.6722
0.8393,1.39084,-2.03408,0.41661,-10.29662
1.01441,0.09944,1.33067,0.38971,-1.46405
0.94909,1.31579,-4.55438,0.18701,-9.05642
0.54208,1.39845,-4.58564,0.48182,-10.30987
1.81708,-2.72465,-2.12227,0.0802,2.23789
0.65595,-1.74291,-2.23027,0.01001,14.78621
1.46949,-3.06012,-3.2293,0.38157,1.11395
0.32088,0.06162,2.16815,0.30028,-8.20589
0.26975,2.36122,-4.76237,0.05546,-21.9558
1.37671,0.68835,4.24235,0.07975,-4.70519
0.81023,0.0013,2.57487,0.06544,-0.27246
1.37983,2.67642,-0.97042,0.08343,-3.14666
0.36924,-2.05951,3.58934,0.2307,17.38431
1.90973,-2.67284,1.18154,0.02548,2.31244
1.54733,2.62201,0.7023,0.25969,-3.22409
1.77728,2.53075,-1.86982,0.30269,-2.98666
0.44565,1.14965,1.63105,0.36368,-23.07629
0.77629,-1.59606,-3.60305,0.47302,15.46113
0.86302,2.95161,0.24899,0.04124,-2.16032
1.16691,1.66722,-3.8389,0.01758,-8.3182
0.73436,1.09261,-0.54853,0.06957,-11.78935
0.30914,-1.741,1.16271,0.16866,29.22312
0.86398,0.08224,-3.44497,0.26268,0.27953
0.65819,2.02681,-2.7788,0.00214,-13.3678
0.89466,2.26358,3.13258,0.34618,-9.79216
0.55453,0.38598,-2.44287,0.47844,-2.85906
0.67141,0.14322,-4.04444,0.12489,-0.96493
1.32851,1.24208,-1.6931,0.0044,-6.98461
0.89868,0.17749,4.3514,0.37662,-3.95658
0.82169,-0.51723,1.93783,0.38503,4.79832
1.16103,-2.60489,0.75434,0.02175,4.30805
1.58935,-2.3496,3.4042,0.30866,3.97723
0.88196,1.63536,1.60187,0.12142,-11.34979
1.25754,-2.98662,3.11145,0.31644,0.58147
1.93916,-2.81295,1.57157,0.36319,1.48101
1.13956,2.54245,3.64258,0.11137,-5.16705
1.83764,1.28175,1.24008,0.13038,-5.16481
1.62861,-3.11512,-2.35125,0.30579,0.43049
0.30569,-1.18097,-4.58882,0.29113,43.97937
0.97238,1.65448,-3.9468,0.44308,-8.20384
1.45697,-0.51773,0.12446,0.25518,3.31732
1.97608,-0.19605,4.71768,0.39988,0.48392
1.02508,-0.25887,2.59462,0.366,1.5461
0.36701,-1.87154,2.75443,0.33285,18.72314
1.21162,1.39104,1.63787,0.09589,-8.07315
0.42781,-2.49438,4.03488,0.13818,10.77995
1.55274,0.04556,2.35459,0.28338,-0.5645
1.11382,-2.07373,-2.41637,0.03297,7.78115
1.50218,-2.84922,-0.00518,0.02252,1.88232
1.76485,-2.24156,-0.95657,0.02491,4.3619
1.33211,2.3206,-3.34609,0.46065,-4.52072
1.30239,-2.03482,-2.77623,0.34444,7.29956
1.55823,-1.39255,-2.14843,0.41838,6.56607
1.71642,-2.27392,-3.26356,0.48171,4.89347
1.7643,1.47997,-2.82692,0.35048,-5.21907
0.26557,-0.34275,4.16393,0.25766,-2.79733
1.20114,2.78744,-1.56761,0.23951,-2.57211
0.58928,1.03248,3.27517,0.37301,-17.81104
1.74862,0.19722,-4.3561,0.43395,-0.48107
1.36712,0.98414,4.81809,0.41481,-7.04522
0.9564,-2.88759,2.64792,0.24647,1.86391
0.53859,2.83158,4.06716,0.38675,-10.9793
0.81024,2.86783,0.25911,0.23829,-3.36736
1.4668,-1.40655,1.34538,0.19219,6.47784
0.56785,0.8061,-1.39181,0.14884,-11.8237
0.36845,-1.87292,-0.67969,0.02727,25.5557
1.79845,0.29827,2.50743,0.10058,-1.68095
1.57558,1.70142,-4.50031,0.365,-5.51154
0.55963,2.76348,-4.63449,0.08586,-5.20078
0.72616,-1.01023,3.74921,0.45059,8.23813
1.94973,1.21583,-3.89992,0.03929,-4.67749
1.47473,1.35985,2.2103,0.02556,-6.53058
1.29894,-1.75207,-3.00457,0.24054,7.85691
0.75373,0.81073,-1.33791,0.11133,-9.17116
0.73843,0.97654,-2.0645,0.05148,-10.81262
0.27114,1.65924,-0.09665,0.02993,-35.99947
1.51127,3.14126,3.26661,0.26365,-0.37924
0.27772,-2.88881,3.75534,0.12973,2.51785
0.20874,-1.87047,-2.77955,0.27788,62.62713
1.51309,-2.23004,-1.62352,0.07415,5.17744
1.90797,-2.17125,3.36917,0.01221,4.2309
1.56171,-0.28746,-4.10365,0.01363,1.8039
1.04895,2.37842,-3.83103,0.05634,-6.26828
1.07488,-0.32218,-0.20419,0.39802,2.96015
0.98505,1.05859,2.90144,0.22426,-9.35145
0.78436,-0.77598,-1.64024,0.31193,9.59175
1.13909,-1.13309,-4.30568,0.43749,9.25205
0.97607,2.10006,4.67868,0.1063,-9.1974
1.2767,0.97733,4.38911,0.43567,-7.54316
1.81662,-0.93685,1.51901,0.37282,4.17928
1.99102,2.60225,1.81876,0.36451,-2.69769
0.34174,-0.00935,4.33695,0.43537,-15.8995
0.89243,-1.95863,1.43863,0.06294,10.06237
0.52527,-0.10542,2.88412,0.27025,-0.85978
0.83382,1.09767,-0.36484,0.24177,-10.34587
0.71745,-0.83496,-2.71997,0.332,11.89
0.51417,2.16006,3.32532,0.11899,-17.3584
1.57534,0.20825,1.84382,0.06366,-1.33477
1.09332,-0.20254,-2.10438,0.48672,2.66179
1.85464,2.25385,1.23276,0.23284,-4.18619
0.25867,-0.23299,3.16484,0.11601,3.26923
0.32056,-0.53778,-2.29655,0.06433,17.1132
0.92589,-2.48992,2.68152,0.2968,5.49776
0.3445,-0.86399,-4.27657,0.07388,24.31663
0.67291,-0.64686,1.24949,0.09152,8.53368
1.97485,-2.00671,4.98934,0.47608,3.89388
0.57613,0.55181,3.66375,0.01458,-9.08727
0.55661,-2.23781,3.75658,0.09342,12.71444
1.23255,-1.73611,1.80357,0.33561,7.45215
1.0964,0.38385,-0.38813,0.10845,-3.31578
1.24479,-1.45152,1.77216,0.09097,7.72082
0.87812,0.87756,-1.78808,0.27825,-7.94774
1.68817,1.19703,0.52769,0.34798,-5.47425
0.44944,-1.24853,0.3968,0.21532,20.28031
0.97111,-2.59252,0.4373,0.39064,5.09099
1.44157,-0.06628,-0.88012,0.40761,0.62331
1.76283,-2.55789,-1.47198,0.31154,3.21448
0.86523,0.09573,-1.69645,0.28891,-0.42902
1.22194,1.42137,-2.75269,0.40815,-7.18629
0.32445,0.75605,-0.61453,0.00751,-20.69945
0.50657,-0.32504,-3.82254,0.25532,9.98752
0.32445,2.80141,4.01574,0.06437,-12.54389
1.51019,-2.5023,-4.30316,0.11078,4.08467
0.71851,2.38762,3.37419,0.4745,-12.44751
1.50274,1.88577,-2.58752,0.00186,-6.2048
0.31952,-0.5043,3.53219,0.15351,9.52416
1.75259,-2.1811,2.20266,0.07718,4.53161
1.70395,-2.16225,4.20975,0.28521,4.36569
0.36007,2.65028,3.70233,0.42213,-24.90779
0.24276,-1.67318,2.01088,0.19544,33.52957
0.30132,2.35064,-3.48321,0.41859,-7.08975
1.73653,0.0207,0.49045,0.22012,-0.15276
0.62247,-0.24043,-1.60172,0.45452,5.63165
1.18689,0.75091,3.85776,0.42347,-6.79913
0.96724,-1.79046,3.72228,0.08941,9.54281
1.63195,-0.45006,-1.85963,0.44253,2.924
1.08002,2.75508,1.717,0.09628,-3.56574
1.10119,-1.64458,-1.61715,0.2452,9.21131
1.98037,2.64889,1.7819,0.098,-2.38765
0.47023,3.10521,1.13871,0.19323,-1.75392
1.69527,-2.81545,0.10948,0.4928,1.83523
0.29315,0.19716,3.78406,0.38257,-23.40092
1.05977,-2.06202,-2.5395,0.27704,8.78861
1.7954,0.76475,2.97467,0.46774,-4.21466
1.39739,3.07589,1.89508,0.17985,-0.63548
1.43339,2.49368,-2.18732,0.0866,-4.0383
0.67397,2.6694,-0.78314,0.41448,-5.90582
0.95343,-1.80108,-4.30986,0.00609,10.04637
0.85985,0.2659,0.97577,0.4023,-3.52901
1.1386,-1.66611,3.87891,0.01093,8.54406
1.03201,2.50966,-3.82182,0.14219,-5.10485
0.78842,-1.94054,-3.68002,0.17775,12.65411
0.74987,-2.17424,-0.25433,0.15926,10.84386
0.65154,-3.06517,-2.1877,0.12172,1.7768
0.85709,-1.99838,-2.23071,0.05409,10.57956
0.46989,-1.94928,1.3867,0.00159,19.3895
1.76979,-2.65471,-0.89744,0.38736,2.70444
1.28381,2.31059,3.44648,0.22846,-6.12166
0.44082,1.75928,-0.71094,0.08097,-21.56383
1.44895,-1.54264,1.15275,0.04109,6.74519
1.7258,1.77976,-1.02109,0.13922,-5.51294
0.62756,-0.48905,-2.43977,0.17719,8.44137
0.47108,1.73115,-0.28668,0.23071,-20.25926
0.21551,-1.11208,2.2048,0.05053,38.4153
0.28505,0.40623,4.52809,0.48996,-40.90361
1.57205,-0.74386,-4.57833,0.13437,4.47443
1.97694,-1.96239,0.31827,0.22065,4.56863
0.28078,0.53805,1.35966,0.35451,-24.01801
1.54653,1.57602,-4.14279,0.1551,-6.07451
0.32935,1.59032,3.29171,0.04125,-31.03182
1.26584,-0.90296,-2.24048,0.18827,6.34811
1.56094,0.11757,3.74912,0.27644,-1.16255
0.84657,1.65737,0.52607,0.42088,-11.85351
0.21968,-2.79917,-3.47921,0.18396,28.2561
1.27134,-2.6899,2.39221,0.44476,2.70976
1.98424,-0.77772,-3.42771,0.27304,3.70665
0.66371,-1.73748,2.20378,0.35874,12.78096
0.54108,-0.78762,3.08198,0.01508,12.68974
0.42307,-2.55252,0.75529,0.44786,10.99293
1.19946,0.5781,-2.28908,0.10672,-4.29933
1.2736,1.07908,-0.62662,0.16293,-6.72704
1.62609,1.83369,0.2802,0.26183,-5.85336
1.55553,0.94576,1.65781,0.47991,-5.44305
1.80657,-0.65105,1.33926,0.17284,3.2199
1.65039,2.73273,-0.99576,0.11025,-2.32282
0.64508,1.42209,2.58166,0.48036,-18.01973
1.20058,0.17393,2.71416,0.40423,-2.17518
0.73534,-1.84191,1.96331,0.33171,11.64904
0.79361,0.93604,-2.27845,0.20482,-9.21245
1.8775,0.5763,-0.30604,0.21023,-2.82899
1.42741,1.1519,-0.67243,0.47534,-6.12148
1.95426,1.76636,3.16792,0.03448,-4.95271
0.95044,2.60783,3.0818,0.37875,-6.54343
1.16739,2.82151,3.66081,0.30058,-3.45154
1.07681,0.81798,-2.68824,0.48422,-5.52574
0.39312,2.92769,2.48455,0.2792,-9.78598
0.62606,2.58504,3.70399,0.14027,-9.60303
1.14975,-3.12517,-3.33509,0.38996,1.12399
0.32127,0.86468,-4.60063,0.49281,-1.26745
1.87663,-2.02024,-3.94491,0.45373,5.21656
0.42292,-1.28684,1.06202,0.14737,21.39203
0.55637,-1.27234,-0.78352,0.17318,17.29117
1.57758,-0.106,-3.04949,0.37741,1.12036
0.37448,-3.07332,0.28304,0.2991,1.18348
1.8205,-1.66004,2.85523,0.00581,5.36218
1.50626,-2.95862,3.55818,0.07093,1.07379
0.32352,0.94599,2.51721,0.04275,-25.62223
1.44532,2.44597,3.85511,0.08936,-4.51474
1.33693,3.1277,1.04185,0.15245,-0.19081
1.56323,-0.32323,3.37074,0.4836,1.3262
1.69076,-1.50708,-0.82813,0.33823,5.88835
1.49303,2.21862,3.52479,0.02738,-5.28264
1.25512,-2.4306,3.95813,0.30368,4.33761
0.78043,2.97973,1.86408,0.21833,-2.69392
1.45509,1.34986,-0.68954,0.37702,-6.45518
1.92255,0.02472,-2.18326,0.44196,0.13492
1.25754,-2.53432,-1.74821,0.03261,4.4875
1.39582,-3.02726,-3.67645,0.48997,1.72633
0.98683,0.2798,-4.52838,0.02895,-2.61073
1.56102,-0.54129,-0.85582,0.36619,3.36659
1.9958,2.15302,-4.57331,0.45157,-3.58701
0.4887,0.89413,3.80588,0.37586,-21.64028
0.56433,-0.42791,1.49958,0.07539,6.85857
1.17099,-1.72155,3.43667,0.104,8.02188
1.06648,-0.12301,-0.55583,0.02059,1.13873
1.22883,-2.11747,-2.76047,0.06554,6.93955
0.28833,1.04937,-2.09721,0.03051,-28.7322
0.9277,0.66432,3.54733,0.02682,-6.62998
1.24936,1.94824,-3.78107,0.28106,-6.6185
1.25334,-0.31712,1.98266,0.03835,2.3923
1.3832,-1.39079,-2.7431,0.21253,7.28237
1.49639,2.11363,-1.4683,0.35483,-5.38069
1.35478,1.20007,-4.96953,0.00757,-6.72859
1.62244,1.29879,-0.20911,0.31944,-5.79878
1.32457,0.17646,-3.71647,0.37859,-0.49817
1.16751,2.36234,3.59647,0.26834,-6.61279
1.29115,-1.71039,-4.02272,0.2378,8.09776
0.38215,-0.61769,-2.49631,0.36542,21.11359
0.69168,1.86128,-4.85202,0.26487,-10.90244
1.14932,-2.30617,4.92877,0.25464,5.37958
1.77138,1.93591,1.41438,0.40091,-5.35373
1.42229,-0.92617,1.43577,0.41878,5.21597
0.36273,-2.35303,0.18861,0.18421,18.91977
1.26609,-2.64428,3.68055,0.20774,3.21942
0.59913,2.15531,-3.55812,0.40038,-9.68665
1.52123,1.75059,2.92852,0.27243,-6.68954
1.68939,-1.33178,3.07123,0.34341,5.27219
1.26822,-2.41047,-4.63872,0.03759,5.27329
1.26445,-1.58817,-3.67323,0.04768,7.86668
0.80946,-1.80335,0.47149,0.2659,11.60155
1.00325,1.46433,-4.09808,0.40961,-8.05508
1.7554,-1.78717,-2.17634,0.15827,5.56996
1.50198,-1.78381,-0.96327,0.48032,6.58887
1.13556,-2.93885,-3.42782,0.38016,2.75012
0.86282,0.60859,2.04147,0.39086,-7.57199
0.29068,1.18739,-0.04939,0.41702,-31.0541
0.45741,0.96441,1.39816,0.12724,-18.47332
0.54745,0.43102,-0.257,0.16516,-7.34515
0.87209,2.92844,-0.87516,0.05922,-2.31152
1.89946,-0.17129,-0.07611,0.19018,0.88434
1.10928,2.2628,3.99515,0.01792,-6.86745
0.62271,0.91741,-1.03961,0.37574,-11.50149
0.39035,-2.61279,1.42263,0.40128,8.93226
0.80895,1.94834,3.33963,0.10681,-11.81785
1.66832,0.53023,1.21088,0.24495,-3.08036
0.89002,0.96463,-2.73936,0.336,-7.89657
1.59051,-2.00919,-3.7804,0.37127,6.13939
1.64487,-0.39276,0.90877,0.48472,2.11986
0.39948,2.39127,2.27395,0.10033,-18.17445
1.29559,-1.788,2.68737,0.12336,7.19644
1.92637,-3.14081,1.93802,0.42694,-0.21897
0.92385,-1.52362,-4.96546,0.04861,10.88959
0.2917,-0.07827,2.7384,0.39294,-10.01634
1.86194,2.01865,1.04623,0.06667,-4.7692
1.7906,0.90032,4.88181,0.23224,-4.64625
1.13985,2.63305,2.64587,0.29612,-4.79348
1.19406,-0.2792,-0.69793,0.38394,2.45205
0.58113,-0.68603,1.7615,0.05726,10.39477
1.67501,-1.68755,1.15936,0.41203,5.64655
1.09748,-1.77147,-1.62607,0.42528,9.33343
0.26098,1.48352,0.33529,0.39675,-39.39912
1.42943,-2.63668,-2.95619,0.46866,3.99784
1.91089,-1.61658,-4.1217,0.43611,5.62061
1.69247,2.42465,2.33024,0.38399,-4.12099
0.69896,0.48331,-1.15871,0.28967,-5.83528
0.29599,-2.84887,2.55713,0.40431,-2.23754
1.89263,1.28337,-0.11663,0.48767,-4.95475
1.88671,0.04199,3.09789,0.31866,-0.49557
1.15835,2.22753,2.39609,0.1213,-6.92398
1.35617,1.14627,2.64131,0.12392,-6.76946
1.03268,-3.11365,-0.70669,0.39799,0.52911
0.95558,-1.8489,4.61179,0.49472,7.37298
0.41501,-1.52076,-0.94745,0.10516,24.18703
0.37416,1.27066,2.93144,0.48504,-35.20379
0.61892,0.05852,-0.10411,0.13414,-0.89061
1.70595,1.55476,-2.64914,0.2064,-5.56183
0.4625,0.08085,1.28914,0.45408,-4.44956
0.60806,-1.08457,-0.30891,0.48091,14.66535
1.18751,-2.49027,-2.3593,0.28348,5.4824
0.58724,-1.86848,-1.17468,0.47505,17.58884
0.49377,-0.62342,-3.40063,0.42121,17.47383
1.21397,0.3233,4.87045,0.4332,-3.99893
0.86257,2.75604,1.43184,0.43412,-5.11252
1.32709,-1.63539,-3.26455,0.19312,7.7347
1.84197,1.04354,2.64588,0.01533,-4.61449
0.47179,-2.18312,1.01878,0.08233,16.63863
1.84418,1.34305,2.22551,0.03723,-5.20644
1.82448,-3.07034,0.84486,0.1212,0.35205
1.69236,0.97967,-4.39533,0.02765,-4.77062
1.33631,-2.11607,-2.9676,0.13847,6.50665
1.31626,-2.00858,2.68744,0.29448,6.29327
1.35058,0.37013,2.5435,0.07053,-2.72582
1.44289,-0.78281,2.53875,0.15787,4.60255
0.22967,-0.1803,-4.84785,0.11207,17.95927
1.92457,-1.20079,3.05151,0.04755,4.71311
1.25409,2.84922,-0.60872,0.33805,-2.1238
1.60664,-1.31535,1.93661,0.44651,5.57278
0.87911,0.26419,-2.2792,0.358,-1.85816
0.22231,2.22648,2.69529,0.34211,-53.63254
1.11752,1.03158,4.82282,0.49151,-9.4309
1.11294,-1.11353,-2.46461,0.36564,8.63642
0.98658,0.32947,2.84198,0.02355,-3.28587
0.81149,-2.62014,1.0495,0.10912,5.84799
0.64969,0.28706,-2.26904,0.31873,-2.56175
1.14958,-0.4311,-2.05643,0.31952,4.06308
0.8755,1.62065,2.31638,0.4163,-12.44916
1.94588,2.18594,-2.15654,0.07942,-4.07206
0.51127,-1.88737,-4.52206,0.49061,26.72146
0.7754,-2.62929,3.7396,0.25815,4.59603
0.72913,-0.68765,0.88949,0.46021,7.76984
1.17796,0.21457,2.58474,0.26467,-2.2663
1.0987,-0.77408,1.03224,0.09346,6.16174
1.35873,0.80777,0.16457,0.17551,-5.23388
1.91,0.03551,2.69982,0.11058,-0.26417
0.7134,2.7434,-4.67844,0.13211,-4.11754
1.44699,-0.56931,-1.88114,0.44518,4.05453
0.24507,-2.62327,1.27469,0.1887,15.82664
0.6723,-1.24448,4.43975,0.09134,12.92454
1.0347,0.66535,-1.06349,0.18227,-5.67192
0.25579,-1.53294,4.75291,0.30863,15.90466
1.31181,-1.45149,2.55282,0.10044,7.27608
1.42096,-1.008,-0.15104,0.02549,5.84088
1.54412,1.54655,-0.70842,0.43606,-6.22172
1.12983,2.76544,-3.70557,0.11961,-2.84234
1.2871,-0.94011,1.15194,0.46818,5.82998
0.91292,-1.91331,-4.47646,0.02357,10.24821
0.27426,-0.49865,-0.70926,0.32542,20.17511
0.37991,-0.93092,-2.62291,0.33262,26.75791
1.37899,3.07892,4.56286,0.07801,-0.63276
1.992,-0.22702,-1.36736,0.33262,1.22306
0.22845,1.12647,-0.10746,0.19382,-38.37357
1.20365,2.59991,-1.24507,0.19088,-4.03805
1.55182,0.81092,-3.6279,0.43874,-3.9217
1.68819,-1.5747,-1.47418,0.47621,6.05722
1.18137,0.67488,2.78999,0.08506,-5.35834
1.31585,-0.61653,1.21196,0.34205,4.07126
1.4541,-0.48789,-0.62585,0.07736,3.18537
1.74614,3.01169,3.20571,0.0175,-0.74618
0.42012,-1.39115,-4.95851,0.07477,25.07505
1.86713,-0.19519,3.26601,0.31733,0.72173
0.24683,-2.13712,-4.40464,0.36322,59.79796
1.70516,-2.01977,3.70272,0.25352,4.86011
0.33813,0.65021,4.47572,0.47583,-36.18972
0.55033,1.57718,3.19169,0.38209,-21.85185
0.20701,0.8574,-4.80406,0.08081,-26.77391
1.00146,-1.07264,0.26208,0.10397,8.57799
0.80185,-2.767,3.28796,0.29804,2.9523
0.49879,-0.18684,0.45016,0.16665,3.35179
1.01196,0.02683,-1.40063,0.00045,-0.25942
0.92427,1.70055,-0.29305,0.01215,-10.52041
1.58179,0.88147,-4.19306,0.20405,-4.44383
1.80763,2.33269,-0.03686,0.26181,-3.92364
1.37462,1.77803,-4.72153,0.32666,-6.16758
0.42394,-0.84271,1.44115,0.38157,14.21331
0.7317,0.83077,-1.09548,0.48438,-8.90937
1.84397,1.55375,-3.08657,0.41943,-4.93852
0.35972,2.87066,-4.82617,0.17797,-0.66078
0.93234,-0.48788,4.22119,0.26735,3.63389
1.89651,0.93168,0.56319,0.10796,-4.16861
1.9112,-0.67441,1.46953,0.48438,3.01032
0.94017,1.49432,2.79358,0.26772,-11.24996
1.40131,2.58863,1.2659,0.12484,-3.75725
1.02214,2.63407,-0.86896,0.36202,-4.36337
1.55623,-2.15458,1.27588,0.24395,5.13118
0.25685,-1.85922,-2.47483,0.49836,55.31224
0.45948,1.60177,0.61352,0.03736,-21.4484
1.30556,0.82316,-2.94413,0.16774,-5.22029
0.61859,2.54536,4.17423,0.47093,-14.04207
1.39889,-1.16993,0.09568,0.2306,6.44545
0.8322,2.18668,-2.6616,0.1559,-9.02299
1.79596,1.1547,1.39633,0.30244,-5.1271
1.67467,-1.9135,-4.0968,0.33225,6.00258
1.08711,-2.34681,-0.65981,0.0464,6.46643
1.59121,1.27375,3.65965,0.12969,-6.08257
0.68805,-2.14595,2.67859,0.15449,11.08968
1.08967,1.84932,2.0344,0.12291,-8.86637
0.55547,0.35874,-0.29397,0.19144,-6.0182
1.7496,-0.14535,-0.53121,0.16735,0.84115
1.68152,-1.41039,-4.8869,0.36571,6.39118
1.82387,3.04009,1.00038,0.29947,-0.63506
1.77946,1.39592,0.77008,0.2146,-5.48102
1.92727,1.74713,-4.94721,0.1,-4.87797
0.61101,1.68836,-3.62956,0.21032,-13.89991
1.87728,0.52789,-4.87564,0.09024,-2.50735
1.22818,2.76271,-2.46821,0.47607,-2.17542
0.96049,0.52667,-4.96147,0.08689,-4.66659
1.20867,0.12595,-0.82631,0.42934,-0.77671
0.81668,-1.42182,-0.23607,0.30779,11.98787
0.7194,-1.37139,-0.62918,0.40541,13.85912
0.63437,1.48839,-3.00611,0.44428,-12.09297
0.34837,-1.03819,0.23559,0.40199,23.47878
1.09382,1.43703,3.14095,0.29465,-9.662
1.79797,2.84444,-2.08785,0.1335,-1.51133
1.33427,-0.38134,-1.87425,0.33,3.08371
1.13776,-2.53008,0.42826,0.00242,4.9493
0.97147,1.04644,-2.66246,0.18873,-8.20898
1.03592,-3.08176,-1.62214,0.42898,1.21473
0.5767,1.8033,-0.47563,0.29027,-16.13779
1.68128,0.16118,-1.13698,0.13031,-0.88399
0.55709,-0.06451,3.18232,0.44609,-3.43895
1.48992,0.43632,3.48994,0.00763,-2.79454
1.56797,0.1031,-0.97122,0.44146,-0.46949
1.23476,-1.10724,-0.52213,0.37973,7.23644
1.75327,-1.37282,4.56894,0.07319,5.37719
0.72389,-0.5322,0.03088,0.03145,6.87475
1.78691,2.48129,4.93032,0.47562,-4.10167
1.51294,-2.29103,2.62803,0.03352,4.83526
1.63775,-1.10104,-2.35768,0.48688,5.76905
1.39624,-1.93333,-2.70907,0.21031,6.86156
1.72342,-0.45781,-3.40936,0.17675,2.71875
1.98758,-2.3028,3.06146,0.32502,3.41945
0.95629,1.63863,-1.93138,0.24802,-9.71096
1.66505,-2.49149,1.75793,0.19502,3.44242
1.54024,1.03837,0.40136,0.32008,-5.54166
1.01517,-1.45952,3.25997,0.17503,9.04999
1.86851,-0.17474,2.50817,0.01718,0.90039
0.90997,-1.88503,-4.36251,0.41232,12.42502
1.21784,1.44654,-1.61572,0.25732,-7.71282
0.3907,2.8166,0.20099,0.34334,-8.46941
0.6064,-1.74833,3.03639,0.28759,13.54857
1.71325,2.84725,2.14028,0.3071,-1.88511
0.91379,-1.09784,0.49404,0.10947,9.49219
0.90935,0.36346,3.08375,0.46733,-5.57803
0.64277,1.26663,-0.65072,0.22386,-14.20899
1.0849,-1.88955,-4.4434,0.46005,10.32359
1.65047,-0.34706,3.70536,0.40346,1.47287
1.8113,-2.71542,0.26593,0.36004,2.20974
0.32621,1.23813,3.08403,0.23006,-35.09189
1.23468,-0.52392,-1.07918,0.01132,3.9829
1.04109,2.46078,0.88552,0.15761,-6.05974
1.30571,-1.42005,-1.68907,0.33243,7.75731
1.0051,2.66157,-0.90425,0.16533,-4.35933
0.91756,-2.25541,-3.52602,0.04956,8.48978
1.04939,0.67209,2.41604,0.25888,-6.38846
1.2476,-1.20758,-2.19716,0.07724,7.45913
1.10177,-1.99943,-1.98269,0.15311,8.34846
1.04986,-2.55137,-1.45811,0.25096,5.53243
1.6721,0.97793,-0.67874,0.05814,-4.85153
1.54217,-1.67656,0.76164,0.05626,6.30762
0.81448,0.45751,1.82807,0.10504,-5.60966
1.64104,3.01228,1.7569,0.2959,-0.96393
1.73657,-1.15635,-0.76319,0.4666,5.28889
0.47629,-2.92203,-0.18109,0.11952,4.58144
1.24883,-2.24421,-3.59679,0.35991,6.97056
0.71356,-2.39187,0.21506,0.09469,9.32834
1.53051,-0.2307,3.77057,0.31776,0.95412
0.62981,1.53718,-0.3955,0.06886,-15.49858
1.40853,-1.27898,4.38014,0.42269,5.73706
0.65922,-2.22524,-3.44216,0.37125,14.74713
1.12006,0.88446,2.36909,0.34036,-7.41809
1.90756,-1.24922,2.07989,0.00733,4.87488
0.88635,0.47231,1.81529,0.4182,-6.00156
1.77633,2.72556,1.62857,0.07543,-2.27081
1.9765,-1.31101,-4.77692,0.26674,5.12294
1.77473,0.07849,2.42122,0.38833,-0.73192
0.49856,1.92776,-0.00316,0.31584,-18.43235
1.67538,1.2046,0.24186,0.40951,-5.50242
0.25787,1.58008,-4.49127,0.35443,-14.10243
0.90794,1.7126,-3.11619,0.37804,-9.26715
1.76732,0.2508,4.11007,0.14938,-1.57416
1.43975,0.22658,-1.84472,0.18955,-1.36201
1.15893,1.37532,-1.0612,0.25073,-8.10538
0.89816,1.24186,-3.10796,0.29308,-9.20763
1.66213,1.0685,1.32191,0.34584,-5.33851
1.47721,-0.74057,2.40701,0.27779,4.17427
1.04313,2.06429,4.21262,0.35523,-9.65753
1.80647,-1.65749,0.62064,0.07538,5.39575
0.61391,-2.1631,-2.24369,0.19732,14.43234
0.5067,-0.97287,-4.29037,0.45665,23.63231
1.35705,-1.54672,-2.33891,0.10848,7.36461
1.94959,1.02531,1.18365,0.07183,-4.32394
0.64506,-1.69006,4.74104,0.3724,10.85669
0.64941,0.98325,-4.20802,0.09721,-11.60288
0.4511,0.08308,-1.11634,0.2288,-0.54947
1.74901,-2.18372,1.67236,0.35592,4.39331
0.60752,-1.51804,0.74571,0.24243,15.63545
1.10572,0.13651,1.51693,0.45076,-1.76665
1.98357,1.46464,-0.36792,0.43907,-4.87673
0.22185,-0.6393,-2.32963,0.25148,38.28511
1.20167,-1.67866,-0.17248,0.48042,8.17354
1.12212,-1.28756,-1.18464,0.14589,8.5313
1.65341,-2.54395,2.09298,0.11695,3.24904
0.83951,-2.98357,-3.28375,0.33512,3.40029
0.93861,2.97276,-0.03852,0.28639,-1.74368
0.50229,-2.53583,4.59063,0.12555,8.83599
1.53347,-2.3569,0.31794,0.18557,4.49526
1.61248,2.33084,-2.62791,0.11651,-4.29184
0.44599,1.02733,4.3585,0.11849,-21.42303
0.90822,-0.40167,-2.55843,0.18379,4.79285
1.80723,0.93634,2.5118,0.46211,-4.72723
0.20487,2.73309,-3.90469,0.41745,19.81374
0.73777,-2.51719,3.5209,0.25621,6.11624
1.19908,-1.61031,-3.19425,0.23888,8.70563
0.80137,2.26383,-1.05821,0.01574,-9.3916
0.68968,1.76331,4.6562,0.23115,-16.22389
1.02807,3.10551,0.79395,0.31189,-0.57855
0.52674,-1.16925,-2.36004,0.3893,20.45384
1.15333,2.7953,-4.99373,0.17799,-2.21875
1.47205,-0.98213,-4.93211,0.45969,6.58877
1.23553,1.35147,-2.25412,0.4201,-7.12938
0.3676,2.40484,0.26855,0.04112,-18.01215
1.71994,-2.06854,-0.15109,0.45147,5.03469
0.51496,-1.84953,4.21882,0.11141,16.5423
1.57666,0.50868,2.64094,0.46166,-3.52072
0.84902,2.16031,4.24736,0.31534,-11.46231
1.60897,-2.64554,0.11778,0.20596,2.89259
0.57129,2.20465,-0.53334,0.21823,-13.47946
0.53599,-0.9857,0.66088,0.28139,14.61076
1.09465,-0.5892,-1.27854,0.42194,5.43021
0.25928,-1.00618,-2.89189,0.41846,49.96309
0.60554,2.5854,3.36661,0.20745,-10.45784
1.50322,-2.31979,1.80532,0.42451,4.44032
1.70729,0.46668,-1.74342,0.23598,-2.4441
0.34541,-2.211,-0.53719,0.20878,23.71661
1.78774,2.69294,-2.74552,0.12163,-2.27568
1.63553,1.87196,0.62839,0.41397,-5.82534
1.76543,-1.67246,-1.41642,0.31003,5.66892
1.45717,-1.2706,3.75575,0.21556,6.04986
1.41348,-0.74446,0.28363,0.33119,4.65559
1.14517,-0.59428,-0.88269,0.43051,5.08621
1.37502,1.99392,2.4962,0.09891,-6.63585
1.8544,0.40548,4.05101,0.19622,-2.31787
0.38094,-0.45271,3.17419,0.19015,7.10476
0.76838,1.37881,-0.05083,0.03801,-12.52935
0.33042,-0.26474,-1.43557,0.16703,9.96494
1.90065,-2.33584,1.62129,0.3809,3.55225
1.00148,-2.46622,3.16868,0.12667,5.72387
1.41562,-1.09355,4.7864,0.40546,5.18708
1.71402,0.64635,-0.42749,0.47763,-3.37758
1.9838,-2.29436,1.6824,0.11199,3.6582
0.49121,0.315,-2.06897,0.20483,-4.43104
1.63912,-1.44759,-4.12537,0.06567,6.04037
1.79736,1.22782,-2.46942,0.34607,-4.87557
0.28798,-2.96401,-4.8551,0.2411,20.13267
1.55736,-0.19463,0.09428,0.29436,1.20684
0.83851,-2.81321,-1.26844,0.38935,4.47564
1.36747,-1.06495,1.78275,0.38809,5.90541
1.12529,-3.04373,1.15314,0.25799,0.61683
0.66754,-0.19416,-3.32134,0.44116,6.12364
0.4434,1.67771,1.73822,0.46597,-26.11798
0.41051,-2.51189,-3.126,0.31536,19.92322
0.38598,1.47795,-4.94047,0.0192,-24.66947
1.34802,0.52901,4.70193,0.38798,-4.67665
0.83254,0.02894,-4.73015,0.44596,2.7025
0.58994,0.62507,-1.58251,0.27832,-8.4649
1.44539,-1.03109,1.37511,0.35018,5.59187
1.43633,1.3216,-1.29625,0.17802,-6.50709
1.1705,1.75719,-1.18791,0.25105,-8.01817
1.88292,1.74813,2.22728,0.39905,-5.37897
0.89375,-1.44853,1.02154,0.43798,10.33421
1.70455,0.96703,0.18377,0.05761,-4.74131
0.33525,-2.21108,3.86317,0.00859,23.17035
1.5317,-0.02878,-3.91886,0.1868,0.49632
1.97921,-3.12507,-0.30232,0.19546,0.09696
1.72388,-1.92525,-2.60933,0.38667,5.67642
1.2434,0.82771,-4.63192,0.0043,-5.79695
1.32818,2.35218,4.79034,0.382,-6.28097
0.83592,-2.83354,2.34027,0.26816,2.66016
1.42307,0.3679,-2.83814,0.34891,-1.99031
1.58671,0.85938,-0.97566,0.25463,-4.58427
1.99681,2.71679,-2.73976,0.39536,-1.7531
1.08643,0.9748,1.84855,0.21853,-7.815
0.31035,-2.49422,-1.49553,0.17292,21.74864
1.27254,-2.21957,4.19863,0.31826,5.31752
0.41424,0.85303,-2.92445,0.22222,-14.05169
0.64058,-1.78681,-1.50174,0.15171,15.51362
0.7918,2.69112,4.31814,0.45677,-8.54025
1.51585,2.64326,3.84681,0.36164,-3.69862
0.53085,2.81899,-2.0683,0.09844,-5.13626
0.49836,-1.30092,-0.16931,0.37005,19.2245
0.28094,1.36314,3.83705,0.1262,-40.30416
1.77183,1.02425,1.70635,0.21564,-4.84728
1.44831,-2.91789,1.3728,0.10871,1.43149
0.2719,-1.473,1.60559,0.05665,34.6763
0.25093,-1.84244,4.20981,0.19953,24.32077
1.20561,-0.81173,0.17174,0.27754,5.8704
0.70856,2.84662,-3.1822,0.15106,-3.06744
1.27411,2.17148,-0.27276,0.0375,-6.34541
0.98229,-1.29795,2.28888,0.12482,9.32137
1.86196,0.18869,-0.07866,0.12283,-0.98548
0.71806,-1.93355,-1.86737,0.29538,13.84258
1.42246,-1.39842,1.6633,0.14107,6.67833
0.2973,-2.73317,-0.4977,0.26689,14.60824
1.92055,0.89602,4.6282,0.23517,-4.28359
1.96536,0.98596,-1.47859,0.13318,-4.1109
1.53033,2.12687,2.17487,0.37061,-5.78872
1.03738,2.33453,0.55072,0.3338,-7.00086
0.59599,-2.13591,-4.22435,0.34014,17.94616
1.66253,1.52707,-0.30242,0.21679,-5.87129
1.52544,-2.2952,-4.70836,0.1583,5.1364
0.59952,-0.79347,2.89832,0.29537,9.28172
1.01219,0.09762,2.3453,0.47955,-2.04237
1.03304,-2.83076,-4.49488,0.21698,3.81832
1.68754,-2.15662,-0.00305,0.33264,4.84425
1.43092,-1.43812,4.61539,0.22117,6.29692
1.3577,-2.34022,-2.15361,0.4663,5.73491
1.36969,2.72751,4.04303,0.13236,-3.16698
0.68685,-1.33003,-3.48907,0.2292,15.56584
0.86908,0.00736,-4.93398,0.24683,1.52929
0.28219,3.11982,0.30521,0.36432,-2.15333
1.61649,0.41873,-2.60757,0.36065,-2.10763
0.9794,-0.55609,3.79224,0.36972,3.82564
0.98883,2.70047,1.73922,0.36647,-4.88764
0.64164,-1.7436,1.8689,0.23488,13.995
0.57697,-2.01376,1.7328,0.07778,14.95679
1.25808,0.2222,1.78958,0.43522,-2.2105
0.6186,-0.45678,2.47115,0.16242,5.94566
0.31558,1.86602,1.69888,0.05516,-30.68212
1.58151,-2.87764,3.34275,0.06439,1.5323
0.87764,0.73969,0.58122,0.24738,-7.72108
0.88442,1.32374,-1.49312,0.21297,-10.34864
0.97637,2.96514,-0.33153,0.33176,-1.64832
1.66708,-2.22574,-0.59765,0.30593,4.73273
0.77751,-1.5944,-1.67494,0.05371,12.76255
1.56447,2.71712,-0.84532,0.14837,-2.5312
1.89118,0.82077,-1.15013,0.44813,-3.65123
1.38956,-2.90252,-3.8886,0.38334,2.44375
0.97703,-2.65563,3.30552,0.43527,3.18237
1.54602,1.79348,2.56466,0.01099,-6.20044
1.02422,0.42395,-1.62461,0.45604,-3.23384
0.94597,0.41102,4.45132,0.43054,-6.28503
1.14551,2.38677,4.49363,0.22614,-6.64206
0.7719,-1.62673,3.5672,0.33679,10.67266
0.38765,-2.13358,-4.70627,0.136,25.66264
0.94673,0.71506,-1.28782,0.32929,-6.32084
0.42294,2.40284,-0.42663,0.39939,-14.66603
0.93879,-1.47497,2.18716,0.24178,9.80163
1.20248,1.13911,1.34812,0.01414,-7.42289
1.87528,-2.18417,1.78379,0.20817,4.17204
0.2652,-2.06146,2.67213,0.36249,18.85446
1.31863,2.52276,4.48435,0.35188,-5.22307
1.02392,-2.4004,0.51508,0.24315,6.34921
0.23647,-2.98863,4.04042,0.49285,-29.2906
0.64919,1.7275,3.14819,0.05852,-15.36322
0.41327,-0.86388,-1.62076,0.07914,18.8001
0.59023,-0.64931,3.1367,0.12916,8.88653
0.69423,1.88406,-3.82655,0.40177,-10.25317
0.92235,-2.01102,-3.4124,0.38141,11.15167
1.15227,0.94453,4.92378,0.38638,-8.3308
0.20178,-1.17164,-0.71311,0.43981,52.49796
0.49136,-2.48645,-0.39382,0.22146,12.52515
0.36842,1.17807,4.51031,0.15929,-29.8931
1.18941,-1.13937,-1.3816,0.30019,7.78519
0.79233,2.30344,-2.63033,0.20494,-8.34559
1.18712,2.63288,-4.22178,0.26192,-3.24023
0.59928,2.19316,0.2262,0.07011,-13.34452
0.24361,-1.1162,-3.00311,0.19819,46.20794
1.89446,-1.6551,-4.35194,0.23632,5.44642
0.39495,2.46804,3.13069,0.04372,-16.37078
0.42835,-0.29564,-1.71403,0.49725,11.3178
0.46378,1.30527,0.7939,0.01889,-20.48051
1.9663,2.05563,-3.95354,0.45976,-3.94396
1.31179,-1.39684,0.05583,0.0401,7.36417
1.29852,-2.39328,1.3184,0.42965,4.80432
1.97606,0.78431,-0.50136,0.27412,-3.47138
0.35919,0.56669,-1.62518,0.09817,-13.42548
1.9541,-1.44388,-1.89045,0.11566,5.03709
0.56722,0.53223,-3.90616,0.1758,-6.64193
1.32153,1.82437,-3.84309,0.39701,-6.31221
0.95615,-0.94241,-0.04304,0.07357,8.30347
0.89111,-1.61907,-3.61171,0.12112,11.54675
1.87624,1.41372,-2.76549,0.34634,-4.8921
0.46861,1.79619,-3.35182,0.307,-15.71889
1.99472,2.85438,3.02484,0.21041,-1.5531
0.88243,-2.21428,-0.50283,0.03027,8.91331
1.36779,2.44582,0.5259,0.27925,-4.67569
1.94223,1.66566,0.82958,0.11461,-5.05338
0.30368,1.26857,-1.03615,0.30605,-27.40089
1.86116,-1.17462,-2.01569,0.13726,4.94252
1.22206,-3.00215,-1.17554,0.49017,1.50157
1.46791,0.04744,0.34823,0.2953,-0.36465
0.46853,-1.34605,-1.41423,0.28565,22.25145
1.1601,-1.32059,-3.63384,0.41838,9.32255
1.41232,2.68379,4.13687,0.49658,-4.09987
1.02125,-2.18046,2.32406,0.38959,7.00718
0.47897,2.72836,-4.3373,0.29695,-2.61061
0.63941,0.02392,4.057,0.43176,-4.65127
1.73791,2.12547,-3.29535,0.0906,-4.69956
0.26205,-1.35976,-4.0227,0.38211,58.99002
1.47595,0.84145,-3.26783,0.33995,-4.44578
1.9989,0.35556,4.33034,0.28163,-2.01364
0.21347,2.66511,-2.78706,0.43338,5.42842
0.48988,-2.01503,2.86992,0.35483,13.83829
1.41346,-1.85624,1.43038,0.35837,6.40301
0.30798,2.82093,0.18223,0.45487,-10.91371
1.26162,-2.52606,-1.34406,0.34971,4.78492
1.4312,0.84623,-4.07066,0.12771,-4.8787
1.25866,-2.76106,2.10655,0.09181,2.77274
0.85733,-2.65785,-1.05219,0.2566,5.68921
1.45511,0.6104,0.34986,0.11746,-3.88378
1.26973,0.32275,-4.48238,0.34982,-1.47796
0.57375,0.45884,2.75938,0.42135,-11.10484
1.21364,-0.16555,1.92272,0.14591,1.14158
1.78743,1.52279,0.293,0.45674,-5.52388
1.4003,3.09251,-0.03693,0.37345,-0.33667
1.04922,-1.40881,-1.62969,0.49407,9.95876
0.77885,-1.10936,-1.57596,0.09935,11.53628
0.3546,-1.11181,-4.31534,0.23077,32.72226
0.64033,1.65417,1.86714,0.32015,-16.72494
0.22014,-0.95495,-4.55027,0.38146,72.19435
1.97593,1.11047,-4.98581,0.45597,-3.8657
0.60047,-0.34,-4.69019,0.44564,11.24506
1.66678,0.67736,-2.96553,0.11806,-3.5627
0.50356,2.06726,0.70196,0.21124,-17.71405
0.71048,0.08833,1.81159,0.35915,-2.50702
0.9529,-0.15599,-0.79262,0.06616,1.65716
0.78393,-1.46414,-0.91361,0.47968,13.15588
1.63703,0.09993,0.76786,0.37348,-0.70486
1.92385,-1.49281,0.96828,0.41442,4.97524
1.77553,2.15872,3.44998,0.45372,-5.09396
0.47644,-0.69829,3.19088,0.08898,11.98685
1.59804,-2.33039,3.23526,0.21107,4.18395
0.4663,-1.63383,3.44173,0.32583,15.83852
1.84409,0.21728,3.7983,0.41123,-1.60612
1.13218,2.61561,0.55317,0.369,-4.50945
0.80549,-1.25311,0.95167,0.06077,11.48042
0.48265,-1.48041,2.27226,0.32284,17.09341
0.22126,-0.5871,-3.00992,0.14703,33.60074
0.6463,2.93899,-1.39539,0.20325,-2.37529
1.84524,2.16908,4.12653,0.49711,-4.99543
1.63507,-2.2012,0.22762,0.07853,4.83983
1.94563,0.71473,-4.48212,0.05219,-3.24286
0.38137,1.83384,-0.9444,0.20457,-23.50989
1.26592,1.68396,-3.39211,0.43206,-6.78519
0.66287,-0.07009,-1.43713,0.0811,1.30164
1.1773,1.45664,0.44976,0.03998,-8.2914
0.77682,0.52519,0.05136,0.20942,-6.34944
0.71024,-1.87588,-0.09531,0.31615,13.23419
1.23292,-2.7894,-4.81661,0.07735,2.98982
0.52997,-0.81996,-0.54895,0.40229,14.31953
1.04444,-2.75242,-4.71036,0.42296,5.39013
1.37146,-0.65965,-0.95139,0.2613,4.51579
0.43073,2.06641,1.47,0.01523,-20.15572
1.87507,2.16326,-3.74096,0.25805,-4.06555
1.1103,-2.9275,4.16773,0.10709,1.51513
1.67515,-2.70469,1.30511,0.22305,2.37423
1.37703,1.06731,-2.82401,0.37987,-5.67423
1.478,-1e-05,-1.05912,0.02721,0.01325
1.48904,-2.20315,-4.03093,8e-05,5.31441
1.77518,1.9197,-4.77937,0.06672,-5.09204
1.30449,-1.78131,4.15861,0.02268,7.29873
0.70079,-2.65057,1.75184,0.13021,6.13624
0.37912,1.5677,2.79646,0.20213,-29.80856
1.29125,0.67938,1.22173,0.38985,-5.05909
0.31944,-0.66324,4.06766,0.01516,18.30303
0.63433,1.21093,3.95919,0.1755,-16.20137
0.30927,2.58478,-4.41841,0.46472,4.70401
1.188,-2.92682,-3.1053,0.28819,2.39401
0.48861,0.80223,-1.0421,0.41338,-12.62944
1.29873,-1.77081,-1.5891,0.24176,7.6307
1.62356,-0.1625,0.25573,0.04862,0.97282
1.67939,-0.47764,-2.33468,0.09347,2.76259
0.75718,-0.69128,2.97459,0.37904,6.29313
1.18812,-1.94555,-4.92506,0.43205,9.19112
1.21342,1.90161,2.91513,0.23377,-8.10908
1.0512,-0.75699,-1.0663,0.24623,6.64641
1.37921,2.43283,-4.94865,0.22506,-4.0442
0.57816,-0.91315,3.47064,0.00918,13.33344
1.96264,2.13448,-0.53246,0.04775,-4.21848
0.37654,0.27939,2.24727,0.49594,-15.04517
1.6926,-0.71864,3.78449,0.02101,3.78799
1.26937,1.28197,-4.65687,0.17448,-6.90384
0.64074,1.8011,-2.37838,0.34534,-12.90556
1.54222,-0.10876,-3.81108,0.21242,1.0308
0.35207,-0.4686,-4.0199,0.49133,28.51908
1.59395,0.48644,4.45641,0.01637,-2.90582
1.26197,0.5351,3.05569,0.43728,-4.80293
0.39935,-0.46823,-1.35275,0.06737,11.65773
0.34311,1.61894,1.87293,0.10241,-30.18758
1.55151,-0.63007,4.19445,0.26415,3.26517
0.72728,-0.29532,-2.79187,0.43573,6.22564
1.80074,0.66173,-4.85849,0.20704,-3.03736
1.57173,3.05896,3.24108,0.14679,-0.70774
1.45674,-1.50365,2.22698,0.20084,6.50827
0.70149,-1.68419,-3.39743,0.04717,14.22037
1.4761,-2.03018,-0.10354,0.41912,5.97681
1.90667,1.19031,-3.39566,0.45761,-4.34972
0.36481,-0.31985,1.02614,0.33789,5.84983
0.78709,-0.69991,1.4757,0.22233,7.49877
0.62241,-1.85926,-2.23317,0.30708,16.88028
0.90785,2.45759,2.80837,0.27593,-7.76834
1.5362,-0.35705,-0.26404,0.02578,2.23485
1.05364,0.67666,2.06358,0.19721,-6.19679
1.22732,-2.43455,1.39811,0.32841,4.88738
0.76548,-2.46318,-0.49241,0.4239,8.39867
0.45432,-2.71839,-2.07283,0.17949,10.67018
0.68048,-0.83349,-2.95696,0.40964,13.28795
1.74742,-0.17036,2.45944,0.37846,0.64694
1.28435,-1.60486,1.41943,0.46466,7.23384
0.88038,-0.9445,-2.19058,0.49472,10.42628
1.62183,-3.10226,4.67099,0.02087,0.2008
0.31602,-0.93564,3.10339,0.21874,18.19115
0.657,-2.39282,-3.73198,0.38678,13.50845
0.61419,-2.33493,-3.37437,0.41158,15.21349
1.97366,-3.11328,0.44048,0.04143,0.13602
1.47098,1.2339,-3.9762,0.3033,-5.73678
1.31201,2.70984,4.64338,0.44923,-4.34067
0.20897,0.76369,1.38023,0.11353,-36.05433
0.53176,-2.53714,-4.33826,0.17368,13.14902
1.34397,3.07656,-0.56514,0.19742,-0.4126
0.88349,2.98819,-2.78032,0.19727,-0.994
1.8637,-0.19959,-0.09549,0.28085,1.05134
1.5765,-2.46383,-2.52975,0.0304,3.93286
1.00529,1.38695,3.31796,0.38959,-10.873
1.54913,2.89949,2.21099,0.06144,-1.57481
1.95573,1.75112,4.06578,0.40666,-5.36697
1.02977,0.78039,-3.02042,0.00855,-6.67804
1.35655,0.69638,-1.14608,0.39351,-4.39358
1.8536,3.00285,3.05467,0.17763,-0.88987
0.64761,-2.68217,-1.26153,0.32793,7.70342
1.7958,-2.2019,-1.20912,0.08959,4.44406
0.37558,2.07855,4.86038,0.2685,-32.0759
1.36721,-2.22982,2.70863,0.14956,5.45594
1.60911,-0.73327,3.60818,0.00196,4.0777
1.30629,-1.37288,-0.93027,0.36257,7.56087
1.09196,-1.61198,0.85919,0.06559,8.92894
1.31122,-2.97998,-0.49446,0.46985,1.33901
0.47299,0.41627,-0.49706,0.27186,-7.7823
0.58803,-0.62053,-3.72301,0.00084,9.70957
0.68582,0.32415,3.42133,0.47246,-7.99261
1.276,-1.22831,-1.09458,0.06639,7.2862
0.99542,2.77378,0.81824,0.41697,-3.88798
0.64006,0.57395,3.57072,0.16464,-9.75674
1.78906,2.89785,2.73477,0.28403,-1.56601
0.87306,-0.94244,-3.01762,0.41786,10.74444
1.00286,-3.12721,1.18511,0.02508,0.11116
0.93746,1.76724,-0.04269,0.34003,-10.24664
0.5275,2.05698,-2.39848,0.07429,-15.80186
1.51693,-2.77275,-4.59142,0.3582,3.04633
1.00722,0.78772,1.29791,0.08035,-7.00572
0.22926,1.01171,2.79855,0.01097,-36.85829
1.93522,-2.22592,4.41718,0.07772,3.92805
1.66837,0.33002,-1.45016,0.31287,-1.74248
1.50241,-1.61353,-1.00783,0.49286,6.74362
1.76437,-3.03822,-3.36994,0.48506,1.09882
1.83225,2.30537,4.84616,0.37285,-4.51155
0.80748,-0.05218,3.49587,0.41229,-1.57686
1.29973,1.76997,4.57604,0.43698,-8.58226
1.29585,1.40048,-0.04653,0.26418,-7.45344
0.68114,3.10204,-2.90219,0.1143,0.14552
0.59951,-0.38985,0.73185,0.33055,5.54579
0.40503,-0.45521,-1.27908,0.0708,11.2005
1.38677,-1.37127,-1.52136,0.41618,7.26291
1.60565,0.78632,-4.17636,0.20605,-3.9904
1.56972,-0.08726,-4.26851,0.13325,0.77546
0.7693,1.43735,-1.21201,0.42173,-11.77486
0.56947,-0.90156,4.26199,0.0556,12.78013
1.01651,-2.31947,2.23024,0.48741,6.018
1.18426,2.27725,2.60559,0.47521,-7.18395
1.85436,2.06118,-2.65709,0.30439,-4.43159
1.77468,-0.93619,2.3453,0.35606,4.18639
1.8489,1.19602,-0.93681,0.01857,-4.93246
1.73047,-0.04773,-4.40609,0.21854,0.59206
1.93625,1.63974,-1.05186,0.44231,-4.93037
1.0379,-0.69032,-3.68746,0.00576,6.03845
0.28545,0.22393,3.53699,0.14531,-13.93905
0.35041,-2.77832,3.40294,0.17692,5.0446
0.9025,-2.0426,-2.12531,0.33754,10.56306
0.66384,1.77039,1.11922,0.35242,-15.37943
0.50589,-0.74415,-1.3624,0.03259,13.30819
1.91577,-2.92102,-3.45774,0.10876,1.22281
0.55176,-2.0883,1.49407,0.41275,13.42583
1.92688,-0.55545,2.60107,0.09591,2.61747
1.56951,1.36919,2.74723,0.14327,-6.28354
1.3537,-0.85775,-3.50779,0.08112,5.63655
1.41683,1.54055,0.12579,0.37716,-6.94435
0.79665,2.24976,-4.76101,0.01355,-9.48137
1.36357,-0.99817,-4.09831,0.15096,6.37945
0.53605,1.88732,-4.18949,0.26616,-13.51101
1.88787,-2.34438,-4.42809,0.00301,3.72126
0.74323,-0.53229,-1.66231,0.47699,8.1341
0.65934,-2.52859,-1.4232,0.43464,9.983
1.48009,-2.81155,1.9787,0.32366,1.85567
1.38161,-2.73616,-1.7012,0.21957,2.99624
1.01234,-2.48342,-3.59604,0.07765,6.19988
1.3384,2.10943,4.46876,0.27682,-6.98241
0.48709,0.27443,3.75476,0.1196,-7.35081
1.41199,2.81102,-3.75774,0.31901,-1.65381
0.6871,0.23876,-1.37221,0.07279,-3.16504
0.6911,0.80872,-3.31915,0.35856,-7.77672
0.49192,-1.98245,4.59111,0.16145,15.21304
0.79828,0.25498,-1.44022,0.25099,-2.53231
0.79625,-0.72067,-4.01883,0.08091,8.64281
1.01752,2.71079,2.26844,0.12814,-4.30688
0.54276,2.72641,2.11718,0.22511,-8.90834
0.54741,-1.89439,-2.58966,0.22909,18.97033
1.17513,0.7548,-1.78538,0.49989,-5.07331
0.43198,0.86818,-0.84981,0.16771,-16.56709
1.44001,0.39292,-2.323,0.04219,-2.56113
1.8991,-2.36041,-2.11112,0.26211,3.79063
0.96823,0.96771,3.0159,0.16091,-8.86214
1.82199,1.87921,2.51851,0.43889,-5.46315
0.37697,-0.97247,1.92629,0.10515,20.07724
0.27732,0.09143,1.86774,0.42783,-13.61973
1.49846,-2.41068,0.21882,0.33179,4.3379
1.56984,2.7061,-1.49079,0.09399,-2.57936
1.7175,-2.45335,2.20545,0.20262,3.47653
0.30227,-1.83232,-3.83632,0.24622,41.68869
1.59843,-1.2662,-3.58929,0.2609,6.22126
0.87777,2.047,-3.73735,0.19855,-8.96953
0.74601,1.26076,2.32718,0.29231,-13.74537
0.51144,-3.09752,0.91541,0.35837,-0.40907
1.99283,-1.98824,-0.4984,0.25309,4.53169
0.31459,1.57175,-0.23769,0.30122,-30.45958
1.68861,-0.60423,3.27559,0.4298,2.80679
1.35109,-2.97689,-3.7832,0.24888,1.70628
1.52314,2.91488,-1.16756,0.20815,-1.34297
1.48109,-2.19137,2.60166,0.12388,5.2416
1.74518,0.06576,1.57839,0.06568,-0.40344
0.53083,-1.58138,-0.64853,0.14613,18.81594
0.20148,1.49206,-2.75659,0.20308,-34.74795
1.27735,1.73872,4.46441,0.38213,-8.6175
0.83695,-0.64578,-0.92081,0.10871,7.19701
0.42282,0.99557,3.77835,0.35107,-26.88749
0.53505,2.57029,2.7783,0.03952,-10.2977
0.79715,1.978,3.6153,0.0792,-11.75065
0.32642,-0.53471,-4.83078,0.16316,22.71256
0.30244,-0.36772,-0.22609,0.23491,12.24082
1.84885,2.43083,-2.40566,0.09046,-3.39805
0.76178,-2.92562,-2.25979,0.05602,2.97775
1.96802,-2.99826,-2.3016,0.28291,0.88013
1.93586,-1.84854,-1.10686,0.20599,4.93415
0.45663,2.05851,-0.89295,0.20795,-18.0882
1.48686,-2.17893,1.3404,0.15397,5.32156
1.28145,-1.34913,-1.99635,0.18562,7.69376
1.44316,0.81096,-2.27223,0.09204,-4.82748
0.37314,-1.98396,-1.39392,0.13529,25.43237
0.53941,-1.23706,1.86514,0.27114,15.44507
0.33795,-0.20789,-4.99829,0.26115,17.42016
1.28744,-1.70834,2.46928,0.45296,6.873
1.97586,3.09393,-1.61031,0.41627,-0.06487
1.40957,-2.11463,0.7624,0.00355,5.95415
1.47937,2.19872,2.61522,0.11488,-5.50357
1.97225,-0.18787,0.10835,0.44385,0.91661
1.42042,-2.33028,1.47151,0.15738,4.89366
0.27233,-2.39712,4.19941,0.23885,10.88347
1.76061,0.00186,-4.70134,0.33749,0.5015
0.85642,-0.92036,-1.50471,0.27168,9.67319
0.20785,-1.66754,4.26854,0.00243,46.73529
1.11302,2.8836,3.3743,0.10328,-2.53009
1.88663,-0.23009,1.16828,0.05022,1.16941
0.6632,2.6943,-2.70697,0.08382,-5.88206
1.08472,-2.11115,-1.69467,0.07368,7.8614
0.5128,-1.98884,3.57956,0.31139,13.24413
0.30385,0.60336,1.98271,0.20328,-22.68514
0.34498,-1.44591,-2.1435,0.03328,28.81422
1.50862,-1.97959,-3.67754,0.04115,6.0333
1.75533,-2.54667,2.8077,0.47518,2.69916
0.45794,-2.66237,0.76225,0.07738,9.59625
0.71897,1.5907,4.63438,0.12692,-14.77963
0.55105,-1.36871,-0.93509,0.28715,18.32424
0.24834,3.006,-1.50973,0.09355,-3.04982
1.19618,-1.99101,-2.09244,0.09876,7.63208
1.45986,-0.91454,-0.1812,0.03629,5.32708
1.36618,-0.78597,-1.7727,0.49041,5.54615
0.8985,0.00096,-4.26809,0.30303,1.59158
1.19902,2.32877,-1.87871,0.26487,-5.59564
0.36938,2.10342,-2.81114,0.44434,-13.72436
0.47775,-3.07904,3.15385,0.29721,-2.82318
1.87723,-0.57017,-2.64407,0.13154,2.91943
1.57071,2.06049,-0.41128,0.23613,-5.47221
1.86093,-3.14035,1.72738,0.23879,-0.11256
1.85002,0.21136,-3.50773,0.19904,-0.90847
1.36891,-1.51126,0.31282,0.37682,7.0907
1.87083,-0.54809,3.47187,0.05484,2.67786
0.95007,-0.50074,0.84081,0.07961,4.8829
0.20651,-0.68013,-0.17614,0.1861,30.64344
0.31263,2.4627,3.38879,0.03559,-20.93796
0.39708,0.22911,4.47252,0.4937,-19.6152
0.37164,2.53682,3.20985,0.2479,-20.76995
0.83306,1.42466,-0.91591,0.02505,-11.61723
1.46229,-0.93544,1.11693,0.30395,5.24077
1.62317,-0.04044,0.26642,0.39055,0.20485
1.26238,-0.69204,-1.96691,0.20386,5.21036
0.46359,2.06449,-0.6468,0.24027,-17.91114
1.54622,-1.96288,3.29267,0.3503,5.3806
0.83864,2.74206,-1.9952,0.11691,-4.21853
0.22339,0.50532,3.89557,0.29883,-44.58664
0.70506,0.7022,4.91429,0.31547,-12.10549
0.79508,0.10557,-1.93233,0.40232,-0.07031
0.69364,0.34241,-3.77262,0.44554,-1.25511
1.66137,1.05354,4.57174,0.47044,-5.91152
1.56787,0.97412,-3.28935,0.06316,-5.09123
1.45199,-1.79607,2.71464,0.40813,6.06001
0.45021,0.51799,-4.60887,0.33772,-3.10966
1.6541,-0.91341,-2.64435,0.18536,4.87385
1.41892,0.86099,-2.39845,0.46141,-4.6943
0.55071,0.30055,-2.02765,0.43006,-2.39838
1.36657,-2.01263,4.19304,0.38718,5.61988
1.07032,1.47488,-3.2469,0.02874,-9.04188
0.99083,-0.27009,-3.26361,0.0885,2.93595
0.40182,0.32322,1.91675,0.45916,-13.20516
1.13295,1.08475,4.52317,0.49112,-9.38666
0.37988,0.96052,-1.10716,0.13865,-20.09886
0.49566,1.56407,2.73129,0.13869,-21.33342
0.43858,-1.84253,-4.68964,0.30515,28.98636
1.91739,-2.44798,3.24064,0.03809,3.23737
0.71276,1.06299,2.23397,0.29766,-13.33559
0.83937,-1.65886,3.96616,0.48434,8.91549
0.77975,-2.42151,1.37454,0.14848,7.96086
1.81685,-2.317,4.41337,0.37137,3.46813
1.21334,-1.17621,-1.10143,0.26245,7.66019
1.85449,3.08999,2.32531,0.14366,-0.36999
0.73986,-2.1535,2.25564,0.20624,10.2213
0.4067,-1.26583,-2.31392,0.27554,26.86246
1.20119,2.64355,4.2058,0.3808,-5.01135
0.82197,2.91105,2.79177,0.2704,-3.84447
1.64343,-1.70373,3.66352,0.46257,5.28911
1.78296,2.39045,-1.37409,0.05847,-3.72973
1.05063,-2.26875,3.41255,0.47885,5.67344
1.94845,1.64328,-1.85024,0.27533,-4.88738
1.19542,-3.05986,4.64401,0.19591,0.03333
0.68766,-0.58673,-4.76053,0.03803,8.28092
1.08016,-1.58754,1.19188,0.14812,8.92943
0.26716,1.28182,-3.8776,0.21897,-23.30113
1.6472,-3.04071,2.18733,0.46853,0.22209
0.38258,-0.22053,-1.36312,0.37821,9.1312
0.75575,1.23608,3.70641,0.02952,-12.45176
1.21757,-2.84814,3.72703,0.16395,1.91842
0.27736,2.49694,-1.3191,0.24572,-17.04102
0.34277,-0.87212,3.09982,0.42504,10.69998
1.45301,-2.1032,1.81137,0.38821,5.48396
0.3292,-1.72496,-0.73433,0.10807,30.1785
1.05875,-1.01218,-1.56764,0.02523,7.89248
0.80965,-1.89517,-2.89695,0.06619,11.77697
0.61054,0.06647,-4.36792,0.25164,1.88149
0.5398,0.83523,0.17359,0.04494,-13.50146
1.57414,-0.41827,0.40041,0.12488,2.51113
1.91278,-0.45847,-0.55981,0.41067,2.33267
0.45232,1.76997,4.50597,0.20098,-25.6855
1.92743,-1.25025,-4.8631,0.49807,5.48244
1.27057,0.77138,3.50305,0.37799,-6.20267
1.35499,2.4688,3.00821,0.13246,-4.72875
1.47787,-1.74978,2.58752,0.00379,6.52742
1.46741,0.75336,0.24915,0.2636,-4.60382
1.67566,2.81469,-3.09645,0.35293,-1.49071
1.07024,0.18721,3.62879,0.23484,-2.44998
1.16005,2.99644,2.44595,0.45325,-2.04704
0.78289,-1.19352,3.32821,0.38398,9.56421
0.38946,0.40397,-2.64212,0.26013,-5.36965
1.39635,-1.1873,0.54375,0.00946,6.51249
0.2605,-3.11822,-0.84041,0.16912,2.97452
0.69614,3.12468,1.39671,0.2472,-0.9508
0.36961,-1.63325,2.52608,0.12512,24.17599
0.54331,2.97259,-3.26285,0.41883,1.59247
1.34972,0.96153,-3.25962,0.21224,-5.58068
1.33126,2.53799,-4.56393,0.1019,-3.9203
0.9579,2.93552,-3.42815,0.38955,-0.6401
0.36231,0.42618,-2.59827,0.30414,-5.17325
0.98007,3.13965,-4.27481,0.09854,0.41913
0.83494,1.67968,-1.44309,0.26637,-11.12835
1.49683,0.14963,1.75166,0.34726,-1.2485
1.24225,0.97354,2.93073,0.22422,-6.95567
1.08482,-1.92095,-1.54184,0.15119,8.69235
1.07657,-3.07227,-4.16175,0.34483,1.8694
1.93933,-1.52814,2.59372,0.34363,4.81685
1.56133,-0.40859,-1.08816,0.00847,2.50016
1.09456,-1.7087,-2.48572,0.11706,9.12028
1.0626,0.08819,-0.29309,0.32316,-0.72924
0.24766,0.99239,4.69864,0.11207,-41.75241
1.89652,0.97888,-1.2736,0.48133,-4.1222
0.77451,2.47409,4.59453,0.0814,-8.46398
0.66069,2.92997,-2.46831,0.37411,-1.00337
1.99894,2.45481,-3.94455,0.49916,-2.61892
1.49364,0.75508,-3.42821,0.17329,-4.23497
0.28525,-1.84874,2.73782,0.30156,22.92395
0.31139,2.78629,0.37613,0.05286,-11.16441
0.2459,-2.04291,0.81922,0.31091,31.31751
1.27931,-2.19015,4.67708,0.49376,4.83282
0.32882,-1.14625,0.04837,0.48643,26.9681
1.8801,0.46248,-3.82979,0.20589,-2.10494
1.88643,1.14023,2.18515,0.41031,-4.9776
1.1829,-3.05807,-2.92149,0.4133,1.55477
1.30995,1.74687,0.81538,0.16363,-7.45081
0.72541,-2.04191,3.54379,0.41137,9.27981
0.31515,-1.27872,-0.22919,0.0812,29.99706
1.52743,-1.11786,-1.85715,0.48944,6.16456
0.38321,-1.05277,0.75547,0.43209,20.0178
0.354,1.63594,-3.73049,0.2553,-20.05312
0.7602,-2.88433,-1.92436,0.19266,3.92486
0.22244,-1.90683,0.04143,0.47297,41.23942
0.98126,-3.00136,-2.45849,0.03556,1.48819
1.47383,1.74861,-4.60742,0.24919,-6.02263
1.64243,3.03932,0.85141,0.24347,-0.68666
1.28775,1.00246,-0.98753,0.19066,-6.30684
1.72437,0.56636,-1.0939,0.05631,-3.03181
0.9317,2.56396,4.96813,0.12569,-6.46872
1.72779,-1.53967,-3.88216,0.49156,6.31427
1.11165,-2.724,-3.45824,0.40398,4.70948
0.60147,0.06264,3.76262,0.41914,-5.38048
1.89946,-1.50577,-3.69738,0.25477,5.41479
0.69495,-0.30736,4.17623,0.33091,1.4093
0.24716,-0.27458,1.71961,0.2525,3.65391
0.63681,-1.13831,0.28163,0.33868,13.75127
0.86004,-0.08593,-2.21599,0.43173,2.27235
0.83243,-0.75303,-1.40527,0.1213,8.30503
1.1444,-2.43122,3.25955,0.47545,4.40673
1.78963,2.30421,-4.42495,0.45681,-3.44113
0.72621,1.26464,2.68549,0.20965,-13.9479
1.13739,-2.88204,3.27821,0.48841,0.97593
0.81225,-2.41409,2.05967,0.44126,6.65413
1.67919,-2.53517,-4.45495,0.02004,3.36124
0.48368,-2.75365,2.42655,0.02106,7.45399
0.38632,-2.77053,2.23164,0.35364,3.91983
1.10539,-2.15443,-4.86906,0.39184,8.96705
1.4094,2.18573,3.92283,0.12434,-5.93092
1.63195,2.06235,-3.67804,0.24937,-4.95512
1.26132,1.77906,4.60782,0.26962,-8.39038
1.59293,0.72072,-4.29229,0.2228,-3.68726
0.90688,1.40425,-2.61951,0.03456,-10.55757
0.25916,1.49842,1.90242,0.10945,-40.85378
0.40898,2.44612,-3.62759,0.40726,-6.53678
0.2697,1.45985,-3.15032,0.03654,-34.56733
0.7921,1.48572,-4.88828,0.31107,-9.91645
1.09188,1.9106,3.2648,0.31708,-9.33904
0.84137,0.35409,-4.62383,0.47825,-0.91902
1.20908,-1.80309,1.32573,0.49373,7.44794
1.0651,-2.6104,0.82307,0.47252,4.32285
1.4203,-0.50866,0.1124,0.27066,3.34871
1.40053,-2.56551,-1.24842,0.02089,3.82891
0.77252,-2.07782,-2.00437,0.13865,11.56684
0.82319,-2.9918,4.56948,0.23775,0.17521
1.25327,-1.25534,2.85358,0.01956,7.40576
1.27358,2.95308,4.22733,0.01855,-1.49179
0.76646,-0.7607,2.33898,0.16201,8.17899
0.79457,-1.62802,3.29009,0.19367,11.31679
1.44928,-0.60664,4.64175,0.29042,3.21722
1.36534,-1.24823,-0.46355,0.46643,6.93044
0.44309,1.0925,4.06896,0.19559,-23.70896
0.99388,0.84488,-4.56926,0.02405,-7.2708
1.80687,-2.96979,-3.92128,0.27002,1.25249
0.26535,0.07115,-0.09626,0.17898,-2.38335
1.7393,-2.91414,-0.46027,0.45055,1.34038
0.49372,1.11441,-0.61787,0.21575,-17.289
1.11305,2.73826,0.37192,0.1609,-3.50749
0.96381,2.56032,0.38373,0.36194,-5.73834
0.21823,-1.84907,3.70565,0.24663,24.0333
1.84771,1.52458,-1.54087,0.27755,-5.17833
1.01887,1.84139,-1.83759,0.07603,-9.14342
1.91768,2.28939,2.01895,0.1876,-3.95363
0.71614,-1.51049,1.48477,0.02321,13.60635
1.7593,-0.30891,3.29847,0.37744,1.29303
1.8603,-1.74984,-1.90722,0.12279,5.25671
1.2023,-2.98885,-4.93606,0.06026,1.44719
0.56482,0.99911,4.44064,0.29476,-18.70945
1.43345,-0.43063,-4.55775,0.28971,3.49944
1.18816,-1.58263,1.80013,0.1579,8.05454
1.90015,2.18092,-1.78168,0.48118,-3.99383
0.99069,-0.02714,-0.76467,0.31776,0.51628
0.68332,3.10803,3.38033,0.4632,-3.83509
0.44892,1.84322,-0.80421,0.1503,-20.44694
1.45754,2.31982,-3.55628,0.2759,-4.46725
1.9534,1.7174,2.54435,0.20676,-5.10602
0.25102,-2.47605,-4.79788,0.20664,39.86649
1.5328,-2.733,-2.25267,0.02388,2.56573
1.86847,2.60802,0.38074,0.10982,-2.68235
0.33461,-2.27327,-0.62236,0.43466,24.79294
0.39831,-0.68345,1.20228,0.42493,12.3324
1.44552,0.69059,-1.18652,0.05255,-4.2931
1.36633,-1.8102,-1.09415,0.00907,6.98035
0.32389,-1.72608,-1.51343,0.05102,30.65976
1.70196,-0.21211,3.8727,0.3194,0.78643
1.14216,-0.87402,-4.82703,0.11991,7.03071
1.83296,1.10946,4.39642,0.38131,-5.29147
1.78038,-2.66988,-1.41778,0.00291,2.50516
1.66251,-0.07063,-1.35117,0.35789,0.59138
1.12862,-2.04669,2.25893,0.4432,6.94027
0.65308,0.67057,-1.11723,0.0224,-9.27598
1.11076,-2.4114,1.16645,0.4337,5.48089
0.38146,-1.89984,4.03631,0.45893,11.60711
1.38592,1.90939,3.46198,0.26792,-7.15932
0.44116,-1.66399,0.15367,0.14226,22.02805
1.12011,1.48953,2.16652,0.28141,-9.21508
0.29789,-1.42589,-1.07565,0.15529,34.46918
0.73912,-1.66487,2.76044,0.4666,10.85607
0.61774,-1.26195,-3.29817,0.27182,17.4782
1.31606,2.39347,-4.54368,0.39935,-4.02312
1.61622,-0.64613,0.40733,0.30499,3.60702
0.30315,-1.61,-2.84661,0.1442,36.80272
1.73051,0.23021,2.28726,0.25006,-1.48454
1.74938,-0.71854,-3.98676,0.43995,4.26458
0.81608,1.82336,-4.91505,0.19144,-10.22664
1.38621,3.08156,1.75703,0.17067,-0.58064
0.9247,0.16697,0.00799,0.47822,-1.76763
0.47754,-0.30317,4.52015,0.16703,2.82223
1.15159,-0.98624,-2.52514,0.42975,7.92245
0.35545,2.97407,-3.76744,0.08914,-1.94364
1.78125,-0.10503,-4.76894,0.39586,1.1724
1.86372,-2.02321,-0.55753,0.30765,4.7835
1.6789,2.94817,-3.99183,0.0601,-1.03804
1.21255,2.89581,2.75643,0.03197,-2.02847
1.20368,-0.40385,-4.28014,0.14915,3.64328
1.97229,-0.95388,4.20755,0.32873,3.70147
0.64622,1.13372,0.40854,0.18006,-13.9296
0.33671,2.06669,1.96372,0.13558,-27.97392
1.21149,-0.00922,-3.69083,0.29093,0.80628
0.79181,-1.06303,-4.10495,0.47628,13.94449
0.78021,-1.24788,-1.46316,0.06093,12.0701
0.21275,-1.08951,0.20435,0.32229,39.41668
1.27323,-2.39997,0.75502,0.4562,4.99201
0.67526,1.75062,-1.70212,0.27055,-13.28352
0.53815,-2.48211,-2.27338,0.48209,14.95367
0.27278,-0.63891,4.81411,0.29895,2.10404
0.85585,2.10451,-2.27338,0.3363,-8.82437
1.78214,-0.60252,-3.62075,0.39564,3.57061
0.80601,-1.28955,-1.4054,0.09986,11.90894
1.42233,2.81646,-1.96129,0.2801,-1.93162
1.56178,-2.34649,-0.78265,0.30713,4.58295
0.79058,2.41811,1.23714,0.06007,-8.3334
1.67895,-2.75155,1.03148,0.22776,2.13829
1.44538,-0.54331,1.9829,0.38534,3.14302
1.20664,0.82763,-3.43315,0.02035,-5.93839
0.20179,-0.81657,-4.54056,0.20675,58.48618
0.26316,0.21744,2.9081,0.07286,-11.10121
1.98356,-1.85981,-2.82847,0.08787,4.80371
1.60811,0.43376,-1.84335,0.25629,-2.38118
1.88762,-2.29614,-0.4432,0.01474,3.89064
1.82415,1.86043,2.16306,0.21248,-5.29199
0.2368,0.52647,-3.36416,0.01285,-20.04565
1.62533,-0.11352,4.02402,0.46278,-0.02122
1.01206,-2.79811,-1.78473,0.44148,4.03356
1.6212,-0.00142,4.82663,0.10582,-0.18575
0.21209,0.39942,-2.14587,0.0329,-16.41787
0.71876,-1.47235,2.25653,0.12532,13.03507
1.55238,1.11583,-1.23331,0.0142,-5.66923
1.62744,-2.65926,3.36588,0.36739,2.3291
1.31549,-1.83036,-0.37593,0.28695,7.26985
0.74226,1.49256,3.70532,0.27192,-15.00469
0.75865,-2.21657,2.53939,0.42599,8.44753
1.94018,-1.59876,0.86029,0.40466,4.96179
0.99058,0.94785,-2.5001,0.20444,-7.52219
1.00483,1.43785,-2.40132,0.30517,-8.95095
1.1942,-2.81808,4.91422,0.2209,1.85027
0.9371,-2.34621,4.25388,0.312,5.96447
1.19481,-0.33855,-3.61582,0.07576,2.91877
0.9782,0.58305,-2.95935,0.15004,-5.05742
1.68809,-0.2904,-3.93186,0.12594,1.83776
1.83629,0.92407,-2.98662,0.08373,-4.1893
1.8778,1.60845,-2.09762,0.20692,-5.09741
1.21573,2.82457,3.37627,0.36325,-3.34529
0.99587,-0.94323,-4.04818,0.19803,8.78205
1.46943,-2.11678,3.82121,0.49132,4.83599
1.70898,-1.4823,4.7193,0.15105,5.47373
1.21337,-2.21065,-2.1826,0.47406,7.1884
1.45997,-0.66447,-0.43766,0.09678,4.16332
1.54951,2.34091,0.29328,0.16039,-4.5642
1.41751,-0.96095,-2.94311,0.08204,5.79323
1.54304,-2.20651,2.31576,0.11896,4.99991
0.57556,0.14221,0.79999,0.07856,-2.60534
1.09707,3.09097,-3.87823,0.31241,0.55424
1.25888,-1.95922,3.95982,0.10031,6.96151
0.20446,1.74594,-1.97807,0.04257,-45.23183
1.74073,2.03172,-3.43753,0.13321,-4.89631
1.29804,-0.61991,4.81854,0.3392,3.42058
0.43245,0.75116,-3.97091,0.21432,-10.93151
1.66944,-0.42491,-4.40303,0.07808,2.54575
1.4907,-1.49334,-2.62447,0.03173,6.59853
1.56494,-0.46421,-1.80735,0.36468,3.07568
0.90568,-2.54287,-0.66197,0.35205,6.38875
1.73756,1.30034,1.8517,0.23076,-5.58214
0.94525,2.06838,-1.34287,0.26387,-8.72314
1.22692,-1.21014,0.59334,0.12025,7.43387
0.20116,0.41769,-4.94189,0.24267,9.85474
1.36077,-1.68296,-1.151,0.3643,7.39029
1.49272,-2.34074,4.44969,0.38577,3.94796
1.2208,1.02805,2.74847,0.17025,-7.1949
1.09381,-2.29897,2.40801,0.33943,6.01099
1.65789,1.77173,-1.95484,0.24324,-5.62513
1.42647,-1.43411,-0.11824,0.36967,6.83445
0.70053,2.00128,3.44524,0.34539,-15.15077
1.92633,-0.82621,3.80156,0.37518,3.36056
1.47308,-0.82409,2.10543,0.08244,4.80761
1.97829,1.5744,-0.43459,0.16106,-4.94091
1.94827,0.0645,-4.26835,0.13249,-0.17557
1.85404,-1.87881,-3.80647,0.22353,5.28966
1.55967,2.20168,-4.99707,0.23246,-4.60153
1.29697,-1.00435,-1.408,0.33365,6.66167
0.50991,-2.49583,-4.76616,0.2848,16.79883
1.17803,-0.52778,-0.64978,0.28994,4.3296
1.57768,0.46472,0.97542,0.31649,-2.91074
1.13754,0.69043,0.9588,0.13644,-5.59336
1.76283,2.10869,0.55298,0.11307,-4.79922
0.39738,0.26017,-2.73829,0.10759,-4.48468
0.88569,-1.73598,0.19189,0.38972,10.82998
1.11074,-1.49749,4.79836,0.04863,8.61913
0.97819,-2.50799,-0.55382,0.15805,6.02901
0.39546,1.48236,3.74492,0.14014,-28.06568
0.47635,-2.47594,-1.18595,0.29596,14.26514
1.70771,0.66484,1.23044,0.4621,-3.73896
1.07189,0.60914,-0.18161,0.4393,-5.16701
0.2877,1.79387,1.88622,0.05269,-34.45389
0.22968,-2.67268,3.97378,0.27011,-1.04406
1.05226,-1.86666,-0.59099,0.0186,8.92768
0.49588,2.57336,2.57399,0.3962,-14.79346
1.46923,0.45388,3.8254,0.18736,-3.25957
1.63158,-0.26584,2.89545,0.10743,1.46277
0.61093,1.5562,-4.75444,0.24205,-12.97236
1.26592,2.52917,-4.9981,0.21755,-3.77617
0.478,-1.48905,3.8296,0.47156,12.55064
0.74645,2.52255,2.29313,0.01659,-7.69419
1.79983,-2.45864,4.58132,0.47499,2.76796
1.17938,3.00137,-2.07518,0.11719,-0.9877
1.7946,-2.1058,2.87968,0.07252,4.63773
0.60545,-1.46878,3.01522,0.37091,13.06771
0.79404,-2.53468,3.57326,0.26129,5.56543
1.04771,1.90806,1.92028,0.44782,-9.61917
1.06414,3.04252,-3.61692,0.27132,-0.04523
1.99577,-1.27563,1.80943,0.25273,4.58803
0.406,-1.09571,1.04484,0.10308,20.83319
1.73354,-1.38871,-1.66328,0.47489,5.82824
1.75463,-2.16878,-2.91387,0.33225,4.93521
1.19576,1.80607,3.851,0.30078,-8.7881
0.81927,-2.76008,-3.58054,0.39503,6.56557
1.13461,2.93911,-0.77802,0.05064,-1.70814
0.72644,2.6849,1.22799,0.43321,-6.96313
1.63839,-2.39742,4.71796,0.25024,3.61595
1.0969,0.1855,1.70976,0.40111,-2.21951
1.86652,3.09668,-1.95122,0.35632,-0.03643
1.32084,2.21557,-4.39338,0.22563,-5.36778
1.12577,1.35173,-1.82297,0.38485,-7.95216
1.47992,-3.00047,-2.07213,0.36035,1.27331
1.10708,-2.71196,3.19079,0.00186,3.68612
1.82811,1.84736,-1.23415,0.35462,-5.03131
0.532,-0.77632,-4.01552,0.25439,16.52925
1.95203,1.05829,3.69977,0.41974,-4.7874
1.66194,1.50282,-4.81946,0.40482,-5.18273
1.74932,-0.48893,-4.96991,0.08532,2.7725
1.06923,-2.2407,-0.25247,0.01088,7.19436
1.70696,-0.71192,-4.3078,0.09816,3.89961
0.75219,2.33137,-3.22898,0.37056,-7.33329
1.57151,-1.06132,4.85285,0.43568,4.59352
0.45281,-2.74795,3.44365,0.35029,2.42636
0.75269,2.88481,2.64038,0.41029,-5.22223
1.00232,1.13523,1.70793,0.29362,-9.37263
0.78018,0.25671,-4.52185,0.25326,-1.31109
0.89663,2.06784,3.35909,0.48518,-11.64426
1.67619,-0.55819,-0.28812,0.0403,3.10397
0.66202,3.04807,-4.0168,0.21068,0.5471
1.54151,2.2467,-1.99249,0.13903,-4.84818
0.33268,-1.37888,0.01968,0.06103,28.9354
1.57833,-0.81023,-4.86305,0.30279,5.09383
1.62564,-1.40905,-2.47581,0.13163,6.07908
0.92306,1.00117,-1.64076,0.23148,-8.50385
1.50046,0.87545,-0.36209,0.06829,-5.00909
1.84725,0.14141,-4.98018,0.19499,-0.46388
1.64128,2.92696,0.65443,0.10013,-1.29736
0.9028,-0.1742,-3.02366,0.44847,3.54703
1.07158,1.78268,0.97251,0.2612,-9.17115
1.60284,0.99334,-2.6085,0.39977,-4.72208
0.72667,0.11426,-0.97282,0.24286,-1.09172
1.64699,-2.8771,1.2363,0.02119,1.54743
0.79053,0.98957,1.56573,0.34728,-11.24175
1.65078,0.89595,-4.69404,0.02391,-4.59884
0.35624,-2.35699,0.35075,0.19752,18.91066
0.27992,1.85929,3.16642,0.27347,-44.64959
1.99582,-0.20738,-2.93577,0.38991,1.29943
1.76502,-1.10492,0.31989,0.4493,4.91955
1.78913,2.0355,-0.52385,0.10241,-4.88491
1.9123,-0.98413,3.49935,0.33179,3.95467
0.98897,0.76561,-0.61237,0.23511,-6.72673
0.7163,0.74088,4.43841,0.38376,-12.56311
0.43404,-2.8098,1.52428,0.46992,3.55998
1.10218,-0.48485,0.61383,0.26648,4.01369
0.59609,-1.74183,-2.0808,0.14339,17.05689
1.88399,-1.88765,0.96526,0.39925,4.83924
0.20721,0.97365,-3.68754,0.26337,-16.53098
0.45775,-3.0699,-0.83756,0.44114,3.29838
0.64366,2.94731,-2.15572,0.28304,-1.46973
0.55812,-0.65728,1.70277,0.46856,8.17748
0.6064,-1.26415,2.63996,0.00877,15.35983
1.38089,2.63878,4.28629,0.36948,-4.25398
0.78952,-0.08374,-2.77899,0.17327,1.81176
1.30704,0.71833,3.84751,0.33431,-5.69247
1.80246,1.23057,3.45951,0.47117,-5.63229
1.2846,2.33365,3.62432,0.32696,-6.23836
1.45016,-2.3264,2.40476,0.37249,4.49785
0.85791,-2.62855,-2.32279,0.07903,5.86195
0.48753,3.10208,3.77872,0.08526,-2.15039
0.77705,-3.08577,0.99548,0.28671,0.23163
1.93571,1.30813,2.40612,0.2153,-5.03234
1.31926,0.69784,-2.94743,0.05558,-4.684
0.69952,0.33019,-3.42589,0.36417,-1.99722
1.01165,1.79591,-2.23148,0.34948,-8.69038
1.70392,3.0943,0.11371,0.04579,-0.27398
1.4032,-2.847,-0.83375,0.02433,2.04019
1.20918,0.71962,3.87608,0.18941,-5.84935
1.79329,1.36205,-4.86981,0.31647,-4.87241
1.41039,-1.21932,-4.19952,0.44678,7.47352
1.35691,2.46842,-1.7459,0.21725,-4.30145
0.54158,-0.27022,-3.32268,0.04205,5.3117
0.3915,-2.10814,-0.93249,0.42023,24.08279
1.93726,2.22681,2.17593,0.06245,-4.04897
1.27795,2.78298,4.93418,0.3187,-3.65706
0.94823,-2.51632,-2.97925,0.20673,6.74042
1.26024,1.58136,-2.34025,0.45479,-7.11367
0.31126,-1.79062,2.68739,0.35246,20.98199
1.67983,-3.09936,-2.2795,7e-05,0.24664
0.58996,-1.50411,2.0375,0.18638,15.50016
1.64818,2.22996,0.83489,0.09015,-4.73278
1.16188,-2.25451,3.54894,0.14177,6.17276
0.69783,-2.32058,-4.66663,0.19948,12.19971
0.25438,1.50198,4.79747,0.27069,-58.54258
1.6685,-0.58836,4.64251,0.39919,2.59742
0.51763,-2.20863,-4.77612,0.04321,15.996
0.29325,-1.69646,-0.00491,0.22055,33.20158
1.56058,1.85104,-0.98574,0.42536,-5.86873
0.83008,0.77452,-2.45837,0.21609,-7.49433
0.9008,1.63946,4.77826,0.25965,-12.3936
0.64472,-2.52727,-3.254,0.3893,11.81818
1.74652,-0.26324,-2.36446,0.35645,1.73786
0.73519,1.86677,-4.91777,0.255,-10.44314
0.57835,-1.47157,0.80223,0.48355,15.71896
0.75665,-2.07855,3.60799,0.01811,11.21528
0.56567,-0.74277,1.21913,0.02726,11.62533
0.77178,-1.0469,1.51607,0.21368,10.46221
0.34929,-1.97623,-4.3368,0.07892,28.61459
0.48535,2.85222,2.14807,0.10825,-6.75466
0.9507,-0.1062,-0.90996,0.07504,1.1693
1.78304,0.67906,-0.26288,0.34618,-3.42689
0.30312,-2.38066,0.85016,0.21063,20.36869
0.58281,0.69137,4.75364,0.41709,-16.5691
1.83502,0.3476,2.48183,0.12519,-1.91335
1.80203,2.71389,1.83927,0.31171,-2.43456
1.42301,-0.55093,-0.68107,0.10672,3.64467
0.63285,1.77225,-4.65549,0.00724,-15.10358
0.95566,-1.23037,0.38685,0.34446,9.53016
0.5802,0.496,1.60881,0.07276,-8.39441
0.43146,2.68273,2.0419,0.34691,-13.87578
0.884,0.78585,1.07881,0.34534,-8.32725
1.23648,1.32675,-1.99633,0.33407,-7.26251
0.84788,2.36238,-2.78969,0.29598,-6.98195
1.29948,2.67302,-4.09906,0.44246,-2.33526
0.73326,-1.83296,2.02831,0.03782,12.77883
0.82253,-1.91111,4.70786,0.46591,8.00057
1.62321,0.31715,0.25022,0.03298,-1.88789
1.78097,3.11342,1.73183,0.24766,-0.29038
0.77966,-0.06187,1.92603,0.46162,-0.68458
1.22873,-1.06246,-3.38558,0.13446,7.27586
0.70069,0.23412,-3.08199,0.41895,-0.61801
0.296,-2.73698,-2.91823,0.29659,22.92508
1.52814,-2.02817,4.32842,0.43059,4.96161
0.50781,-2.2059,-4.8442,0.02428,16.00771
0.96628,-2.96619,0.41169,0.27797,1.64902
1.07668,1.3962,-1.22822,0.09433,-8.87287
0.53205,-1.09658,1.5935,0.00903,16.35263
0.3702,-2.08265,-2.79508,0.34448,30.12864
0.82642,0.07693,4.61171,0.37484,-3.44336
1.91411,-1.10933,-1.68785,0.36815,4.7586
1.30724,-0.67219,4.25927,0.36349,3.76699
0.88654,-1.15905,0.892,0.39997,9.68674
0.27004,-3.11656,-0.85539,0.23479,3.66338
1.28049,1.18331,2.33886,0.17379,-7.34102
0.36606,-2.4461,0.53065,0.38548,15.645
1.17658,-1.76468,-3.61417,0.33323,9.05149
1.55351,-1.9458,2.04489,0.1,5.79117
0.96245,-1.05955,0.79494,0.21765,8.70264
0.73894,-2.13504,0.65645,0.09109,11.10842
0.28529,-0.96163,2.38146,0.38945,16.80558
0.2446,-1.61312,1.5348,0.12357,36.90053
0.97405,-2.75697,-1.33757,0.31135,4.21784
1.79002,2.32832,-1.81511,0.36768,-3.77344
0.63931,-1.22157,-2.49181,0.4958,17.44107
1.2333,-2.54292,0.75145,0.21657,4.37562
1.43175,0.13525,-2.00112,0.43623,-0.49806
0.30949,-2.36703,-3.79582,0.33218,35.33244
0.47558,1.7159,2.82697,0.00422,-20.46345
0.7963,-2.75469,-2.90868,0.19564,5.54588
1.40617,-0.2222,-3.35123,0.19706,1.87141
0.99026,2.78864,3.49001,0.05981,-3.63721
1.52155,-2.14276,2.02128,0.21854,5.23039
1.76168,-1.87636,2.66157,0.05823,5.26068
1.56507,0.63124,-1.49639,0.41769,-3.44391
1.98604,3.01501,1.17436,0.18095,-0.67745
1.55785,-0.71732,4.32194,0.09156,3.97646
1.73392,0.93396,-2.17303,0.30091,-4.3312
1.69826,-2.18456,-4.31038,0.42879,5.36307
1.51448,0.88842,-3.29122,0.46746,-4.35626
1.64324,-1.55407,3.97466,0.44714,5.31089
1.88243,0.71181,-2.18469,0.44103,-3.13217
1.05537,-2.58452,-0.08747,0.17403,4.92814
1.34892,0.15688,0.34569,0.25271,-1.18428
1.12689,-1.64993,4.60014,0.18565,8.00559
1.73187,1.14171,-1.98521,0.46113,-4.8457
0.97645,1.55616,0.21391,0.04641,-10.05596
1.67551,2.18744,4.58124,0.27716,-5.22888
1.63884,3.09381,-2.98655,0.12345,-0.14863
1.93139,-0.25538,0.97885,0.42519,1.17152
0.64806,1.07188,-4.36393,0.16961,-11.5299
1.47732,-3.02583,-2.37025,0.43184,1.23598
1.56246,2.54524,-4.30785,0.46402,-2.70743
1.8853,0.72724,-1.69847,0.08598,-3.41818
1.83242,-0.4942,-2.93566,0.37713,2.86908
1.23235,-0.41273,2.98416,0.17499,2.84913
1.24248,1.62103,-0.36605,0.20164,-7.83775
0.50112,2.09525,-0.95,0.13719,-16.4259
1.95493,1.93462,1.92323,0.30833,-4.84478
0.65903,0.06651,4.47199,0.17158,-2.75594
1.50453,-0.80961,-1.98457,0.37031,5.0455
1.63243,2.79941,-4.33249,0.38925,-1.38362
0.99419,0.8432,-3.9022,0.19757,-6.58871
0.58015,0.27428,3.57215,0.00237,-4.60521
0.54013,0.61776,3.45855,0.03304,-10.91146
1.74169,0.81598,-0.24635,0.13691,-4.09153
1.11936,1.33878,-3.52357,0.47694,-7.18786
0.36225,0.33417,0.26489,0.1969,-9.27963
1.49064,2.35843,1.68422,0.37212,-4.92519
0.65031,2.26015,-1.67764,0.46804,-9.78387
1.77751,-0.36281,-4.17482,0.17084,2.1844
0.75723,-2.08265,-1.78058,0.28064,12.16627
0.56049,0.48164,1.90574,0.42616,-10.69309
0.35275,0.75863,4.78368,0.3074,-30.9495
1.12076,0.1469,-3.0991,0.05611,-1.14275
1.01133,2.45407,4.14556,0.38479,-7.71554
1.55236,-2.55713,-0.43377,0.45205,3.56811
1.03628,-1.33569,1.63218,0.38439,8.62186
0.81887,2.29833,3.63699,0.37627,-10.98772
0.67098,2.76092,0.5746,0.37785,-5.91446
0.70066,-0.46543,-4.38539,0.30627,9.01955
1.87013,-1.93117,-2.34221,0.1239,4.99165
0.49714,-0.50058,3.02906,0.45542,3.88893
1.97872,-0.27541,0.52892,0.06445,1.33953
0.78846,0.12296,-1.70926,0.41365,-0.38867
0.3591,-1.41778,0.83302,0.17969,25.83819
0.64764,-1.1773,-2.3143,0.33691,15.84851
0.30515,0.97759,-2.5899,0.40255,-15.4594
1.62205,0.76526,3.28393,0.39929,-4.68788
1.1226,1.01852,-0.99932,0.08057,-7.37563
0.80658,-0.77104,-2.26011,0.30546,9.53704
1.39169,-1.02757,-0.90824,0.10728,6.08457
1.33516,-0.93281,4.20633,0.05605,5.76989
1.89177,2.83483,-3.19211,0.25678,-1.33691
1.93027,-0.65819,-3.14771,0.49376,3.52586
1.42523,0.66685,-1.46235,0.49083,-3.90393
1.67207,0.14353,-4.39561,0.2867,-0.38843
1.62637,2.36387,-4.25079,0.38609,-3.61183
1.08435,-0.82236,-4.89021,0.12484,7.1484
1.46802,-0.41378,-3.53813,0.11218,2.87102
0.34087,2.15384,1.40387,0.35326,-28.29328
1.56444,-2.13027,-3.03574,0.393,5.80204
1.9313,0.59247,-1.2221,0.37092,-2.71491
0.35295,-0.6289,2.05585,0.05225,15.48751
1.70501,3.05232,-4.68177,0.17814,-0.22608
1.87936,1.391,-2.90941,0.02209,-5.11751
0.60714,-3.07527,4.95888,0.39308,-4.21705
1.14466,2.13298,0.96962,0.15587,-7.36657
1.87014,1.27662,1.5998,0.21487,-5.11852
1.92841,0.38303,0.16048,0.28944,-1.9137
0.43019,-1.65795,4.65892,0.00028,22.71045
0.82821,-2.20341,-3.55703,0.17706,10.47089
1.45666,0.80676,-4.32627,0.36364,-4.12126
0.59881,-0.37737,3.16166,0.14303,4.77537
0.78459,2.27213,-4.95904,0.28524,-7.25453
0.24192,-1.49305,0.61562,0.48859,35.28826
0.47634,0.86406,-4.98588,0.05908,-14.36373
1.21219,-1.57807,-1.51755,0.13412,8.23107
1.37556,0.85651,1.50886,0.34198,-5.66107
1.36804,-2.83783,0.47326,0.29919,2.0692
1.60105,-0.68042,0.59862,0.489,3.74058
0.94751,-2.05658,-3.42654,0.0173,9.22174
0.69228,0.6656,-2.05267,0.439,-6.87052
0.22805,-1.15153,2.10029,0.24427,29.4266
0.57193,1.70609,-4.76703,0.11345,-15.34227
0.7623,-2.42158,0.95283,0.25168,8.07309
0.52077,0.3532,0.17066,0.2061,-6.64553
0.23626,0.5886,-1.56043,0.08967,-20.54609
0.48341,-3.00271,-1.65225,0.1097,3.58502
1.39898,-2.91549,2.98947,0.14407,1.35197
1.33325,-1.20486,-1.18003,0.2761,7.05406
1.88423,0.68534,-4.2014,0.04155,-3.24614
1.6367,2.90679,4.62039,0.04442,-1.47107
1.22196,-2.57118,-3.69631,0.16587,4.74559
0.4476,1.27651,2.97454,0.35365,-26.22515
1.21533,1.21087,-4.86057,0.48915,-5.94497
0.31087,1.06484,-1.35602,0.006,-27.51858
0.97559,0.10146,0.15181,0.48617,-1.09598
0.90247,2.93315,-4.70218,0.34302,-0.26898
0.97006,0.01115,2.34087,0.45049,-1.23342
0.70369,2.12558,-2.39419,0.26817,-10.55331
1.43449,-1.49213,0.41168,0.23147,6.77119
1.7137,1.92459,2.92328,0.39258,-5.76068
1.58333,3.11989,0.91114,0.27556,-0.23461
1.32995,2.57665,-0.44387,0.44868,-3.8364
1.16902,-1.23105,-1.63888,0.44653,8.44747
0.25595,2.17497,-4.54895,0.26523,-13.12566
1.50128,-2.54307,4.13021,0.28688,3.1559
1.18097,1.11657,0.91931,0.22814,-7.61482
0.68733,-0.99182,1.31536,0.3447,10.98674
0.79012,0.99695,-0.59488,0.34118,-10.10203
1.88409,-0.55136,-1.27288,0.3253,2.84416
1.32385,-3.08484,-4.53345,0.03117,0.501
1.05664,-1.68844,-3.31008,0.48179,10.64833
1.31766,-2.87527,-0.74451,0.1678,2.03136
0.94474,-0.45698,-2.58295,0.12311,4.93801
1.04633,2.13673,-4.55558,0.10552,-7.47477
0.72256,1.49538,0.46014,0.03464,-13.56873
0.99174,1.81529,-0.35886,0.22852,-9.51419
1.43407,1.93019,-0.78627,0.02078,-6.39569
0.2719,-0.80463,2.84229,0.08045,22.90508
1.63105,0.03786,0.99528,0.00264,-0.22865
0.70936,0.0531,-4.98585,0.08734,0.13141
1.42861,-2.43028,2.6191,0.49762,3.84425
1.35691,0.61665,-0.17412,0.27073,-4.15533
1.37473,1.38343,0.16814,0.03357,-7.01404
1.29463,0.69723,3.89573,0.28207,-5.52109
1.92638,1.54545,-3.9078,0.3004,-4.77448
1.11502,-2.39458,0.99404,0.27386,5.75889
1.51817,1.64248,-2.1784,0.16799,-6.28634
1.46981,-1.83381,-4.63289,0.32862,7.14955
0.62528,2.36767,-0.62618,0.0713,-10.85148
0.70995,-1.60264,-2.16387,0.10978,14.28216
0.96323,-0.05031,-4.98507,0.49736,3.18448
0.69986,-0.08001,-0.07055,0.20779,1.15022
0.86014,-1.45236,-1.88877,0.0739,11.5139
0.90373,-0.8689,-0.65877,0.10851,8.37666
1.28696,-1.97545,-4.88269,0.36207,8.07439
0.5958,0.44046,-0.98218,0.05813,-6.85914
1.64773,2.59513,-0.29595,0.17699,-3.07463
0.98757,-1.15229,-0.33979,0.1642,9.13343
1.47124,0.05066,2.16926,0.11399,-0.45188
0.3466,2.27376,4.91287,0.23842,-31.34427
1.04594,-0.29846,-4.72138,0.05506,2.99554
0.2508,2.08137,-1.03973,0.22828,-30.35333
1.41664,-0.33684,3.56717,0.01631,2.2597
0.81868,-0.37547,1.25697,0.48517,3.48426
1.90866,-2.15362,4.83601,0.30244,3.88974
0.78342,-2.35633,2.13416,0.03754,8.72267
1.21485,0.70055,2.24247,0.09536,-5.35042
0.6633,2.0567,-4.23915,0.36822,-9.52996
1.3162,-2.29081,-2.24745,0.36584,6.07795
1.04068,2.5767,0.8381,0.18249,-5.18753
0.86713,-0.88668,0.22393,0.07422,8.74538
0.56664,-0.46962,2.62591,0.26796,5.6433
0.40074,2.47842,4.93658,0.1382,-19.31842
0.41578,2.49,-2.93196,0.0484,-13.4877
1.99827,0.15619,-0.71601,0.173,-0.73265
0.94216,-1.40263,3.6684,0.37551,8.71353
0.20347,-2.06127,3.38149,0.17707,28.06667
1.91527,-1.4352,3.17193,0.02039,5.05735
0.23596,1.76323,1.20394,0.0602,-42.10841
0.95346,-1.10213,4.93193,0.29817,7.5618
1.49146,1.22247,-1.42097,0.26108,-6.01566
1.84628,-1.91511,-3.83705,0.33743,5.38136
1.4832,-0.13507,-3.6744,0.28588,1.36812
1.03453,-0.92924,-0.64308,0.24861,7.74654
1.954,0.0227,3.0495,0.23756,-0.30368
0.27077,0.43948,-0.47154,0.48077,-12.32247
1.97641,3.08464,1.11383,0.43115,-0.4055
1.7289,2.51261,-1.41978,0.19144,-3.24726
1.87207,1.23067,2.14831,0.32674,-5.14026
0.65859,-2.17559,-3.46858,0.01022,12.33495
0.45642,2.63283,0.20116,0.01048,-10.47929
1.39397,2.46669,-3.1487,0.15929,-4.13904
1.12855,2.42973,-0.31408,0.37738,-5.58534
1.1417,-0.13184,-0.69506,0.46273,1.3763
1.86431,-2.06901,1.04562,0.34149,4.51959
1.31615,1.59846,0.09545,0.35319,-7.47019
0.75991,-0.70048,4.75741,0.01606,8.18887
0.92012,-0.97661,4.00312,0.46508,6.63521
0.44029,-0.68624,-2.05922,0.0434,14.57867
0.54617,0.37115,-3.78823,0.47345,-0.50181
0.45803,-1.04603,-4.35248,0.07085,20.00584
1.65852,1.19331,-3.02006,0.01669,-5.48012
1.46877,0.92818,-2.77893,0.2818,-4.98376
1.15462,0.05569,3.88681,0.05682,-0.63855
0.87386,-2.80247,4.24841,0.01441,3.65431
1.40329,2.74288,-2.6953,0.33391,-2.257
1.66323,-0.55483,2.58731,0.36913,2.7619
1.78622,-0.31759,3.35764,0.14647,1.56093
1.18463,-0.27626,-1.22489,0.26675,2.49154
1.67579,-0.84805,3.71594,0.29302,4.0027
1.12035,1.09697,4.88652,0.08042,-8.1046
1.05415,-3.05415,4.67795,0.22003,-0.11351
1.75778,2.34682,2.41907,0.31848,-4.23246
0.89547,-2.49795,-1.28337,0.44285,7.28307
0.91264,3.13979,-2.72995,0.20943,0.66709
0.74884,0.80477,4.9287,0.34967,-12.51427
1.13366,-2.72535,-2.23825,0.25084,3.93561
1.18073,0.3923,-0.61617,0.35354,-3.0202
1.38883,-1.05992,-2.35875,0.39449,6.64404
0.9749,2.84655,-0.03881,0.26528,-2.91511
0.59211,1.60517,-3.89619,0.03055,-16.21863
1.76032,0.04407,3.09057,0.4377,-0.68209
0.8228,-0.44122,0.05107,0.3005,5.06885
1.8613,3.11564,-0.80498,0.30032,-0.06701
0.57324,1.05171,-1.36855,0.25473,-13.79812
1.2081,0.08752,0.79784,0.08699,-0.75735
1.16591,-0.64124,2.79888,0.24309,4.53265
1.69157,-1.10218,4.02561,0.26841,4.79653
0.44993,1.29069,3.41518,0.19188,-24.19059
1.83789,0.5522,-0.54487,0.07455,-2.78791
1.15657,2.18771,3.33992,0.38112,-7.87007
1.255,0.33653,0.28615,0.22829,-2.62269
1.1183,0.5173,1.38178,0.35033,-4.72529
0.26484,-0.14227,1.7456,0.02349,4.66754
1.09476,1.6501,-1.00318,0.25219,-8.72159
0.67439,-0.53412,-0.13947,0.03689,7.4167
0.81684,2.2113,1.92589,0.36677,-10.68796
1.36838,-1.08671,-1.92072,0.29048,6.64329
1.09585,1.2103,2.46913,0.2257,-8.84055
0.36779,2.46911,-1.45897,0.48642,-11.36892
0.33147,1.69064,0.85489,0.16301,-30.65108
0.53418,-0.98892,3.37623,0.21144,12.84053
0.54359,1.29647,-4.76795,0.36877,-11.42154
1.29494,-1.84107,-2.5966,0.26253,7.70714
0.52007,-2.77613,0.61168,0.32926,5.99663
1.78709,1.83081,-3.93898,0.48814,-4.7028
0.57757,1.93528,-2.94398,0.34784,-12.79945
0.36404,-2.99751,2.49089,0.07535,2.45285
1.77634,2.81358,-4.74177,0.10467,-1.62187
0.73159,-0.33992,1.10037,0.43493,3.57662
0.96576,2.5464,-4.65843,0.02399,-5.57535
1.92625,1.81065,-3.84076,0.25459,-4.68347
1.89986,2.51738,-1.09659,0.45298,-2.88025
1.48685,2.09466,4.64769,0.38811,-6.52897
0.32409,2.9782,0.45848,0.05783,-5.17624
1.26801,0.81117,-1.87776,0.37023,-5.17729
1.98034,-1.71368,-0.88674,0.19103,4.94641
1.90445,-0.6939,0.68772,0.45064,3.20887
0.3908,1.5826,1.19417,0.2864,-27.33963
0.91274,-2.15533,-2.32097,0.27439,9.72783
0.76797,2.70078,-3.02706,0.00436,-5.428
0.43351,-1.85179,-0.04691,0.12483,21.77287
1.45064,2.36232,1.44851,0.20638,-4.89453
0.69293,-0.10227,3.1658,0.36196,-0.94125
0.82076,2.14018,0.92795,0.26002,-10.42487
0.36265,2.87956,1.92434,0.42627,-13.24489
1.09634,-0.48916,-0.16021,0.01718,4.2068
0.4847,1.2353,0.66719,0.16144,-19.56934
0.97776,-1.71708,1.35448,0.29879,9.50262
0.45802,1.88989,-2.63669,0.32938,-16.19733
1.91693,2.01015,4.34074,0.2512,-4.92826
0.46097,-1.28651,-1.54661,0.19943,21.8786
1.1394,-2.98991,1.04688,0.03578,1.27209
0.55456,-0.43225,0.60954,0.34812,6.72046
0.33745,-2.07345,3.53345,0.45186,11.45387
0.56416,2.00152,-3.86396,0.40442,-10.8908
0.29859,-1.50107,3.84231,0.35061,17.66428
0.45092,2.7878,-3.62985,0.31708,-1.8767
1.08827,2.96446,-3.5547,0.38602,-0.42975
1.37327,2.56879,3.62255,0.38837,-4.61772
0.35721,0.6259,-2.42898,0.00347,-16.02225
0.99383,-1.46129,1.11786,0.17892,9.60924
1.24624,1.93056,-0.36389,0.43403,-7.26601
0.62161,1.26666,4.34266,0.42539,-19.83837
0.86974,2.99814,2.82084,0.35498,-2.93625
0.3293,-0.77125,-1.65006,0.15454,23.11616
0.59624,-2.77234,3.13441,0.39896,2.42065
1.04016,3.13145,-2.74212,0.11578,0.19781
1.9828,2.12537,1.15571,0.11205,-4.23897
1.99328,-1.74993,2.51584,0.26787,4.67317
1.96332,1.41766,2.03158,0.28567,-5.08873
0.96156,-3.13726,1.56682,0.17566,-0.25344
0.34522,0.36323,3.29969,0.30189,-18.45427
0.78243,-0.86181,0.56208,0.35456,9.19098
0.62789,-0.74561,4.28348,0.09011,9.62045
0.22543,-1.60523,-3.5519,0.14431,53.57783
0.37142,-1.41469,-1.44291,0.34992,29.7509
1.01575,-0.28483,2.82992,0.46363,1.44212
0.81139,-1.58245,-1.91944,0.44222,13.3788
0.52464,-0.21086,-0.57051,0.06482,4.04808
1.48898,0.48599,2.7288,0.28486,-3.42795
0.84281,1.32645,0.3857,0.40009,-11.51116
1.73336,1.11304,-3.12382,0.11866,-4.95348
0.63376,-1.62113,-3.25161,0.3216,18.06299
1.16911,-2.89536,-1.98768,0.21382,2.35629
0.53145,2.0903,-1.96987,0.33137,-13.71242
1.09154,2.33931,-3.63325,0.01605,-6.41241
0.47444,3.00895,3.34661,0.15648,-5.06103
0.49084,2.88845,-2.17373,0.15366,-3.61899
1.302,0.84078,3.02247,0.20934,-5.9877
0.67481,2.47728,4.7345,0.05727,-9.55792
0.51026,-0.32667,-1.68039,0.21831,7.57828
1.87358,1.80538,4.70231,0.27075,-5.45523
0.27741,2.86095,-3.08799,0.01333,-9.25978
1.21727,1.86157,1.47453,0.15046,-7.87046
1.18687,-0.52926,4.9118,0.08865,3.86408
0.6511,-0.76806,3.08372,0.48608,6.93176
1.01499,-1.30978,-2.70299,0.06511,9.50857
0.35793,-0.83526,-2.42667,0.31371,26.2643
1.49829,2.01424,-2.37569,0.20093,-5.70156
0.59905,1.26606,4.42993,0.14367,-17.39476
0.54809,-1.57156,-2.54588,0.42704,21.51745
0.76678,1.32911,0.09615,0.33204,-12.47621
1.82427,-0.75778,-1.50111,0.31015,3.83592
1.63364,0.363,-1.38731,0.04683,-2.10789
1.90441,-0.81449,-0.91782,0.12948,3.77965
1.37353,0.1359,-1.54955,0.13825,-0.8541
1.39326,1.4439,0.99928,0.21719,-7.09624
1.06406,1.45224,-0.74528,0.46073,-8.85144
1.82934,1.59079,-0.58988,0.20183,-5.32596
1.11958,-0.68462,0.05994,0.16401,5.53322
0.83911,1.19692,-1.43821,0.03547,-10.8109
1.35268,-1.64172,2.5456,0.19248,6.96628
1.18305,-0.14182,0.03482,0.02618,1.17141
0.42324,0.52218,0.09211,0.1826,-11.65462
0.90691,1.1717,-2.90155,0.48389,-8.25985
0.76399,2.58865,-4.69163,0.27803,-4.50897
1.7243,-1.22667,3.09275,0.10444,5.24708
0.88192,2.1695,3.55482,0.14961,-9.87257
1.6788,-1.18674,-2.58753,0.28555,5.67994
0.9963,0.32616,-1.39968,0.00964,-3.14124
1.5563,2.06151,-1.41982,0.44979,-5.29591
0.44351,1.40209,1.84212,0.28907,-24.51229
1.86437,2.27998,-3.12764,0.24614,-3.7717
1.06501,1.97846,4.78713,0.35812,-9.9678
0.66764,-1.40525,-4.38139,0.10013,15.47697
0.63468,3.09721,4.73767,0.01082,-0.81302
0.67714,2.74574,-4.31218,0.30761,-2.69329
0.8601,-0.43873,-1.82486,0.08,5.04229
1.49154,-2.84497,-2.49307,0.00612,1.92932
1.90929,-1.23467,-2.40366,0.46446,5.15677
1.40427,2.11211,4.94669,0.39421,-6.97598
1.1849,2.8329,-0.41648,0.0571,-2.49837
1.00748,2.08396,-3.80489,0.44818,-6.80298
1.69075,-0.64878,4.8228,0.03379,3.44875
1.72938,-2.78636,-2.57334,0.40149,2.3184
0.72747,0.11048,-4.27453,0.20724,0.18713
1.91616,-0.77671,-4.75819,0.25909,3.9243
0.91121,-2.36893,-0.36769,0.33416,7.66305
1.64014,-2.4765,4.18332,0.04938,3.61441
1.94028,-2.18003,-4.8304,0.45388,4.7287
1.46658,-1.84836,2.25176,0.07182,6.3578
0.49079,1.59459,-2.39578,0.47079,-15.29992
1.25505,-0.74328,-2.8094,0.04574,5.37102
0.4138,-0.39623,2.0379,0.086,8.12602
1.62046,0.61815,2.47873,0.02878,-3.53554
0.70637,2.8911,0.59015,0.19889,-3.67776
1.45139,1.61144,-2.97745,0.29543,-6.33589
1.83816,0.91554,-4.93692,0.31254,-3.77489
0.52582,1.53204,2.37278,0.41426,-22.19781
0.90714,1.37786,0.99614,0.26419,-10.9333
1.36481,1.19537,-0.77454,0.25506,-6.58112
0.95539,-0.02257,-2.86418,0.16307,0.74349
0.51467,0.42001,2.61934,0.32555,-10.99159
0.25233,-0.24196,-4.29105,0.45426,39.93049
0.93188,-0.66,1.42702,0.17765,6.1624
1.36858,-1.44031,1.88398,0.17818,6.92787
1.23317,-0.90972,-2.76743,0.17166,6.59162
0.48123,-0.44906,-0.16675,0.11371,8.93145
1.01125,0.49876,0.20199,0.28336,-4.69622
0.86505,-0.00078,0.91282,0.05279,-0.05549
0.69356,-2.46333,4.01188,0.4174,5.39357
1.51269,-1.00548,0.46415,0.06888,5.46219
0.75737,-0.7779,-4.32682,0.08696,9.74596
1.17226,1.30015,-1.55028,0.03429,-8.02518
1.8618,-1.04997,1.28327,0.19067,4.49986
1.1707,-3.0916,-1.66859,0.37882,0.87991
1.31064,-2.61169,2.6794,0.45505,3.07345
0.33184,-0.01886,-3.10095,0.21714,6.67212
0.52064,-1.95724,-3.56995,0.11757,19.001
0.38171,-0.03379,-2.68967,0.36283,7.56592
1.57666,0.46625,3.76085,0.34407,-3.31756
1.70466,2.72337,1.80935,0.34082,-2.54946
0.53562,0.97754,0.20049,0.22171,-15.34053
0.59469,-2.94656,-1.99663,0.28265,4.79268
0.78177,-0.74939,4.18591,0.03098,8.33569
1.26394,1.84384,3.88776,0.12501,-7.77812
1.31923,-1.50443,-1.006,0.46347,7.68767
1.43616,2.67018,2.52724,0.02089,-3.12771
1.82935,0.18228,4.13564,0.1508,-1.15844
0.73107,-2.56073,-1.86647,0.11332,7.7592
1.38577,-1.62313,-1.71282,0.06512,7.12751
1.2075,2.55285,0.45806,0.46218,-4.65668
0.75051,3.08793,-0.91633,0.06295,-0.59866
1.83335,2.2809,2.6148,0.24469,-4.2479
0.37187,-1.12672,0.3693,0.41975,22.70055
1.4816,1.68904,-2.88145,0.00194,-6.57244
1.51017,-1.7453,-1.43613,0.05426,6.43147
1.84759,-0.72557,1.71239,0.17095,3.4375
1.13345,1.23884,-4.46566,0.07376,-7.92615
0.77892,2.94619,-1.57833,0.09133,-2.2077
1.68993,-0.38203,-4.83904,0.29558,2.66494
1.58746,-0.02616,3.20867,0.08532,0.05302
1.10057,-1.75823,-3.8281,0.31942,9.76698
1.58214,-0.60807,-4.22795,0.45776,4.31539
0.68218,-2.74564,2.86593,0.11471,4.83996
1.26111,2.25306,-4.10493,0.10614,-5.76357
1.75733,-2.99498,1.84263,0.0057,0.81213
0.77237,1.15312,-1.20136,0.00733,-11.59449
1.07039,-1.42489,3.21699,0.19831,8.51068
1.91188,-0.15011,-3.17149,0.24452,0.97949
1.63678,-1.37251,-4.15583,0.09141,6.01782
1.79667,-0.62787,-2.71593,0.16149,3.34328
0.89344,0.29391,4.32135,0.07015,-3.5607
1.99371,0.88526,3.29121,0.34062,-4.09088
0.47462,2.7664,-2.14213,0.19647,-5.70597
1.13379,-1.05431,-2.93886,0.36717,8.36323
1.06269,0.53318,-3.43158,0.27516,-3.85588
1.63718,2.52409,-2.78797,0.18865,-3.27314
1.83551,-1.31801,-2.94956,0.31318,5.44889
1.51605,2.29368,3.88188,0.00358,-4.8585
1.32827,2.8749,-4.80014,0.34518,-1.00724
0.96937,2.18337,3.80123,0.18552,-9.03035
1.11859,0.43895,-4.58575,0.25679,-2.786
1.11674,1.39559,3.26835,0.2617,-9.33587
0.23666,-0.11897,-0.74253,0.27921,8.62118
1.10548,0.61108,-4.22794,0.35119,-3.87644
1.74075,2.98121,2.99005,0.05532,-0.95457
1.47669,-1.56376,-2.4356,0.24449,6.91613
1.63228,1.83813,3.78028,0.04158,-5.85553
0.90287,0.03916,2.52258,0.11708,-0.78771
1.15215,-2.03027,4.8177,0.09463,7.288
0.26027,0.90186,3.31873,0.29935,-44.23421
0.8894,1.83737,-2.59039,0.30305,-9.64796
1.05395,0.43201,-0.90785,0.41545,-3.55759
0.65938,2.12015,1.9663,0.26092,-13.86863
0.25623,-0.84277,-1.83935,0.37234,39.01077
1.44273,2.59978,0.46504,0.44454,-3.60578
0.98316,0.93192,-2.62353,0.06677,-7.82884
0.94822,1.90481,1.62951,0.36048,-10.42726
0.64998,-1.42638,-1.57866,0.16397,15.54845
1.16809,-0.33849,-4.44822,0.13903,3.24199
0.98845,2.5737,4.67774,0.48149,-7.64326
1.05317,-2.82181,3.43904,0.10323,2.60814
1.24557,-0.6033,-1.96283,0.45728,5.04704
0.21138,1.76129,-3.70375,0.41186,-11.43037
1.83385,1.53193,2.35226,0.43932,-5.65263
0.32796,2.20931,-2.79327,0.29299,-16.41002
1.01166,1.50413,1.05454,0.29235,-9.97658
0.57327,2.80916,2.79079,0.20129,-7.2938
1.14281,-0.01094,-2.27576,0.20046,0.44318
0.70441,0.78094,-2.15363,0.42533,-7.9574
1.74801,2.1847,-4.38387,0.19388,-4.30919
0.91345,1.26726,-1.80152,0.24335,-9.72317
1.34976,-2.50035,0.97451,0.4982,4.08114
0.64798,-0.83569,-3.44203,0.17716,12.68192
0.23493,0.33044,4.53083,0.4113,-47.31211
0.92748,1.60044,2.22416,0.1386,-10.93078
1.16568,0.27374,-2.96099,0.01254,-2.24776
1.02718,1.74389,0.30617,0.29671,-9.49375
1.93163,2.12126,-1.08559,0.23967,-4.25868
1.47231,-1.47574,-1.17647,0.39334,6.84639
1.99221,0.72947,0.59988,0.00208,-3.28215
0.73111,0.35884,-3.91849,0.03528,-4.45354
1.6203,-1.71332,-2.84686,0.42984,6.45917
1.20001,-0.0636,-3.5032,0.24042,1.10443
1.30117,0.30516,-3.26021,0.25319,-1.77765
1.97454,1.99391,1.55217,0.11255,-4.57495
1.37718,-0.24511,4.96165,0.46296,0.51743
1.81787,-2.63318,1.51106,0.45721,2.41786
1.50635,-0.07982,4.84724,0.25835,-0.0326
0.4293,2.12341,0.77007,0.10891,-19.90522
1.45896,0.44771,-2.16691,0.4914,-2.41058
1.07177,-1.1381,3.72305,0.44623,6.86326
1.85384,2.64504,-4.32809,0.26071,-2.19265
1.6523,-2.16361,-3.97572,0.3132,5.38023
0.38744,-1.08776,4.47624,0.21983,15.86768
0.44105,-0.39499,1.50185,0.10303,7.76352
0.3253,1.49526,4.28962,0.34073,-43.88278
1.08784,2.10956,-3.67113,0.33457,-6.70254
0.34539,-2.77365,2.68261,0.27366,4.06248
1.50262,1.83492,-2.6519,0.40722,-5.82391
1.19425,1.38562,-1.56646,0.22592,-7.82583
1.70459,2.47967,3.98991,0.43046,-4.12832
0.70363,2.51606,-0.88745,0.10851,-7.96894
1.13445,1.74374,1.70537,0.4809,-9.15557
0.41146,-1.94651,3.87276,0.10254,19.83305
1.7923,-1.16948,3.70874,0.08006,4.94611
0.51501,2.74148,-4.91093,0.3017,-1.83366
0.38425,0.61684,-3.41785,0.04654,-13.69086
0.56909,0.24354,4.18622,0.08397,-5.24211
1.65122,2.61198,0.62416,0.36452,-3.08487
0.39047,2.35116,-0.198,0.15408,-17.65436
1.30597,1.4294,-4.34742,0.40006,-6.41695
1.54313,2.40176,-4.74948,0.07778,-4.13068
1.55195,-2.42635,4.53415,0.19265,3.78272
0.54211,1.6182,-0.26149,0.19314,-17.90379
0.31092,2.9257,2.86417,0.2402,-13.87521
1.00785,-2.83386,-2.79999,0.2052,3.51389
0.56447,-1.74016,-2.62928,0.19339,18.72622
1.45869,1.84706,0.60255,0.16422,-6.51672
0.84205,0.12596,3.76026,0.00758,-1.50375
1.00884,-2.59735,-2.1142,0.3083,5.67523
0.40427,-1.45796,-1.712,0.23675,26.5914
1.22159,-1.10547,0.50628,0.18664,7.11334
0.53394,-1.1243,-4.59994,0.10571,18.2771
1.42217,2.37299,-1.21238,0.4457,-4.52779
0.3281,1.01811,0.56283,0.11895,-26.06942
1.95661,1.47603,-4.95173,0.46046,-4.39569
1.43215,-3.05633,1.38004,0.10863,0.51024
0.52711,-0.45546,-4.49039,0.48571,16.03611
0.22537,-1.14467,2.19959,0.20992,30.54472
0.80203,2.21121,3.01678,0.26636,-11.05691
0.47506,2.85175,3.38795,0.14941,-8.14466
0.59314,-0.48166,1.73388,0.46959,5.34748
1.77095,2.97233,0.61571,0.14129,-0.96089
1.28577,-3.05137,-1.92439,0.36511,1.11242
0.51762,-1.09504,-0.75386,0.01025,16.87611
1.20199,1.72744,-4.12944,0.27936,-7.26309
0.66041,-0.87902,2.07102,0.37079,9.67896
1.95716,2.64498,-4.75316,0.23544,-2.09597
0.25896,-1.76894,-0.86563,0.32166,41.29261
1.51817,1.85773,0.06211,0.38403,-6.20788
1.59139,-1.87426,1.5009,0.25012,5.7345
0.32089,-1.90315,-1.56801,0.10905,30.55855
0.50936,-0.34087,-0.57212,0.19839,6.87592
0.89175,2.79564,0.87376,0.36539,-4.13173
1.76268,0.53693,4.23175,0.13555,-3.03131
1.1666,0.84844,1.71972,0.31602,-6.7082
1.37955,-3.08044,-2.45566,0.07415,0.53025
1.60942,-2.78587,3.47264,0.46515,1.49922
1.69062,-2.72103,-4.44936,0.30149,2.83836
1.05731,2.00837,-2.27701,0.23414,-7.92717
1.11583,-1.65341,-3.91848,0.40576,10.03871
1.49241,-1.07544,-0.52961,0.39859,5.87793
0.67402,0.69085,1.36927,0.04866,-9.42076
1.73808,0.5275,0.30995,0.15353,-2.85688
0.23742,-0.56216,3.11262,0.22929,9.3625
0.55239,-3.11457,0.67488,0.17027,0.10318
1.64036,-0.31666,-2.67333,0.15865,2.01986
0.81246,1.50094,0.36422,0.1761,-12.14209
0.4697,-1.66354,2.3549,0.07102,20.03783
0.53616,1.30915,0.02953,0.05971,-17.68025
1.15536,-3.04638,-0.5803,0.13016,0.86376
1.72313,2.56359,0.29097,0.03504,-3.1139
0.32717,2.82768,0.48058,0.25511,-10.404
0.25487,-3.12613,-1.89443,0.07657,2.82835
1.0373,-0.26503,3.54226,0.03378,2.36603
1.92114,-0.54147,-2.92317,0.41857,2.96332
0.70222,2.14812,-4.67168,0.29375,-8.92287
1.92651,0.25586,2.41492,0.44918,-1.58098
1.79783,0.69973,3.42314,0.4917,-4.03485
0.70964,-1.86921,1.42736,0.29677,12.37175
1.67051,-2.65738,-0.31055,0.39799,2.77799
1.43456,1.20845,4.75205,0.07977,-6.5785
1.12128,0.75823,-1.2924,0.34918,-5.65715
0.96125,2.08808,-0.94102,0.27478,-8.59039
1.6679,2.16571,0.91113,0.3382,-4.98191
1.62754,0.82332,-0.69573,0.05236,-4.40685
1.56249,0.24103,0.55298,0.46791,-1.60468
1.99686,2.60129,4.66564,0.20874,-2.77132
1.06132,1.8929,-2.62501,0.3879,-7.86385
1.65246,2.40285,-3.51437,0.49531,-3.36001
1.75246,3.11546,-0.76449,0.43666,-0.03757
0.58088,-0.60629,0.03999,0.15585,9.60473
0.27572,1.36304,2.13197,0.20099,-40.45111
0.92855,1.18166,4.55173,0.32433,-11.48724
1.74213,-2.04742,1.8867,0.26901,4.83623
0.72039,0.85796,4.87175,0.20515,-12.2278
1.46002,-0.45183,-2.53661,0.32668,3.32238
0.21323,-0.31017,-2.9111,0.45476,43.16013
0.83966,-2.00975,-1.93465,0.15475,11.00037
1.30793,1.53774,2.87124,0.06417,-7.60401
0.43356,1.2437,-3.13485,0.33787,-15.79213
1.81389,0.20288,-3.0381,0.2948,-0.81753
0.48129,-2.1569,-0.88264,0.45279,18.70612
1.83763,0.35729,-1.82456,0.37133,-1.66641
0.5895,-2.51244,1.46478,0.19855,8.95583
1.9897,-1.00926,3.90167,0.31666,3.86117
1.28855,-0.802,-3.61339,0.43118,6.41036
0.35182,2.40913,0.46755,0.17374,-19.30198
0.3175,-0.53054,-4.11599,0.00691,15.91648
0.33486,0.6187,-2.78507,0.31317,-9.21262
1.26181,2.35481,-1.90898,0.01296,-5.48953
1.65724,-0.46647,0.79103,0.46874,2.52718
0.92533,2.41088,0.54879,0.0841,-7.12941
1.0007,-2.28418,1.43066,0.18713,7.14528
1.26072,-0.84922,3.18906,0.47314,4.89256
1.15947,-2.5464,-3.1277,0.03997,4.83662
1.43851,0.38283,2.43382,0.00217,-2.54999
1.04921,2.87319,1.67021,0.05182,-2.55814
1.48495,0.98616,-4.20289,0.49302,-4.56936
1.99516,0.79216,-1.55305,0.48586,-3.31063
0.83054,-1.39387,-4.72301,0.1923,12.94394
0.22199,2.70872,-4.09816,0.37144,12.35294
0.42613,-0.17885,-2.16213,0.36797,8.47695
1.19633,-1.46397,-2.56884,0.04991,8.24294
0.81966,3.06431,4.00174,0.11756,-1.62425
1.89197,-0.48303,3.93789,0.44449,1.91928
1.3294,-0.8074,0.77868,0.08285,5.29493
1.13664,-2.92192,2.35036,0.26043,1.4069
1.63647,-2.02133,4.99601,0.12208,5.16869
0.66546,1.94271,-0.89807,0.27881,-13.16841
1.67553,-0.10873,0.22425,0.09827,0.6275
0.20551,2.85806,1.5115,0.10787,-17.21433
1.31542,-2.61452,4.20558,0.0234,3.69437
1.88256,0.72849,2.97017,0.49509,-3.88411
1.61815,1.3822,-4.35578,0.05655,-5.86092
1.73654,0.76142,2.1295,0.20781,-4.04437
0.91452,0.18773,-2.48064,0.20878,-1.38267
1.68363,0.49196,-2.45098,0.15181,-2.62101
1.1915,1.19098,0.47238,0.397,-7.77865
1.31337,2.28245,1.96301,0.16885,-5.84853
0.30605,-1.02828,-3.40772,0.31273,38.8288
0.56279,-0.2535,-1.85489,0.2715,5.96155
1.19174,0.85395,2.16121,0.43201,-6.8631
0.30584,-1.16732,-3.47998,0.40974,44.74352
1.5346,-2.01827,3.49708,0.10897,5.60133
1.7121,2.92902,-0.43957,0.37506,-1.15258
1.85665,-1.91807,0.8599,0.39628,4.86942
0.38318,-1.67929,-4.19602,0.45959,38.58482
1.8915,0.74573,4.54501,0.48161,-4.13079
0.32172,-2.65547,4.07532,0.36848,-0.26279
1.0533,-2.92766,-3.09921,0.22497,2.60571
1.71245,-2.73938,1.63102,0.14649,2.16101
0.32656,-2.3671,2.93117,0.43233,9.12562
0.23282,-0.44487,-3.78033,0.45778,50.05992
0.24491,2.06881,0.77454,0.04878,-35.82071
1.12029,-0.99292,3.50454,0.27716,6.56088
1.66087,-0.45533,0.06714,0.0646,2.59589
0.42937,0.6299,4.23785,0.12579,-16.35015
0.4243,-1.24316,-4.52198,0.1916,26.70323
1.22338,-0.42388,4.19211,0.15558,2.86231
0.62173,-0.71432,4.77218,0.358,5.91691
1.51438,-0.99348,-3.44058,0.03948,5.48723
1.90934,-0.70125,-0.6905,0.30689,3.37294
1.57886,-3.07174,1.20765,0.29071,0.29284
1.77892,2.42695,3.93238,0.3936,-4.10309
1.13525,2.99926,-3.40474,0.04834,-1.09809
1.69817,2.27763,-1.65972,0.1663,-4.29708
0.52923,-3.10551,2.9793,0.34855,-3.03901
0.32303,1.57636,-0.89995,0.35584,-27.29953
1.38072,0.4593,1.04943,0.22481,-3.27357
0.29351,-2.54987,0.60006,0.23088,17.03454
1.80647,2.71973,4.73172,0.48248,-2.92313
1.4448,1.73552,-3.58469,0.16311,-6.41786
1.91396,-2.22867,4.48441,0.07506,3.96389
0.765,2.91566,0.64151,0.47642,-3.39495
1.07508,-2.34866,4.04152,0.4048,5.08518
1.53504,-0.28475,-3.82058,0.11853,1.98748
0.637,-2.14272,1.41503,0.42863,11.45476
1.17533,-2.19792,3.4011,0.12615,6.44783
1.38704,2.93931,2.86882,0.41372,-2.03786
1.96186,0.45316,-4.90062,0.31428,-1.78905
1.54047,-1.51315,-0.47795,0.24129,6.40622
0.41264,1.73667,-3.84653,0.46404,-12.96464
1.0556,2.35773,-3.47175,0.40468,-5.30039
1.25979,2.62388,2.06288,0.06496,-3.93817
0.46392,2.72052,4.5658,0.35278,-16.12709
0.97754,2.54835,1.34097,0.39475,-6.16431
0.71121,0.87294,-3.97623,0.27056,-8.44188
0.41389,-0.98981,-2.56003,0.13803,21.87584
1.12168,2.67392,-1.21126,0.11724,-3.82984
0.49814,-2.37192,-3.74642,0.48707,21.05825
1.26297,-2.08099,3.47968,0.2184,6.3018
0.50545,-0.41577,-3.05495,0.25941,10.94088
1.50247,-1.35927,-3.70449,0.29908,6.87453
0.55143,0.72717,2.25685,0.05032,-12.19946
1.81331,2.54659,-3.73168,0.04065,-2.98624
0.24718,-0.05635,-0.89681,0.09907,3.6895
1.1396,0.33848,0.15508,0.03266,-2.86232
0.77619,-0.48297,-4.19771,0.44924,8.99955
0.60514,1.3042,0.55788,0.07401,-15.75123
1.04889,-2.50895,-0.19836,0.11328,5.55055
1.71564,-2.83629,1.68416,0.26866,1.56499
1.8475,0.88806,-2.80854,0.4481,-3.75094
0.74585,0.21915,-1.43371,0.02452,-2.79622
0.47764,-0.58209,1.59655,0.10799,10.53572
1.49625,-1.04305,-4.64403,0.35868,6.40839
1.2476,-2.81608,-3.84205,0.25959,3.15537
0.56183,1.13447,-2.16448,0.29726,-13.78655
1.56853,-0.49343,-3.93644,0.00848,2.97591
1.13407,-0.34389,-4.60488,0.4334,4.46821
1.37611,2.47209,4.87382,0.28937,-5.16887
0.84681,1.49256,-0.4424,0.41718,-11.29183
0.99038,-1.76279,0.33684,0.48187,9.55784
0.52462,0.98751,-2.45095,0.36608,-12.34746
1.56173,-2.31061,-4.92313,0.01551,4.67079
0.48262,-1.92225,2.50724,0.35576,15.25447
1.60094,1.34554,2.23753,0.28174,-6.21878
1.63641,-2.3506,4.72541,0.05177,4.17127
1.54388,-1.38108,-4.78898,0.13521,6.51178
0.23496,2.50109,-3.62979,0.08442,-19.40024
0.69164,1.49738,2.12141,0.46242,-16.19618
1.04301,2.69837,-1.69926,0.39764,-3.41242
1.27198,2.39913,-4.36227,0.35043,-4.26956
1.8546,-1.1776,-1.99042,0.38166,5.10676
0.87609,0.83175,-4.12283,0.30062,-6.66139
1.77504,-0.76218,3.37606,0.42763,3.35792
0.49417,1.23844,3.76933,0.1143,-20.52932
0.8683,-0.95217,1.3689,0.12525,8.97671
0.29411,-3.13332,-1.14403,0.29587,4.18929
1.53648,-2.55136,2.68789,0.40507,3.09224
0.47117,1.70282,1.3159,0.41789,-23.1161
0.66264,-2.61377,2.91982,0.48813,4.21039
1.59542,0.62469,0.10907,0.38114,-3.61247
1.16249,2.24799,4.58345,0.11637,-6.97133
0.22515,1.51488,-2.09966,0.11533,-38.726
0.20402,-0.54388,1.04185,0.22279,19.30455
1.11919,-1.83089,3.08053,0.32508,7.67098
0.74892,2.65488,3.93873,0.2565,-7.92784
0.52456,0.4172,4.46748,0.03374,-8.1256
1.30447,-0.59426,-1.04989,0.24095,4.35927
0.61119,2.77753,1.99343,0.40855,-7.89546
1.26597,-1.7906,-2.09803,0.12016,7.71984
0.88268,-0.36265,1.49379,0.31752,3.33396
0.53614,-2.45895,-3.15774,0.13486,13.02427
0.44859,-2.35695,-0.78549,0.27783,16.53629
0.62635,-0.63714,4.20237,0.35049,5.56304
0.2537,1.2545,3.10906,0.10361,-41.7549
0.75463,-1.01226,-0.03494,0.36977,11.0469
1.82352,1.19128,-3.53155,0.33826,-4.63766
1.69645,1.91757,-1.01428,0.15638,-5.38333
0.86961,2.37239,-3.61321,0.44749,-5.7085
1.2365,-2.86061,-4.31472,0.39026,3.30132
1.22125,1.71991,4.06511,0.26057,-8.65383
1.69173,-2.21707,-0.08569,0.04134,4.63061
0.62532,1.24572,-4.10611,0.22031,-12.55283
0.7335,-0.80637,2.16669,0.16493,8.98909
0.74321,1.3056,-4.25818,0.13122,-11.72641
0.27357,-1.7981,-1.03835,0.32179,39.402
0.76644,0.911,-2.69709,0.46087,-7.99711
1.78024,-2.35296,-3.3537,0.07328,3.9866
1.84158,-2.07505,0.33549,0.37082,4.62725
0.39734,0.71919,2.1969,0.31086,-20.58992
1.02451,-1.02559,-0.1281,0.33352,8.22785
0.88643,1.28038,3.20802,0.42259,-12.32878
1.08085,1.16339,4.17387,0.18773,-9.00406
1.1985,0.76425,3.07181,0.28978,-6.28387
0.23647,1.44853,4.56492,0.13841,-52.47598
1.71604,1.84685,4.29036,0.14211,-5.70726
1.9526,2.58505,3.32517,0.25664,-2.87782
1.37613,-2.6357,-2.07367,0.00365,3.4585
1.38881,0.44956,-3.25668,0.12406,-2.86012
1.15036,1.56311,2.27011,0.07581,-8.65754
0.80169,-1.77851,3.45529,0.05993,11.65138
0.46816,-1.48521,3.23124,0.19231,18.04243
1.25131,-1.46421,1.43622,0.05218,7.7474
0.28089,0.45448,3.29868,0.07714,-18.5568
1.6841,-0.84088,2.07166,0.33436,4.09676
0.95764,1.0436,1.65366,0.32567,-9.44028
0.94656,0.69266,-4.53424,0.47251,-4.22697
0.78891,0.98716,-0.39525,0.46014,-10.08429
1.94484,-1.55623,-4.66154,0.43697,5.58213
0.51485,1.67994,-4.0763,0.34548,-13.62789
0.47235,1.03067,0.41005,0.13329,-18.05674
0.49796,-2.3207,-4.52521,0.08908,16.04164
1.38535,-1.88387,4.1322,0.47471,5.71494
1.98541,-1.25057,-0.49659,0.47981,4.75031
0.62386,2.73973,1.99967,0.25222,-7.44638
1.83011,-1.09108,-3.52205,0.27421,5.04363
0.70151,-3.01669,3.47595,0.00269,1.72316
1.36622,-2.25173,-0.21933,0.07429,5.58778
0.2729,-2.93945,0.58776,0.273,5.06254
1.09218,-0.61048,1.48484,0.0909,5.03591
1.37823,1.86707,0.39898,0.23936,-6.85801
1.16538,-0.31142,0.63187,0.39746,2.39442
0.6281,2.12996,2.44523,0.40039,-15.72136
1.69129,-2.84296,3.06471,0.43083,1.24495
1.94625,-0.19024,-1.93834,0.11786,1.01342
1.02655,1.80375,4.22049,0.21595,-10.163
1.34465,1.09781,-1.46103,0.31342,-6.24133
1.62274,2.21687,-2.27674,0.29054,-4.57571
0.63468,-1.42104,-1.8857,0.49954,17.62205
1.75601,0.00535,-1.41485,0.13814,0.03352
0.70436,1.11136,-1.83069,0.03567,-12.35164
1.5965,-2.08294,3.4375,0.19393,5.09477
0.40178,1.98427,0.61153,0.25901,-23.34004
0.7191,-1.18457,4.67645,0.19362,10.88618
1.16052,-2.55533,-4.16044,0.15968,5.17002
1.14486,1.66945,1.1398,0.12863,-8.63893
1.73078,1.28817,-4.03976,0.21374,-5.15486
1.99303,2.41073,-0.4115,0.3446,-3.2499
0.39298,2.46348,-1.17265,0.07443,-15.09483
0.6885,-1.39156,1.80775,0.43277,12.36976
0.84368,0.88821,2.45445,0.32056,-10.12779
1.06205,3.13608,-2.61906,0.05369,0.07376
1.08904,-1.60971,-3.06285,0.01176,9.0315
1.74115,-0.17042,-0.8049,0.02568,0.96236
1.58701,2.57715,-2.58013,0.04518,-3.26044
0.23393,-2.49392,1.76624,0.32177,14.91552
1.01904,2.69077,0.17698,0.47043,-4.27456
1.31253,-0.07442,3.26977,0.06665,0.42921
1.02871,2.46955,4.81272,0.14217,-6.58366
0.43516,0.7626,-1.21892,0.43293,-12.78633
0.91545,1.07716,4.11997,0.25284,-10.67966
0.94098,1.71522,2.77172,0.21357,-10.98529
0.53789,-2.71976,-3.50877,0.23662,10.33671
1.56135,0.80279,3.35928,0.05056,-4.58903
0.77852,2.66368,-0.18493,0.10979,-5.76199
1.26018,2.86591,2.09161,0.48101,-2.75254
1.12831,2.94255,2.02612,0.32171,-2.23115
1.77937,0.9163,3.85966,0.14314,-4.5484
0.41963,0.83747,2.61165,0.47349,-24.3912
0.40567,0.32965,3.24624,0.19875,-11.74834
0.74058,0.67578,-1.79088,0.07043,-8.05573
0.97619,0.70446,4.73138,0.48266,-8.90455
0.73738,-2.87513,1.61592,0.33297,2.51359
1.57374,-2.5832,2.73692,0.37641,2.88674
0.64148,0.75032,3.58881,0.01126,-10.52587
0.35259,-1.16731,-3.76217,0.14157,29.87233
0.94484,-1.24768,-1.63589,0.47271,10.71165
1.59208,-1.92617,3.35936,0.07776,5.67367
1.73101,1.89168,4.21982,0.43674,-5.993
1.52002,2.91746,2.56093,0.38523,-1.86142
1.2042,0.80273,-0.17691,0.18926,-5.83632
1.50355,2.79866,-2.48878,0.44336,-1.70582
1.4265,2.41202,0.25027,0.46135,-4.64062
0.62186,-1.77232,-1.027,0.43343,16.6071
1.19137,-2.17696,3.85631,0.20374,6.21367
1.5871,-1.81215,0.67265,0.29357,5.92354
0.77082,-2.53709,-1.07934,0.15306,7.51133
1.37715,0.52075,-0.0152,0.06498,-3.54356
1.06666,-1.36565,4.33568,0.45106,7.28522
1.10569,2.59443,1.13258,0.49058,-5.07043
0.3621,0.71256,-2.71021,0.02929,-17.10659
1.39919,-0.88209,0.00078,0.34387,5.413
1.75824,3.04509,-0.34342,0.47462,-0.48489
0.45458,2.8475,-1.89596,0.30396,-3.4666
0.85899,1.75059,2.363,0.02355,-11.31171
0.2876,1.8327,-2.31713,0.00746,-32.73761
0.25334,2.99878,-0.07451,0.25205,-5.21887
1.98139,0.63119,-0.58953,0.46997,-2.85107
1.08825,2.38774,-0.33137,0.13943,-6.131
0.83993,-2.73427,0.66776,0.17516,4.46108
0.69478,0.33968,1.83297,0.398,-6.21578
1.96402,0.01581,-3.57,0.40083,0.292
0.65405,-2.90457,-2.11675,0.47182,5.85656
1.50628,-2.59526,2.72837,0.41934,2.8795
0.71076,-3.00437,4.07745,0.29696,-0.50887
0.32688,-1.29424,-4.55343,0.46938,48.87291
1.4299,-2.80537,-4.26634,0.30721,2.9045
0.20294,-0.4828,4.3383,0.30079,-9.24321
1.41635,1.96504,-3.52059,0.00775,-6.38132
0.65068,0.71521,4.79289,0.22773,-12.46491
1.54299,1.09195,3.28222,0.02148,-5.67233
1.58555,-2.94363,-3.79296,0.44938,1.89484
1.50339,2.13331,-3.97475,0.00524,-5.51062
0.24407,-2.22305,4.77297,0.1535,19.64333
1.46673,-1.23998,-2.45177,0.49753,6.89274
1.98226,0.10552,0.38667,0.39753,-0.56035
0.63673,2.70173,-2.63764,0.37883,-4.09585
0.69363,3.12996,1.00675,0.35644,-0.91032
1.66435,1.77601,3.40029,0.02562,-5.80198
0.48871,1.44082,1.56909,0.1441,-20.85045
1.38905,0.17393,-4.53383,0.39923,-0.2841
1.55905,1.04067,0.95189,0.44778,-5.60399
0.26689,-2.23415,1.61017,0.17503,25.00535
1.19677,-1.45018,-2.99102,0.12971,8.40837
1.23658,3.0451,2.62118,0.11795,-0.96648
0.7462,3.01351,1.26893,0.27403,-2.30376
1.77742,-1.1123,-4.90453,0.14574,5.17545
0.49295,-1.62704,4.50555,0.01067,19.67134
0.85555,-1.69949,-0.5442,0.19537,11.51674
1.7276,-0.0951,-2.67621,0.27687,0.78746
0.54316,-1.73563,-4.13802,0.31712,22.26432
1.67847,0.93303,-1.25571,0.17148,-4.61929
0.34232,-2.67149,-1.92231,0.15695,15.55562
1.08061,-2.49017,-2.02047,0.14194,5.74987
0.3356,-1.40156,2.93201,0.31166,20.70035
1.42023,1.74323,1.45921,0.14181,-6.90751
1.62308,-1.1103,-3.66947,0.45843,6.05302
1.72975,-0.18336,2.08074,0.14084,0.93616
1.96627,0.98409,2.23482,0.39547,-4.38338
1.40963,1.81295,0.14269,0.15987,-6.76772
1.58431,-1.21197,4.95767,0.31737,5.17075
1.11036,1.45122,-2.16521,0.34951,-8.15805
1.84293,-1.34418,-4.41544,0.08719,5.3003
1.35877,0.90771,-4.71194,0.18998,-5.20501
1.79039,-0.30863,-1.79452,0.06379,1.70005
0.62381,2.68058,-0.02082,0.25533,-6.98204
1.09413,3.02908,-4.21769,0.45471,0.59539
1.51367,1.72237,0.65799,0.29812,-6.49223
0.5649,2.61044,4.00871,0.35083,-13.20349
0.58041,-2.28391,2.96863,0.14153,11.53614
1.96048,0.97053,1.72469,0.23411,-4.23417
0.9823,-1.89521,1.61732,0.37039,8.84503
0.52727,-1.40135,2.30301,0.06565,17.79504
0.79663,0.1434,-0.05794,0.06085,-1.7543
0.91528,1.52045,-0.982,0.11222,-10.57294
1.32155,1.39169,-1.93344,0.1184,-7.17326
1.86143,2.32138,-4.00382,0.4812,-3.29797
1.97586,0.37243,0.62163,0.0793,-1.81929
1.37306,2.67879,-0.27482,0.05258,-3.18211
1.45986,2.43718,-3.81097,0.06884,-4.22858
0.77929,2.19319,-2.3173,0.10146,-9.84069
1.74289,-1.69948,2.87203,0.18436,5.40775
0.59204,0.19759,-2.44396,0.09858,-2.56551
0.39149,1.48432,-0.74281,0.0439,-24.75201
1.95186,2.99144,-3.38692,0.06831,-0.6911
1.75545,-3.06841,-3.30153,0.39483,0.83161
0.74656,-1.08627,2.56346,0.26004,10.43176
1.41531,-0.99054,-4.33326,0.37294,6.60363
1.04063,-1.32868,-2.14974,0.08835,9.32737
0.78163,1.99444,4.80844,0.15259,-12.64212
0.71619,-2.8584,-0.24107,0.49115,4.05819
0.44485,-0.8832,1.06213,0.04283,16.81159
1.18877,1.33005,1.4079,0.21934,-8.23274
1.00387,-0.58597,-3.03861,0.14789,5.84999
1.12194,-2.23641,-1.30658,0.00367,6.88113
0.58764,0.69651,-0.99293,0.27623,-9.91553
1.8895,0.14206,-2.69317,0.275,-0.52765
1.34946,3.02748,-2.66016,0.16023,-0.59367
1.81928,1.56154,1.07869,0.23613,-5.46897
0.39669,3.05473,-3.91524,0.19597,2.73064
1.32113,-1.9707,-3.70855,0.2321,7.33272
1.72903,1.64365,0.73302,0.42402,-5.76262
0.79566,0.32445,-0.50662,0.35699,-3.64482
0.55126,1.33524,1.11933,0.14012,-17.82035
0.67704,-0.20388,-4.7304,0.11977,4.16972
0.69128,-1.8071,2.04916,0.36261,12.24177
1.00496,-2.85422,3.4989,0.11226,2.37785
0.78673,2.12553,0.2414,0.45379,-10.77638
0.68829,1.978,3.4084,0.41641,-16.08311
1.36732,-2.12033,-1.00337,0.12626,6.18606
0.29546,0.9122,-4.21076,0.40075,-6.92793
0.81265,1.49372,-1.22456,0.09567,-11.85831
1.44155,0.36207,-0.53632,0.01243,-2.40724
0.51653,-1.14838,3.65538,0.48056,10.73878
0.59767,2.39355,-1.65283,0.38068,-9.40325
0.5612,0.89498,-1.84899,0.24451,-12.20267
0.20167,1.38367,3.88017,0.4216,-88.0195
1.05278,0.95576,-2.49034,0.03791,-7.52548
0.27013,1.3904,1.42447,0.36984,-42.94704
0.69129,-2.23011,-1.73366,0.47816,12.9513
1.99065,2.65524,4.51456,0.4093,-2.7697
1.85311,-1.34579,-3.10375,0.21584,5.35543
0.58714,2.11461,2.23938,0.17316,-15.42271
0.758,2.47171,0.50064,0.44621,-8.42437
1.03467,0.95017,4.78708,0.14575,-8.36491
1.71994,0.61764,4.94056,0.46872,-4.0859
1.64476,-2.45642,2.93698,0.15992,3.60067
0.42723,-0.40073,-3.96544,0.06251,10.31516
0.42401,0.70148,-0.30993,0.11794,-14.72774
0.95012,-2.62719,3.54513,0.25974,4.06
1.76617,-2.44126,1.38483,0.06555,3.55056
1.78775,3.10063,3.78969,0.18998,-0.44996
0.39326,-1.0541,2.99366,0.45293,12.9215
1.23374,-0.94416,-1.8704,0.04694,6.4984
0.48022,-1.56119,-3.04935,0.30727,24.49049
1.43503,0.91747,-1.77436,0.20188,-5.25435
1.84958,-0.16917,1.95945,0.32373,0.70756
1.01858,1.82483,-0.18935,0.2448,-9.27724
0.34955,0.07851,-4.56152,0.43835,14.164
1.24266,-3.04473,2.42477,0.20125,0.44745
0.93533,-0.10878,-4.55303,0.25421,2.46168
1.65962,-2.79484,-0.90696,0.06507,2.03025
0.81262,2.05326,-0.37716,0.24515,-10.55408
1.77481,-2.42746,0.03027,0.05737,3.61965
0.69266,-1.77843,-3.60909,0.29156,16.05185
0.48353,-0.25155,2.4779,0.2137,2.78495
0.75166,-1.91522,3.49372,0.39169,9.86255
0.26285,0.24643,1.97901,0.20924,-15.09776
0.70624,-0.24694,4.51071,0.3153,0.54394
1.38821,2.84328,-2.42499,0.0295,-2.0398
0.45611,-2.58633,-3.3927,0.35501,17.12796
0.40046,0.48212,-4.32705,0.47872,1.55863
0.43829,1.38481,2.2152,0.22389,-24.57803
0.33959,-2.33969,-3.37893,0.00492,20.90521
1.77434,0.85742,4.38181,0.30182,-4.60071
1.89941,2.28858,0.9835,0.07259,-3.91022
0.28381,1.80677,3.04136,0.23398,-42.44234
1.56813,2.73426,-0.65302,0.01623,-2.47403
1.52687,1.38598,2.34846,0.22141,-6.53851
1.99444,-0.6661,-0.56349,0.43724,3.10131
0.82617,2.64177,0.38764,0.06769,-5.72931
0.71392,-1.72563,2.73582,0.24916,12.23927
1.01555,0.52592,-2.61846,0.12694,-4.52701
1.74184,1.66918,3.8451,0.13052,-5.77016
1.51147,2.33911,2.16299,0.32165,-4.97165
1.04892,2.61721,2.4654,0.37414,-5.52093
0.64021,-2.60767,-2.61837,0.43664,10.58742
1.50863,1.42037,-4.09873,0.13912,-6.17862
1.73815,-1.85917,-4.27144,0.03539,5.46092
0.91991,1.75376,1.47017,0.22114,-10.87025
1.40345,1.26097,-3.49998,0.2923,-6.1377
0.92038,-2.00212,4.99191,0.36979,7.50327
1.06129,2.09123,4.61048,0.37804,-9.5671
1.14484,-0.24009,-4.70823,0.43181,3.58876
1.59631,0.27556,2.25058,0.01558,-1.68583
1.95951,2.96192,-2.39228,0.4905,-0.58909
0.99986,0.98411,-1.591,0.48341,-7.40139
0.81617,0.55646,-2.5969,0.01777,-6.27925
0.87246,-3.03627,3.30546,0.15665,0.50183
0.441,-1.88989,3.93752,0.38277,13.37227
0.73449,-2.97468,-4.59598,0.23926,4.25732
0.35561,-1.04733,-2.29962,0.00232,23.93485
0.97021,-0.97698,-0.51302,0.17736,8.47697
0.50124,0.19057,0.21822,0.28947,-3.95859
0.82353,1.19235,-4.12353,0.43979,-8.39525
1.62844,-2.01473,3.30028,0.41463,4.92422
0.64267,0.63871,4.3398,0.47316,-14.07176
1.30141,2.61994,-0.97135,0.23396,-3.6221
1.82213,-1.97915,3.57234,0.39914,4.51168
1.22047,0.99958,1.76355,0.05037,-6.82144
0.54883,-2.85515,0.91744,0.25923,4.26076
0.82058,0.19571,3.1905,0.45829,-4.49625
1.26266,1.51764,-0.2697,0.41942,-7.68736
1.1119,-2.9277,0.47716,0.3278,1.74623
0.46752,-1.04511,-2.25334,0.0746,18.9192
1.00423,2.37477,2.12185,0.09104,-6.9695
1.17752,-1.72486,-3.40938,0.33933,9.06676
0.6812,1.40036,-2.56838,0.16278,-13.29143
1.3024,0.70521,-0.20079,0.16472,-4.86287
0.32629,-2.11311,-1.14688,0.42381,30.317
0.80589,1.51869,-2.60422,0.01023,-12.11528
1.6477,0.20157,-3.08111,0.19626,-0.96926
0.66671,-2.43771,3.60897,0.11911,8.55553
1.28932,2.82348,0.90859,0.01355,-2.38718
0.93805,-0.0505,-1.22607,0.10829,0.67882
0.76963,1.53989,3.4578,0.09212,-13.27811
1.84904,-1.77374,3.2516,0.25224,4.95669
0.81787,-2.27965,-3.89113,0.2176,10.37098
0.62602,1.51618,0.67286,0.23585,-16.05208
1.83674,1.09217,-1.94387,0.43896,-4.48788
1.5427,-1.41932,0.40835,0.24721,6.24375
1.42724,1.54744,2.17999,0.3195,-7.21346
0.28916,0.03137,-4.91492,0.32374,17.96565
0.43617,-0.95129,0.13568,0.25844,18.12733
1.34901,1.80259,-2.08268,0.15239,-6.9031
0.57698,0.73377,0.34011,0.45158,-11.84736
0.60615,0.04567,-3.90158,0.21909,1.58764
1.60245,1.71598,3.17566,0.28556,-6.41063
0.71466,0.28166,0.43668,0.27957,-4.05445
0.32886,2.75539,-2.88937,0.41382,-0.18029
0.26558,1.9984,2.69685,0.26731,-43.83338
0.99772,-0.89103,-4.62218,0.22845,8.70766
1.31083,-0.22042,0.92823,0.23003,1.51198
1.76399,2.87351,0.01762,0.38997,-1.4753
0.39945,2.48314,-4.60355,0.16499,-10.2672
0.55401,-1.94034,-2.50295,0.46743,20.32363
1.15364,-1.41809,-4.2286,0.4233,9.7495
0.8554,-0.85187,2.32387,0.06917,8.41042
1.06857,2.38666,2.05771,0.15862,-6.57669
1.86342,2.68554,-4.10702,0.45281,-1.78294
1.1808,1.89966,-3.90793,0.13919,-7.47256
0.94722,-1.40927,3.80282,0.15883,9.54864
1.98099,2.432,-2.99153,0.10873,-3.14351
0.31739,-2.93499,-1.96339,0.0272,6.8704
1.8778,-0.48504,1.8428,0.23923,2.31072
1.10299,-0.76888,-4.39277,0.37743,7.54706
1.10676,0.22142,4.47657,0.33,-3.15258
1.85954,0.38102,-4.76991,0.01381,-1.94272
1.11318,-1.72533,3.49143,0.26169,7.97022
0.98913,-1.85633,-1.39094,0.16514,9.751
0.69048,1.90737,-3.4996,0.32089,-11.0549
1.38587,-2.66283,-1.22509,0.20258,3.39016
1.22536,-0.04219,4.72842,0.49027,-1.20627
0.58582,-1.93744,0.28978,0.41423,15.28294
1.47694,-1.13369,-4.4072,0.35019,6.72513
1.35936,-1.3993,4.41542,0.25783,6.4947
0.9152,1.31018,-3.56438,0.29556,-9.09926
0.20792,-0.27633,-4.45312,0.22107,35.64379
1.00385,-1.26014,-4.54574,0.39733,11.09699
0.2109,2.08195,3.26335,0.45412,-73.88512
0.335,-2.60253,-3.46981,0.49955,30.47784
0.9751,1.67359,-3.21017,0.29942,-8.99653
0.34746,-1.5814,4.44115,0.34094,15.6899
0.6962,2.62649,1.11611,0.19993,-7.40184
1.37988,-3.10666,-2.14581,0.00424,0.25304
0.75551,0.35603,0.86455,0.35162,-5.05841
1.99577,0.76821,-2.56907,0.46702,-3.11425
1.84934,0.48569,-0.05735,0.42981,-2.46908
1.25356,1.9793,-1.65378,0.43931,-6.71946
1.9405,-2.43685,1.22627,0.20106,3.20961
1.76243,-0.53058,2.58809,0.35678,2.51939
0.77402,2.28543,-1.51492,0.31921,-8.76605
1.54927,2.4425,-3.56087,0.27047,-3.67356
0.4463,-0.0104,-1.44259,0.07581,0.77771
1.43219,0.36422,2.58155,0.28772,-2.80208
1.08395,1.65819,2.87082,0.1493,-9.3805
0.23029,1.75684,2.85551,0.35179,-60.80635
0.69361,2.43839,4.74572,0.47243,-13.80617
1.91969,2.16052,3.24783,0.36383,-4.56771
0.7685,-0.53769,4.68573,0.12976,5.50822
0.52662,0.94093,1.26792,0.23262,-16.11717
0.53756,-0.10534,-2.70652,0.28243,4.56406
1.06258,-2.40042,1.08196,0.36308,5.88524
1.71677,2.02118,-3.02166,0.07392,-5.06861
1.5644,0.6394,-4.14674,0.2628,-3.29657
0.98633,-2.77714,-1.98675,0.43007,4.42343
0.57571,1.1113,-1.37224,0.01379,-15.21529
0.28292,-1.36282,2.08888,0.36379,24.43332
1.03273,-2.70639,-1.36923,0.44022,4.56993
1.6666,0.66972,-4.96852,0.39788,-2.94224
1.51343,1.45901,4.16941,0.46592,-7.28965
0.93548,0.1086,0.89404,0.39136,-1.53642
1.27046,-3.1061,-2.89242,0.25901,0.73812
0.98524,0.48307,-2.47712,0.23847,-4.01644
1.24223,-3.10007,-3.7586,0.01592,0.36662
1.13151,2.6792,4.06547,0.0093,-3.89704
1.42574,-1.46206,-2.69791,0.31973,7.26437
1.11388,2.3311,4.40647,0.1377,-6.87088
1.8931,-3.06551,-2.35689,0.15355,0.49487
0.97045,-2.53076,2.99251,0.40353,4.51558
0.22865,-0.30531,-4.89548,0.05564,18.10618
0.62547,1.62488,-0.16726,0.14192,-15.60054
1.10109,2.7807,-1.30785,0.34252,-2.77651
1.17303,0.13254,-1.65414,0.01528,-1.08683
1.19429,-0.90817,4.92156,0.25989,5.57902
1.48619,-2.86165,2.20867,0.04273,1.78107
0.69437,0.52596,-2.44222,0.38083,-5.16387
1.39683,-0.75371,2.52442,0.31729,4.39569
1.46726,2.57066,-3.70431,0.30428,-3.08963
0.94031,-0.12529,4.25928,0.11064,0.77073
0.9239,1.66785,-0.73614,0.36235,-10.25552
0.52206,2.18787,-3.09337,0.15084,-13.6133
0.94518,-2.5241,-2.2718,0.28541,6.73518
1.61627,-0.37167,-3.44851,0.04601,2.26505
1.83615,2.4738,4.30558,0.04804,-3.36984
1.2685,-0.47466,-1.94106,0.097,3.65151
0.73887,0.40938,-3.57149,0.108,-4.57821
1.42812,2.34428,3.12901,0.06322,-5.01174
1.53226,-1.68016,-2.86741,0.05912,6.43625
0.79798,2.47923,-4.0585,0.43952,-4.75902
1.68779,-0.64699,1.68395,0.27732,3.33967
0.33265,0.58455,-4.92594,0.31109,-2.42517
0.21936,-1.08046,3.32421,0.14391,29.51019
0.42135,0.17039,0.6271,0.02774,-4.04602
0.48082,-2.83192,-2.53182,0.48414,11.51975
1.78207,-2.73155,-0.26406,0.02701,2.19673
0.96497,-0.53581,-2.37585,0.41131,6.23969
0.69488,-1.03703,0.32857,0.33254,11.9275
0.97234,0.72754,0.71644,0.20376,-6.86403
0.91071,-2.9034,2.71682,0.3733,1.31881
0.74263,-2.0881,-0.33913,0.38237,11.71649
0.44822,-1.82469,2.86638,0.43915,14.9194
1.38065,-0.3739,-4.30756,0.27246,3.21094
0.44589,-1.59068,4.21343,0.10685,19.73219
1.59576,-2.27663,-3.14491,0.28629,5.03226
0.56304,0.61307,3.36577,0.04966,-10.55232
1.51647,1.53229,-0.05368,0.18811,-6.45979
1.65005,1.16407,-3.95283,0.30518,-5.01719
0.42559,-1.4063,-1.40198,0.12594,23.71423
0.35614,2.22704,4.18331,0.43254,-36.08963
1.90923,0.7026,3.34714,0.48803,-3.76845
1.03348,0.72047,2.22316,0.03796,-6.34136
1.33442,-1.80423,-1.20154,0.10295,7.22157
0.24187,-1.61972,0.88791,0.23651,36.92101
0.70168,-0.15865,-2.67878,0.01897,2.31196
1.10972,-1.64732,1.47844,0.04646,8.75845
1.79519,1.18173,-2.3906,0.45032,-4.72214
0.68859,-1.20289,3.29007,0.02276,13.13517
1.59534,-2.18708,2.04498,0.12374,4.91849
1.39198,-2.18897,-1.1391,0.21182,5.86778
0.40749,-2.3422,1.59482,0.01023,17.1615
0.72808,-0.37856,-1.74864,0.4053,6.3167
0.62816,-3.12249,-3.44347,0.415,3.92
0.99655,0.26623,-2.64816,0.19734,-2.06374
1.3436,-1.2673,-2.28312,0.10089,7.09518
0.98016,0.32973,-2.73383,0.44618,-1.97103
0.64017,2.73586,1.78356,0.33928,-7.52493
1.45258,2.31879,2.39661,0.26193,-5.24817
1.25205,0.48022,-0.42861,0.1962,-3.56602
1.13477,-0.51478,4.87794,0.26964,3.23486
1.19796,1.24635,3.91021,0.12476,-8.10163
0.59942,2.65866,-4.1295,0.2248,-5.01625
1.42478,-0.06568,-0.39549,0.34295,0.5187
0.8975,-2.51762,4.08477,0.20568,5.34316
0.85424,1.67188,-2.79736,0.34248,-10.11238
0.46952,-3.07575,-1.21604,0.36936,3.41216
1.27431,1.66277,4.46947,0.37686,-8.70301
1.2848,-2.60805,2.76062,0.28459,3.40737
0.81254,-2.4717,3.32325,0.09219,7.03222
1.74773,1.77002,3.79484,0.35028,-5.93715
1.72182,1.1908,-3.28824,0.40964,-4.83668
0.3963,0.38895,1.99274,0.04714,-9.98534
1.45107,2.0143,3.02801,0.44798,-6.75072
0.9089,2.20771,-2.73521,0.47065,-7.11873
1.99949,-0.26696,-4.5664,0.33412,1.67589
0.60504,3.11834,-3.21644,0.05553,0.11089
0.70494,-0.89485,2.41403,0.32685,9.26838
0.99579,-2.06398,1.94291,0.17803,8.32864
0.68369,2.17383,3.91726,0.15182,-13.09014
1.44559,-0.53049,-1.83047,0.01838,3.44959
1.06563,2.35305,1.21744,0.36242,-6.91845
0.59758,-2.75727,-4.73207,0.28334,9.90948
1.11147,-2.44383,4.35084,0.2254,4.87699
1.79982,-2.88855,0.54493,0.19434,1.33185
1.62631,0.64095,2.48385,0.20593,-3.80032
1.09789,2.08516,-2.16184,0.22655,-7.3728
0.71929,-0.6116,-4.18046,0.23874,9.76003
0.5238,-2.57174,-4.37178,0.04884,10.88257
1.78109,-0.79502,3.1466,0.19016,3.74332
1.4783,-0.95475,-3.48054,0.03202,5.46711
1.22989,0.90146,3.24002,0.38797,-7.08629
1.78298,0.956,-2.34734,0.26112,-4.30173
0.41904,-2.49428,0.41272,0.39976,13.17809
1.42848,-0.50154,-2.38083,0.21466,3.55218
0.59008,0.89545,-4.49916,0.07655,-11.98633
0.41704,-1.51512,0.42279,0.14979,23.12239
1.0381,-0.58383,-1.3288,0.11693,5.35326
0.89731,0.71437,-0.6489,0.21995,-6.98518
1.89411,-0.61028,1.01559,0.39446,2.85653
0.78316,-2.94769,-1.86339,0.05832,2.59086
1.66682,-1.74286,0.63805,0.20005,5.7526
1.54789,1.73467,1.57773,0.0459,-6.28298
1.40226,-1.5802,-4.10455,0.19573,7.40409
1.85672,1.99624,-1.49903,0.29126,-4.68587
0.93426,-0.20792,-4.10053,0.03449,2.32957
0.90141,-0.17014,-4.93066,0.03332,2.04492
0.48971,1.6997,-4.4877,0.36526,-13.03106
0.69637,-0.73329,0.92215,0.20375,9.04142
1.7836,-1.64317,-4.15695,0.17569,5.7153
1.05389,-2.48165,3.68502,0.34316,4.56814
0.81444,1.08014,2.59444,0.04238,-10.78988
0.589,-0.18886,-4.91182,0.42986,9.21282
1.07293,1.94406,0.73245,0.38771,-8.76031
1.49,-0.26594,-4.89748,0.19482,2.16012
0.71605,-0.53526,-3.90805,0.23435,8.7743
1.56389,-1.26385,4.88249,0.19886,5.58265
1.33362,-1.88855,-0.42977,0.39262,7.08256
1.61761,2.0762,-4.72789,0.0145,-5.28012
0.65164,-2.54336,3.50315,0.33569,5.70892
1.33585,2.52664,4.17345,0.15127,-4.59046
0.47672,-2.97252,0.48383,0.38977,2.63287
0.85483,0.13982,2.05942,0.49195,-2.98574
1.50385,-2.7751,2.80121,0.13949,2.16477
1.337,1.75682,2.34672,0.22293,-7.50337
0.53815,-1.81272,-0.05478,0.2738,17.75007
1.74502,0.4142,3.32684,0.27552,-2.56354
0.29603,2.61661,0.27329,0.07829,-16.85305
1.27139,0.93782,-2.40497,0.29162,-5.78728
1.97088,-2.02118,-4.95933,0.36196,4.94326
1.15671,1.86408,-1.4141,0.47201,-7.61995
1.64121,-0.36769,-4.17414,0.36269,2.71068
1.27133,-3.0588,-4.36724,0.30165,1.4532
1.60956,-0.08316,-0.30776,0.11663,0.52011
1.38007,1.9634,4.43674,0.04896,-6.68156
1.44404,-0.44009,-3.94486,0.31717,3.49416
0.61006,1.62375,-2.2625,0.31259,-14.15755
1.53528,1.29136,3.30078,0.41968,-6.72957
0.62824,-0.27073,-0.9817,0.22305,4.73079
1.96515,-1.11035,2.58804,0.08602,4.41443
0.61002,1.42339,0.42334,0.11236,-16.03496
0.62603,-0.82361,1.03931,0.2382,10.864
1.74561,-2.0729,-3.38857,0.15603,5.09966
0.63737,-1.12555,-1.47718,0.09013,14.21843
0.84963,2.36775,1.21755,0.05393,-8.16051
1.48635,-1.36101,-4.73232,0.20618,6.89698
0.48575,-1.66529,-3.11673,0.16876,22.33476
0.48633,-2.30329,-1.13505,0.48264,17.31392
1.07545,-2.7949,1.74595,0.42821,2.45308
0.63865,2.99515,0.09589,0.09175,-2.26301
0.62418,0.23108,2.18732,0.37668,-5.7142
0.21663,1.4429,2.26862,0.2401,-56.52156
0.86681,1.71514,-4.68945,0.46305,-8.30964
0.77285,-0.92792,4.01712,0.3041,8.11413
0.25608,1.87808,3.24215,0.102,-41.55659
1.31822,2.89959,-2.28932,0.09798,-1.65433
1.32798,1.51903,-0.15475,0.48365,-7.33483
0.32744,1.33036,-1.9185,0.45914,-20.88218
0.77067,-0.42579,4.06642,0.24143,3.60465
1.77105,2.14458,-1.17181,0.28197,-4.54669
1.2479,-2.58341,-1.03947,0.27355,4.34624
0.94155,1.56881,4.11912,0.38174,-12.19262
1.03718,-0.86712,1.00694,0.23724,6.9896
0.5749,0.41453,-3.6213,0.06132,-6.20072
1.66139,2.46906,1.26017,0.16214,-3.75246
1.84521,0.65986,2.94448,0.28414,-3.50474
1.8392,-2.98086,-1.62159,0.17554,0.93779
0.60308,1.39867,0.27006,0.40677,-16.3281
0.75933,2.69564,1.26842,0.47395,-6.61493
0.48912,0.89229,0.10417,0.121,-15.66677
0.75296,2.27087,4.99125,0.44457,-13.87803
0.79905,2.04389,0.06793,0.35785,-10.96666
1.33959,2.27007,1.43373,0.29348,-5.83896
0.54136,-0.97955,2.93589,0.0652,14.39169
1.85491,-0.16234,-3.63417,0.20548,1.0718
0.38558,2.18676,-4.5609,0.49768,-5.49883
0.21238,2.57861,4.7299,0.32418,-58.64655
1.7389,-2.21896,2.32259,0.29584,4.27012
1.46679,-2.00099,-1.06718,0.01781,6.08754
0.83965,-0.9624,-4.82331,0.16044,10.68472
1.2719,1.69833,-3.336,0.24408,-7.14691
0.60238,2.35608,-4.90252,0.32083,-7.18221
0.5031,0.50416,-1.03543,0.42856,-7.66637
1.04807,-2.42991,0.54855,0.22903,5.99879
0.83574,-1.23309,-3.39417,0.13723,11.74196
1.30741,2.24324,1.39857,0.14064,-5.98496
0.59267,-0.95784,4.54241,0.06891,12.64785
1.39327,-2.49564,4.9045,0.07277,4.05456
1.58035,-1.24364,3.33166,0.15266,5.67459
0.49995,1.92709,-0.56116,0.38329,-17.52924
0.27894,-0.04097,0.47409,0.20661,0.18155
0.99126,-2.06357,0.03307,0.42978,8.70461
1.59324,-1.17727,-3.44333,0.47458,6.33035
1.3714,2.84994,3.54414,0.03771,-2.12791
1.46339,-0.42752,1.75791,0.35541,2.4877
0.92511,-0.36694,1.37936,0.04263,3.73566
0.6229,-2.17983,-2.79669,0.03586,13.17576
1.1572,-1.22802,-3.46841,0.13788,8.34131
0.56786,1.97723,3.73026,0.0508,-16.45578
1.50721,1.79824,-3.20586,0.33149,-5.87328
0.55454,-0.40527,-4.26282,0.35806,11.93826
0.72427,2.47339,1.25605,0.31963,-9.15725
1.11178,-0.75236,2.04343,0.28768,5.55417
1.07608,2.28915,-3.80378,0.39062,-5.58052
1.28153,-2.94326,-2.93141,0.38629,2.19778
0.9874,-0.95988,2.88764,0.43513,6.84937
1.85505,2.23096,4.29585,0.3466,-4.60983
1.71188,2.5215,-0.23511,0.17794,-3.31579
1.7824,1.61116,2.92005,0.26234,-5.74044
1.33313,1.0673,-1.806,0.2453,-6.19615
1.34301,1.98238,2.03234,0.05393,-6.75524
1.29656,1.30413,0.5722,0.40587,-7.4369
0.98279,-1.54428,3.43211,0.45643,8.35642
0.77979,-0.21214,2.75901,0.4922,0.41553
1.26561,1.00974,-2.15864,0.12398,-6.39583
0.24596,0.55168,-3.50545,0.04782,-18.13351
0.21342,2.41964,3.07657,0.05552,-34.12642
1.73296,-0.16434,-4.67207,0.40215,1.55175
0.28356,-2.02326,1.79039,0.31587,24.08087
1.14463,-1.79333,-0.24086,0.37806,8.4286
1.30698,2.17434,-4.24701,0.4526,-5.05453
0.55671,-3.0868,1.88561,0.11313,0.27677
1.81232,2.31931,-0.17126,0.18204,-3.95658
0.54217,-2.79232,3.60101,0.39619,1.33852
1.79213,-0.68073,-2.91368,0.1297,3.56274
1.57338,1.88606,-4.977,0.25302,-5.41898
0.63334,-0.58047,-3.69513,0.22173,10.5372
0.47134,2.02537,-2.3039,0.29765,-15.61262
0.76922,-2.5114,1.52244,0.4941,6.24417
0.91631,0.07252,-1.37357,0.05186,-0.6909
0.64241,0.5182,-3.81753,0.24232,-5.32223
1.998,2.4559,4.81573,0.47949,-3.68743
0.61337,-2.55335,-3.91773,0.17394,10.68602
1.69514,-1.0141,-1.4488,0.3703,5.10001
0.48641,1.00121,3.76604,0.46464,-24.37994
1.96444,3.01549,1.52615,0.1203,-0.67564
0.60594,2.18827,-1.80202,0.04069,-13.00042
0.95904,2.17709,4.70347,0.03785,-8.59935
1.20542,0.10796,0.01099,0.0365,-0.87719
0.41651,0.404,-4.9189,0.17526,-4.28933
1.67028,2.25303,-4.93837,0.06311,-4.44695
0.69443,2.32243,4.41009,0.20251,-12.17257
1.18869,1.89925,-2.18819,0.37706,-7.22771
1.18934,2.00164,3.12065,0.14911,-7.82344
1.28475,2.38528,-4.5644,0.23971,-4.57706
0.29987,-2.42668,-3.53083,0.06368,23.94601
0.50351,-1.30289,3.5678,0.34914,13.87463
0.49015,2.99151,4.94091,0.15884,-6.25926
0.74369,0.28134,-4.48077,0.06761,-3.11457
0.46085,-2.03284,-3.32363,0.47734,26.52499
1.85946,0.0192,2.22912,0.38481,-0.34937
1.12332,0.91599,0.29503,0.32616,-7.00302
1.32244,2.06228,-0.94034,0.3615,-6.3457
0.84348,1.96146,-3.05532,0.21275,-9.84048
0.69724,-2.8322,4.45435,0.14917,2.91722
1.10572,-0.29201,-3.27731,0.24999,3.2242
0.72978,-3.01235,-2.3475,0.41263,3.55123
0.81856,2.43886,-1.75702,0.4819,-6.48198
1.01495,-2.04891,-3.61417,0.30264,9.64345
1.11032,0.78461,0.36233,0.18818,-6.29788
1.97177,0.44371,-1.58675,0.3591,-1.98927
0.60198,0.78872,1.07848,0.34853,-12.59869
1.07836,0.39846,-1.32142,0.12373,-3.38908
0.46912,1.35458,-3.83576,0.21776,-16.62919
0.83,0.79237,3.72597,0.06701,-8.778
1.49116,-2.57422,0.09652,0.20114,3.52682
0.51403,-0.83712,-1.7815,0.38137,16.74568
1.24643,0.29276,-4.83635,0.15695,-1.78276
0.95006,-1.09832,0.97846,0.31652,8.85128
0.29284,1.63571,2.82504,0.16382,-38.82539
1.87954,-1.14418,1.50061,0.07355,4.72033
0.94449,2.06518,2.87719,0.37069,-10.33853
1.61107,-2.21964,-3.45014,0.29466,5.2434
0.94936,1.69264,4.71703,0.41273,-12.41669
1.88725,-1.98885,-2.88667,0.33948,5.02554
0.72285,0.17603,-2.3322,0.4086,-0.55282
0.94202,-1.12768,0.1233,0.07747,9.3973
1.56596,0.8629,-4.94804,0.30729,-4.13931
0.8186,-1.80491,-0.57552,0.18369,11.81472
0.85584,1.85611,-3.04275,0.37325,-9.44845
1.99068,0.46234,2.49018,0.29004,-2.38035
1.20011,2.87313,2.57753,0.02709,-2.21669
1.44088,1.33059,1.15735,0.26677,-6.76156
1.35823,0.67479,-0.78315,0.37215,-4.35421
1.69026,2.06817,-1.89766,0.13139,-5.01337
1.75129,-1.76129,3.27462,0.32726,5.15086
1.21386,0.83405,0.07094,0.42046,-6.00596
0.7302,-0.68861,-0.03533,0.03258,8.53944
0.24104,1.53178,-3.86567,0.28901,-21.43846
1.30593,-2.98785,-2.81617,0.4438,1.88322
1.68584,-0.4542,-1.39511,0.06321,2.58409
1.01097,0.95317,1.98853,0.13462,-8.17279
0.49647,-0.24731,3.45271,0.31296,0.45312
0.71855,-1.64637,4.9286,0.29259,10.82054
1.11798,-0.224,-0.72568,0.3967,2.17947
1.70603,2.19751,-0.46796,0.31453,-4.60686
0.50916,-1.84198,2.66061,0.28792,15.60806
1.30187,-0.83458,-1.78773,0.22593,5.82209
1.55606,3.08087,0.40518,0.03912,-0.38914
1.88489,2.59381,1.77017,0.29554,-2.85778
0.41007,-2.92816,-2.6375,0.07831,6.29552
1.8675,0.19058,-2.2041,0.49792,-0.68039
1.28264,-2.73059,-1.43809,0.03925,3.09001
1.58006,2.66347,0.77685,0.03786,-2.86843
0.29679,-0.36728,-2.29585,0.39366,22.12904
1.11107,-0.51248,-2.91832,0.05058,4.44893
1.32073,-1.42662,-3.50492,0.20254,7.75759
0.7523,0.4324,3.0931,0.46375,-7.99896
0.97697,-2.23054,3.85971,0.39394,6.34106
1.19774,1.87839,4.04722,0.11642,-8.13448
1.19459,-0.05523,3.21634,0.12551,0.1704
0.27535,0.4176,-3.62711,0.29614,-0.28224
0.99107,2.14134,-4.02248,0.24322,-7.33453
0.58487,-1.97827,-0.00836,0.05837,15.40104
1.85005,-2.04088,0.21427,0.07932,4.72241
1.95784,-0.49762,2.32823,0.40145,2.1479
0.73936,1.7978,-2.77119,0.1724,-12.05384
0.51533,-2.77374,4.3095,0.39951,0.36271
0.59511,1.85461,-1.9007,0.09491,-15.31556
1.05995,0.00475,0.77809,0.29972,-0.25157
1.77411,0.38807,3.64214,0.25255,-2.38464
1.10007,0.40455,0.23448,0.16319,-3.54164
0.29971,-2.78868,2.53557,0.30429,2.72362
0.27179,-1.57224,2.49026,0.06227,33.9944
0.6093,1.60408,2.90021,0.42823,-19.43679
1.71699,-0.55124,3.11048,0.37169,2.60021
1.31867,0.38024,-1.07537,0.14349,-2.67232
1.21332,2.79519,-1.36444,0.29008,-2.4762
0.77415,-2.85086,3.03498,0.45108,1.34813
1.87297,-0.31617,0.7971,0.21115,1.58055
0.79612,-0.87164,1.07713,0.18167,9.12253
1.7029,-2.47275,-0.88083,0.39947,3.69346
1.81263,2.83242,-2.98385,0.00059,-1.64616
1.07,2.89944,-0.43069,0.34319,-2.0694
1.80972,-1.18445,4.69646,0.1079,4.86645
0.69825,2.8068,-2.09133,0.34712,-3.12726
1.38518,-2.92059,-2.27992,0.21895,1.81262
0.35833,3.02156,-3.69216,0.01015,-2.98646
1.05308,2.11072,-0.1882,0.43713,-7.91617
0.5912,-1.79492,-2.1147,0.27327,17.83183
0.31297,0.62547,1.87124,0.1568,-21.34703
0.20671,1.87427,-3.64875,0.35169,-15.25707
0.78455,-1.13538,-2.52688,0.24797,12.3552
1.26116,-0.9189,-4.38149,0.01747,6.23163
1.01941,0.81036,-4.58529,0.32513,-5.53776
0.74318,-2.21737,3.14143,0.48477,7.77836
1.98416,-2.39885,4.05878,0.11099,3.22935
1.89115,-1.57202,2.63889,0.43146,4.86897
0.42618,1.51588,3.65163,0.3105,-29.22659
0.94719,-0.83818,-4.13404,0.03895,7.87909
1.36792,0.04623,3.98134,0.36499,-1.10801
1.52028,-1.91354,-0.3396,0.22075,6.10986
0.85947,-1.92199,2.68644,0.39687,9.27402
1.54331,0.94531,1.15757,0.31787,-5.30756
0.42347,-2.46065,-1.5013,0.00139,14.59508
0.79726,1.05457,-2.35201,0.06315,-10.46752
1.48958,-0.62391,-3.8187,0.17622,4.15075
1.32623,1.07613,-0.87349,0.24093,-6.39056
1.70698,-0.74312,-0.05897,0.46606,3.89777
0.28434,2.17431,4.83115,0.41099,-52.96402
0.51391,-2.79252,-4.6271,0.40081,13.55122
0.28729,2.47116,0.90149,0.26979,-24.16292
0.54581,-1.45354,0.24995,0.04643,17.81107
0.20771,-2.87429,-4.77104,0.3729,53.71279
1.10758,0.3921,-1.70258,0.04327,-3.32451
1.15097,-1.73193,-0.77073,0.04572,8.43946
1.38421,-0.25633,-0.0573,0.12754,1.80065
0.89284,1.8995,-2.66544,0.46128,-8.85679
0.20577,1.83184,-4.659,0.37496,-4.80166
1.413,0.63074,-2.06157,0.03833,-4.05481
0.29772,3.00256,3.36362,0.45946,-22.00147
1.75911,-0.22776,3.07858,0.39169,0.86951
0.24078,-2.89411,-3.19249,0.30182,26.60136
1.15486,2.00701,1.463,0.06348,-7.76877
1.81085,-1.75116,4.23647,0.16006,5.12267
1.23048,-2.03425,-3.27892,0.15034,7.45708
1.29515,-2.70171,-3.71324,0.32002,3.93388
1.4269,-1.08134,-4.77854,0.29393,6.75768
0.42034,-1.09228,-3.27589,0.13862,23.28721
1.41487,-1.23922,3.13953,0.15555,6.3119
1.78464,0.58555,3.1399,0.25922,-3.29346
1.9536,1.58049,0.40452,0.4227,-5.06607
0.99749,2.75057,-1.66436,0.06311,-3.64276
0.82011,-2.55066,3.0678,0.36287,5.00924
1.55596,-2.19672,-3.04985,0.49784,5.73671
1.17717,0.5645,-3.60146,0.37487,-3.4841
0.66315,-2.52499,-4.1079,0.22079,10.61674
0.50988,-0.81201,3.51326,0.36584,9.01797
0.50641,0.78258,2.14843,0.43034,-17.26427
1.02652,1.76272,1.24586,0.38425,-9.83542
0.50622,-1.77438,2.27467,0.00638,18.92197
0.23549,1.05548,-3.56521,0.06575,-32.02078
0.29376,0.91653,-1.15211,0.05357,-25.78316
1.87379,2.25953,3.14115,0.01591,-4.0562
0.33133,-1.17026,4.16766,0.35726,13.7015
0.33173,1.57137,0.13096,0.13369,-29.73176
1.01214,1.58336,-3.77939,0.36098,-8.35983
0.64118,-1.63869,4.78517,0.33305,11.3881
1.93285,0.76126,-1.04971,0.26181,-3.42762
1.83977,1.10058,-1.81005,0.02986,-4.7375
0.92854,-1.41731,-3.80009,0.15265,11.11362
1.00772,-0.30285,-4.8737,0.01356,2.96841
0.8752,-0.40352,1.03673,0.45501,3.78539
0.26816,1.71851,1.12431,0.15432,-38.59715
0.72712,-3.13725,-2.65759,0.04747,0.29723
0.42081,0.00645,-3.38013,0.00126,-0.12634
0.38427,-1.98335,0.28009,0.30576,22.80733
1.20955,0.92264,-0.64593,0.31048,-6.32853
0.37778,1.13329,-1.96346,0.49746,-16.67782
0.38528,0.00708,-2.81767,0.1443,2.55899
1.06492,0.26408,3.59306,0.02326,-2.4782
0.99611,-1.16202,4.83828,0.38969,7.13672
0.44774,-1.17293,-1.44418,0.15229,21.29559
0.20801,1.54012,1.98131,0.16533,-54.71019
0.54735,-2.3139,3.65547,0.45387,7.65992
0.62461,1.70591,-4.73063,0.28769,-12.07438
1.64045,0.97398,4.08065,0.20017,-5.24982
1.84779,2.41573,-0.00851,0.47528,-3.52288
0.9307,-1.50706,0.56749,0.13265,10.43215
0.92905,0.03882,0.39873,0.01074,-0.41481
1.48247,-2.89661,-2.57073,0.11544,1.73997
1.32846,2.59186,2.82241,0.02206,-3.89341
0.53145,1.10202,2.32338,0.20387,-18.1446
0.39384,0.77205,-4.04208,0.41553,-6.54778
0.9877,1.46203,0.62792,0.48759,-10.1873
1.21669,-1.3551,4.57026,0.35016,6.79497
0.44967,0.65257,3.71157,0.46306,-21.74688
0.72789,1.89075,1.25904,0.20427,-13.27871
0.7507,-2.57426,-3.01307,0.15135,7.83174
0.67034,2.88283,-1.52777,0.07711,-3.48253
1.02937,2.4623,-3.49642,0.25044,-5.16085
1.37551,2.90923,3.21931,0.16347,-1.92043
1.1169,1.93741,2.78671,0.05377,-8.31966
0.56262,-1.29238,4.10358,0.46596,10.72425
0.38529,0.51243,-4.36604,0.06185,-10.66442
1.67937,-2.38659,4.64713,0.36987,3.39366
1.06275,1.59698,4.66427,0.03404,-9.36819
0.31185,-2.17625,1.7441,0.26356,21.13905
0.66462,2.30482,3.81748,0.3374,-13.87525
1.64726,-1.63013,-0.61562,0.11727,5.97147
1.55311,-2.13369,-1.86596,0.03782,5.37109
1.77647,-2.69609,-3.45632,0.29668,2.70452
1.28376,1.32805,-4.68421,0.30145,-6.56076
0.96123,-1.97164,-4.58003,0.15599,10.16992
0.96794,-1.89961,1.91567,0.1881,9.20734
0.5492,-2.07536,-1.63425,0.0228,15.76001
1.37144,-1.22023,-4.45938,0.14789,7.06865
1.25312,2.77221,-3.87798,0.4413,-1.73654
0.47876,-0.08406,1.65284,0.08565,1.10277
1.79419,-1.50245,4.3868,0.23403,5.13596
0.86324,-2.071,-0.92022,0.33841,10.38977
0.28953,-3.02283,2.77658,0.40144,-9.28226
0.79019,-0.84828,4.73582,0.04057,9.00512
1.76574,-2.45006,2.08299,0.29592,3.34531
1.85052,-2.97187,2.23006,0.31365,0.69116
1.08272,-2.49455,1.15901,0.09869,5.36437
1.92141,-1.14026,4.77677,0.01542,4.61974
1.77544,1.57622,-2.00194,0.42218,-5.2572
1.68542,-2.72071,2.82988,0.22003,2.15889
1.74748,1.12264,-0.84922,0.03039,-5.05098
0.88738,0.75739,-3.4458,0.28901,-6.33042
1.56164,2.40012,2.39372,0.18846,-4.4276
1.23921,-1.98557,3.29402,0.0401,7.15908
1.49543,1.84894,3.63599,0.14356,-6.54127
0.52001,2.29252,4.21878,0.16342,-16.71075
1.51651,2.99384,2.44912,0.28745,-1.25844
1.92367,1.93867,0.27619,0.20167,-4.77349
0.74479,-2.36393,4.38695,0.0535,8.81817
1.97509,2.80939,-2.90434,0.31767,-1.38329
0.88108,1.97915,-4.2269,0.3644,-8.23445
0.5595,-1.80751,-0.68374,0.25365,17.5985
0.40212,-2.10363,0.82219,0.03168,20.85298
1.61293,2.74207,1.79989,0.05161,-2.40151
1.19869,-2.16331,3.15422,0.47232,5.75206
0.75284,1.74109,-4.73243,0.09468,-12.05163
1.29521,-0.59527,3.02046,0.15375,3.97022
0.79778,1.40621,1.00129,0.34376,-12.67122
1.00704,-2.56447,4.52948,0.39592,3.54671
1.7528,1.41408,-1.52103,0.45551,-5.30268
1.4027,0.07484,1.16978,0.19759,-0.6404
1.57232,2.51565,2.66548,0.49615,-4.19022
1.25029,-1.95785,0.16395,0.05195,7.26032
1.98452,-2.45449,-3.44092,0.41327,3.4966
0.63454,-1.9087,-4.502,0.13605,16.10705
0.67212,-2.64789,-3.88599,0.46855,10.94714
0.36661,3.01687,-0.05095,0.4346,-3.16391
1.19724,-2.36966,1.39609,0.38114,5.34417
1.30405,-1.87961,0.70521,0.30187,7.04169
1.50673,1.94581,2.12916,0.10723,-6.15886
0.8038,-1.59119,-4.61005,0.23096,13.84992
0.22206,-1.74488,-3.63659,0.01739,44.79176
1.33801,1.08265,2.6114,0.3547,-6.99285
1.99765,-0.63608,2.81182,0.05794,2.87639
0.73019,2.10788,2.02294,0.12914,-12.03331
0.53108,0.86877,2.4543,0.12252,-15.17001
0.70718,-1.33069,4.6344,0.39397,9.82312
0.96575,0.61527,4.44219,0.20032,-6.81706
0.65164,2.30255,1.44482,0.26727,-12.10983
0.82453,-0.85148,-1.80665,0.10431,9.22732
1.34877,1.48579,-4.8589,0.16705,-6.80084
0.82105,-0.52884,1.31608,0.25595,5.52849
0.91291,0.27064,-0.68696,0.0971,-2.79284
0.27206,1.46838,-3.52973,0.34491,-19.42134
1.8523,-2.76129,-2.84742,0.22463,2.15237
0.93239,-0.28306,4.36529,0.49183,0.46896
0.79066,-2.54335,-4.33777,0.12327,7.84307
0.35567,1.41375,2.87471,0.19803,-31.74234
1.34153,0.67737,4.02049,0.46233,-5.61593
1.75488,-1.08743,1.88348,0.443,4.67875
0.27408,-2.6623,-4.38658,0.24208,30.64281
0.46149,2.6754,3.45853,0.0618,-10.55849
0.4635,-1.16237,1.53289,0.20439,17.96568
1.28409,-1.41135,-2.22967,0.29367,7.93982
1.85821,-2.50696,1.29655,0.12711,3.08225
0.98798,0.48602,-3.63457,0.09557,-4.28229
0.81885,-1.47244,2.07648,0.26572,11.09941
1.57851,2.15421,4.02996,0.08801,-5.32906
1.53662,1.14836,0.21681,0.43727,-5.86306
0.64416,-3.11699,4.52106,0.03712,-0.02988
0.48949,0.41265,-0.61905,0.4937,-6.7617
0.84406,-1.68493,3.57567,0.26897,10.19685
1.59609,-3.04504,2.73648,0.49178,0.06426
1.45111,0.75001,-4.1157,0.37576,-3.8737
1.39854,-1.85408,4.12653,0.07645,6.57361
1.69297,2.51099,4.10428,0.11372,-3.57951
0.69883,0.46106,-1.48584,0.05347,-6.08269
0.81143,-1.82724,2.93439,0.36454,10.06973
0.27621,3.01045,-2.75363,0.08433,-1.60079
1.76374,0.2918,-4.69607,0.35729,-1.06071
1.24837,-2.1019,-2.92063,0.42975,7.58113
0.73662,0.10834,-0.16012,0.20586,-1.3792
0.32495,2.88618,-4.42232,0.33052,6.21519
1.50214,-0.4762,-3.39994,0.4476,3.66815
1.54773,-0.46907,4.50438,0.37656,2.15719
1.39912,-0.24425,-0.06159,0.06538,1.69764
0.56681,-1.38165,3.23101,0.14626,15.52794
1.84379,-2.12508,-2.93377,0.26782,4.75509
1.55568,0.49592,-4.11478,0.13213,-2.77594
1.38396,2.47683,2.80548,0.25296,-4.74311
1.3717,1.48113,-1.51166,0.47642,-6.74023
1.82784,-2.53723,-0.40196,0.22658,3.07698
1.87095,-0.62298,4.92129,0.13083,2.87533
1.27215,-3.10832,-1.83469,0.07329,0.33963
0.95,-1.20675,-0.26854,0.45055,9.78356
0.85472,1.06422,1.34811,0.1149,-10.24803
1.67434,-1.318,-4.10931,0.09681,5.8147
1.36029,2.13979,2.16432,0.27557,-6.39777
0.33908,-0.1421,-0.48269,0.23086,5.06648
0.45593,1.06291,-3.24986,0.19283,-15.78572
1.82033,2.4119,-0.69458,0.28933,-3.53197
1.7921,1.14863,-0.39332,0.2847,-4.95857
1.9133,2.49647,1.40737,0.0342,-3.09614
0.97013,1.93563,4.37134,0.20746,-10.41006
1.61131,0.42138,2.65066,0.36049,-2.85822
1.69081,-1.27402,-1.1755,0.19084,5.62681
0.76825,-1.26831,4.69648,0.49883,8.22016
0.46161,2.35827,2.90831,0.11769,-16.60236
1.99465,-2.80303,-4.72048,0.24818,1.92795
0.25439,2.77363,-3.83414,0.33696,6.09207
1.2752,-1.08662,-2.81989,0.27393,7.28366
1.37038,1.50087,-4.16496,0.01954,-7.09776
1.42722,-1.06795,-0.14573,0.25683,6.04105
0.66013,2.84818,-1.59282,0.48321,-2.53184
1.49884,-2.91242,4.72925,0.20333,1.05881
0.58952,-0.92162,-0.27264,0.05809,13.30128
1.69227,2.30883,-2.87845,0.01063,-4.27788
0.59441,-1.41964,4.70731,0.20613,13.5693
1.45407,-1.40982,0.13882,0.09265,6.65327
1.61014,2.50543,-4.2694,0.41735,-2.93241
0.5401,2.07711,-4.19125,0.47613,-9.04349
0.62838,-2.47701,1.75293,0.47027,7.54047
1.60239,0.50379,-0.05204,0.18726,-2.95162
0.3548,-1.73796,1.24231,0.22738,25.02015
0.54337,-1.78984,3.4966,0.15754,15.75691
1.01996,0.7251,1.81384,0.06453,-6.49134
1.87433,-2.36332,3.6179,0.27952,3.38659
1.21138,-0.18988,2.42688,0.0931,1.37452
0.89782,-1.53422,1.744,0.0297,10.85489
1.96107,2.22376,-3.65301,0.42472,-3.5699
1.03468,0.3424,-0.17172,0.39926,-3.11923
0.98072,-1.79002,-0.66907,0.46314,10.08559
0.94096,2.67956,0.40695,0.1637,-4.72259
0.76192,2.02882,-1.08857,0.43536,-10.73186
0.78625,-1.47471,1.20437,0.19923,12.03125
1.43811,2.89687,-1.07544,0.03639,-1.63384
0.2735,-1.45934,0.57618,0.22892,33.88203
1.42727,-1.30286,-1.05125,0.27689,6.77091
0.56217,-0.71651,4.01767,0.21605,8.71409
0.89157,-2.10609,-1.26584,0.39272,10.08927
0.46377,1.17506,2.30933,0.17591,-21.40664
1.19495,0.36026,1.13735,0.46053,-3.26083
1.51283,2.47848,-1.14476,0.03708,-3.97315
0.83838,-1.62813,3.07631,0.3602,10.1054
0.49415,-2.072,4.27567,0.46449,9.27732
0.60771,-0.8883,2.60484,0.27658,10.5758
1.6726,-2.22356,4.48588,0.43934,3.95481
0.68177,2.80325,-0.63693,0.34592,-4.30207
1.59446,1.36626,4.1374,0.00726,-6.03611
0.79616,1.86103,3.76223,0.33562,-13.79838
0.53972,1.5585,2.62387,0.32828,-21.13178
1.50916,-1.61591,3.35201,1e-05,6.49369
1.04338,-2.25782,2.30134,0.20458,6.83665
0.2563,-0.44338,0.12308,0.0194,16.38376
1.9279,2.06729,0.52419,0.1465,-4.49473
0.46596,-1.0649,-0.82313,0.49329,20.28655
0.83613,-3.08151,1.64293,0.47014,-0.4003
0.89263,1.00569,-1.7521,0.34243,-8.52842
1.08097,-1.88456,2.39659,0.18343,8.25589
1.6138,0.26914,0.05115,0.19823,-1.62028
0.21096,-3.0481,-1.46812,0.01911,4.97156
1.87845,0.05561,-3.52772,0.16914,-0.12114
1.36278,-0.66848,-2.44474,0.39219,4.97786
1.91117,2.3902,1.402,0.25968,-3.60375
1.6713,1.3937,-1.30151,0.23834,-5.66682
1.87011,-2.91522,-4.66831,0.04555,1.23816
1.2818,1.81912,-1.70262,0.4595,-6.94236
0.84316,1.82984,-1.33642,0.14154,-10.9806
0.99725,1.02673,-2.65699,0.19145,-7.90524
1.38446,2.69735,-2.13685,0.16535,-2.86094
0.96848,1.9054,2.04927,0.16437,-9.92666
1.51701,-1.76621,2.46266,0.29966,6.02291
0.36533,-0.74427,4.58899,0.31352,7.41104
1.69398,-0.94296,-3.81912,0.29928,5.08506
0.56754,0.03084,-1.88275,0.03425,-0.33274
1.89911,2.85077,-4.22955,0.48477,-0.9127
0.47998,0.72633,1.13304,0.35699,-15.32932
0.4325,-1.17534,-4.83612,0.44136,32.34289
1.66138,2.77414,-2.94644,0.07983,-2.03601
1.67366,1.25834,0.8698,0.46605,-5.72232
1.52977,-1.46976,-1.41261,0.36084,6.59785
1.92895,2.5542,0.44376,0.25036,-2.84831
0.68697,-0.97884,1.40238,0.01157,11.81595
1.68797,0.10186,3.3894,0.12659,-0.74154
0.83367,-0.13055,-1.07125,0.41937,2.1782
1.16732,2.66175,-2.21103,0.18959,-3.57192
1.00208,-1.47238,0.38805,0.33914,9.61121
0.21053,-1.04736,-4.30319,0.3654,75.83313
1.23403,1.00632,-4.58086,0.38782,-5.54969
1.54551,2.42918,-0.47763,0.19118,-4.11084
0.51419,-2.41975,-2.81921,0.45492,17.45705
1.87698,-1.82286,-4.92783,0.1461,5.26568
1.15472,2.81508,1.7937,0.41803,-3.28721
0.52084,1.74231,3.16156,0.21237,-21.0335
1.36271,-0.96717,-3.52121,0.11711,6.14882
0.54546,-0.89451,0.63902,0.17172,13.65752
0.31436,-0.19142,4.83985,0.39978,-13.64221
1.43357,1.09201,-2.31244,0.30744,-5.72768
0.39925,0.38353,2.30815,0.06834,-10.18401
0.39119,1.73491,-3.37897,0.06198,-23.37166
1.5319,-2.80125,4.32093,0.3436,1.50498
0.29936,2.00459,-4.99566,0.11975,-23.05919
1.65758,-2.77685,-2.0527,0.10433,2.18906
1.63307,2.39373,4.76433,0.37475,-4.75475
0.45451,-2.86982,1.7069,0.16133,4.46099
1.13309,-2.3384,-2.88154,0.03415,6.3066
0.37393,-2.00946,2.91366,0.21242,19.32473
1.33863,-1.74012,3.98086,0.28459,6.59136
0.31327,-0.61725,-0.12729,0.30074,18.51463
1.90007,0.97692,-3.43976,0.02925,-4.2511
0.57392,2.4668,-2.41407,0.22678,-9.01657
1.42921,0.15396,4.43114,0.17978,-1.44257
0.43092,0.20414,-3.38897,0.22447,-0.51846
0.57727,-1.13534,-1.88093,0.02085,15.52546
1.01171,1.88923,-3.54462,0.1478,-8.69714
1.23157,-2.44739,-3.94394,0.32173,5.93264
1.99795,-1.24971,0.22025,0.06296,4.65561
0.24667,-2.53224,-1.03291,0.47961,30.90384
0.20057,-1.79585,-4.53832,0.49696,103.74384
0.83066,0.54411,-3.54805,0.18022,-5.18675
0.85908,-2.35016,-4.62342,0.34048,10.25611
1.79091,-2.50939,-4.7541,0.31767,3.70774
1.84265,2.04776,-3.2153,0.08358,-4.65053
1.78494,-2.3983,2.43649,0.1941,3.57078
0.45772,0.67892,-4.8523,0.49032,-2.10238
0.94179,-0.92984,-1.95523,0.06384,8.48969
1.54259,2.49045,0.64788,0.28759,-3.93273
0.7627,1.30408,2.43704,0.29959,-13.66251
1.39383,-2.76818,1.77892,0.08376,2.49078
0.62686,2.4848,4.88424,0.26762,-12.88176
0.78215,-0.54099,-2.24373,0.45873,8.14153
1.74877,-1.26777,-4.99861,0.05783,5.44859
0.65092,1.08562,-4.61781,0.09487,-12.29776
1.93578,1.36957,-4.02481,0.12781,-4.82818
0.75127,-1.23621,4.75238,0.37549,9.17214
0.24235,-0.93207,0.70048,0.28863,29.05615
0.65882,-2.15934,2.99369,0.25177,10.64843
0.50817,0.58712,4.85079,0.39603,-18.13335
1.11229,2.87084,3.44268,0.48913,-3.71994
0.40289,-0.52386,-0.92384,0.09798,12.73781
1.32689,3.11776,3.75881,0.40603,-1.04305
1.77482,-2.03315,-0.66249,0.18504,4.98591
0.85253,1.86045,-3.86032,0.073,-10.63984
0.50329,2.68988,0.48131,0.12826,-8.75199
0.92004,1.18158,4.15747,0.19965,-10.8456
1.61474,-2.45468,2.84538,0.44958,3.36206
1.26468,-1.08987,-0.98073,0.2392,7.02371
0.38206,-2.60334,3.54866,0.30715,5.69564
1.16694,0.6393,-0.35818,0.01662,-5.01132
1.04255,3.12996,1.84575,0.032,-0.16379
0.7888,-0.78694,-1.66865,0.46917,10.06576
0.39829,-2.11778,-3.05286,0.41916,29.1033
1.966,-1.45368,-1.8653,0.24482,5.07379
0.51688,0.44486,3.75164,0.1002,-9.57449
0.54694,0.4333,4.89771,0.02009,-7.85974
0.46205,-1.69759,-2.36083,0.48767,26.45396
1.22635,1.57522,-3.34637,0.00284,-7.99298
0.99861,-2.5886,-4.28917,0.11882,5.67089
0.6492,0.77308,2.5382,0.34195,-12.61194
0.97296,-0.46685,0.28,0.46895,4.39921
1.41234,-2.34253,0.561,0.05853,4.96171
0.70706,0.84436,-4.54794,0.38695,-6.85168
1.84744,1.0873,-4.18943,0.16588,-4.49776
0.75142,-0.37686,4.14623,0.33986,2.30875
0.55672,1.87234,0.76731,0.04832,-16.94552
1.91822,0.05854,-2.80793,0.43241,0.03078
1.65901,-1.34614,-2.92539,0.35361,6.14043
0.81765,2.85006,-2.59097,0.4778,-1.59669
1.71458,2.79001,-4.36242,0.25121,-1.59762
1.13387,-2.54079,-4.50237,0.44385,6.4453
0.82415,2.80281,2.19985,0.2702,-4.83096
1.7113,1.73091,-2.36243,0.25639,-5.45233
1.5539,-2.47153,-1.15535,0.04731,3.94334
0.73617,0.12142,0.37363,0.40708,-1.89473
1.29202,-2.92199,-1.79936,0.2061,1.8762
0.8649,0.55831,-0.21214,0.30001,-5.92351
0.20189,2.7218,3.65011,0.32535,-48.93833
1.93127,-0.82806,-2.55901,0.38741,4.00752
1.18933,0.05419,2.9126,0.28767,-1.03913
1.27718,-1.71179,-2.36051,0.30996,8.05332
1.2798,0.25727,-3.13052,0.26038,-1.45271
1.19115,1.90113,-4.27341,0.30698,-6.86585
0.72209,-1.78909,1.84202,0.22211,12.47856
1.94884,0.33607,-0.88366,0.38821,-1.5697
1.319,-0.9133,2.70427,0.40525,5.25701
1.40766,1.55743,-3.67329,0.25855,-6.48909
1.01863,1.26945,1.03351,0.07331,-9.26965
0.71815,1.24903,-4.87013,0.18675,-11.19557
0.31583,-0.76779,-2.6617,0.41997,32.77999
0.83041,0.62379,1.09647,0.45837,-7.62922
0.51698,0.9493,-4.43961,0.13353,-13.20935
1.39176,1.13609,-1.22771,0.47055,-6.09481
1.78221,0.47285,0.61663,0.13836,-2.53371
0.74496,2.3047,2.27587,0.45944,-11.66259
0.79919,-1.57835,2.05656,0.46772,10.76859
1.40666,-2.79095,-3.51819,0.25242,2.84439
0.46869,2.90599,-4.2483,0.47528,4.30588
1.87299,-2.75999,-1.23642,0.27464,2.04732
0.85492,2.53185,-2.59194,0.18945,-5.89929
0.38216,0.70551,-1.94309,0.40508,-11.25545
0.51443,2.63102,-1.57515,0.05426,-8.99585
1.87894,0.40812,-1.02822,0.10833,-2.04058
0.64481,2.01696,0.186,0.10663,-13.77211
1.39208,1.39041,-4.90696,0.31104,-6.14507
0.4811,0.15778,-2.01998,0.35444,-0.11075
0.54938,-0.85876,-2.35633,0.41871,16.78681
1.78263,-3.12363,-2.63777,0.44993,0.47233
0.46646,-1.56511,2.88619,0.43752,15.2268
0.23375,2.83853,-2.48702,0.341,2.99626
1.10222,-1.41081,-3.49035,0.45741,10.10071
1.75291,1.58244,3.51826,0.13777,-5.75379
0.78678,0.05339,-1.17059,0.36264,0.02035
0.43069,-1.20314,-3.15966,0.03833,21.9081
1.96802,3.08563,2.51208,0.06261,-0.31942
1.41813,-2.84644,1.57174,0.11306,1.92383
1.73124,0.51571,4.453,0.05134,-2.87068
1.55385,-0.24179,3.77796,0.48283,0.75616
1.45684,-2.66076,1.94315,0.23312,2.90103
0.89222,-1.79639,-3.39009,0.45335,12.64718
0.78381,1.22046,-0.16819,0.23832,-11.69027
1.49053,-2.46094,-3.81211,0.34984,4.74205
1.49008,1.8914,0.49398,0.16086,-6.28386
1.91106,0.78578,4.16784,0.47533,-4.17362
1.22359,-2.50789,-4.96177,0.01745,4.80522
0.73032,-1.33948,3.76015,0.3487,10.61644
1.08115,-2.27968,0.39318,0.47519,6.72788
1.30468,1.86988,-3.4875,0.39407,-6.37787
0.96811,0.20709,3.55866,0.4138,-3.65468
1.62404,-3.12381,0.36896,0.14958,0.08648
1.2523,0.26957,-0.51834,0.22592,-2.01155
0.21698,-0.10805,-0.00282,0.06809,4.87948
1.22571,0.89898,-3.52628,0.1882,-5.82253
1.34049,-2.92266,-3.87262,0.00422,1.59851
1.84747,-2.91901,1.61556,0.38938,0.98788
0.9447,-0.94645,3.80412,0.47651,6.39409
1.23404,1.18462,1.94459,0.35042,-7.81152
1.055,1.04652,3.40785,0.40515,-9.29016
1.15698,-1.39321,3.44772,0.25673,7.68437
0.32115,-1.784,-4.67959,0.09583,34.2034
1.81511,1.15061,2.70955,0.36041,-5.23091
1.83874,-2.97124,2.72093,0.14964,0.78405
1.18651,0.35678,-1.50023,0.22976,-2.64281
1.2018,-0.4769,-0.90151,0.45033,4.02803
0.3036,-1.63937,2.4549,0.18647,27.26992
1.27631,0.12754,4.86555,0.14468,-1.40978
0.97247,-1.77709,4.87825,0.01585,9.79205
1.47628,0.40414,-0.26157,0.35073,-2.57097
0.28482,-2.20556,2.89551,0.10761,23.89244
1.4796,-0.59255,-0.33939,0.31971,3.75237
0.71641,0.06551,3.65959,0.1833,-2.20342
1.37307,-2.94241,1.49728,0.39384,1.10091
1.32883,0.69566,4.3664,0.44495,-5.8316
0.60831,1.57278,4.9724,0.11785,-17.71009
0.99281,2.86559,-1.69812,0.39616,-2.01015
1.70414,-1.86531,4.79324,0.07641,5.3826
1.29006,-1.83032,1.92513,0.07046,7.26811
0.32373,-1.22628,-2.61914,0.21422,33.87631
0.99724,2.45524,-4.96888,0.16225,-5.4233
0.76119,-0.58523,1.83838,0.49358,5.55305
1.35496,-1.24537,-2.7762,0.40199,7.46792
1.30622,1.51538,-2.68621,0.44512,-6.79793
0.21872,-2.90289,0.52168,0.068,9.86334
1.29385,0.30671,-4.69074,0.35698,-1.28893
1.52273,-0.31297,-0.83631,0.30214,2.09247
1.58371,0.78451,2.99373,0.04962,-4.43535
0.30616,1.45204,-4.7274,0.39683,-11.8024
0.74659,-1.09963,1.23942,0.42689,10.75887
0.95829,0.85713,-3.4162,0.45705,-6.0386
0.52359,0.15286,3.62839,0.46991,-9.07228
0.95732,-2.29985,-1.09313,0.05391,7.70683
0.32803,2.39846,3.12122,0.44109,-33.02827
0.40379,1.59964,2.2382,0.47268,-30.77327
1.40365,2.64933,3.77835,0.3454,-3.96548
0.67263,1.38484,0.1686,0.09193,-14.36736
1.48053,-1.60343,-0.13887,0.20042,6.63517
0.2866,-0.43652,-4.62569,0.04506,17.00907
1.21287,-0.71083,0.33814,0.00212,5.2768
0.90461,-2.91652,0.21976,0.46003,2.29673
1.63455,-0.56204,1.06395,0.48617,3.00477
1.61111,-0.97032,-3.68978,0.45965,5.67717
0.87601,-3.11694,0.39968,0.12698,0.20992
1.32089,2.18104,-0.45968,0.31056,-6.00454
0.60959,-2.2376,0.95976,0.24985,12.00045
1.24473,0.00598,1.6055,0.24802,-0.30416
0.34628,1.78868,-1.38577,0.21417,-25.18502
0.98229,0.65648,0.04053,0.47059,-6.11506
0.52891,-2.07753,-1.04902,0.39544,17.6997
1.79009,0.74274,2.6549,0.42343,-4.05713
1.00082,1.61853,2.96424,0.01731,-9.842
1.26339,2.22905,-2.07059,0.20598,-5.87524
0.84869,-1.13943,-2.40454,0.29899,11.49832
0.71973,-2.92846,1.78323,0.32936,1.74929
0.56526,0.67826,2.74016,0.44744,-14.72643
1.84137,-1.72305,-4.89135,0.0835,5.38639
1.63904,1.76492,-0.72564,0.04502,-5.86064
0.43987,1.13023,-1.92269,0.4466,-15.73451
1.5441,1.71648,2.6652,0.25331,-6.56905
0.95336,2.93759,-3.56459,0.26961,-1.02732
0.22771,0.53123,2.78247,0.445,-45.70285
1.15106,2.54038,1.61407,0.3749,-5.27747
0.43408,0.89154,3.4293,0.36538,-24.23289
0.57788,-1.99966,4.90243,0.09301,14.07298
1.45287,1.88061,-0.23445,0.31071,-6.39616
0.66286,1.21704,1.99411,0.22504,-14.90453
1.8054,3.00298,2.09961,0.30552,-0.94755
1.38291,-1.61206,3.44573,0.28784,6.5691
1.69811,-1.0485,0.18125,0.01314,5.00598
1.30734,2.01999,-3.92352,0.17194,-6.36469
1.76393,-2.74645,4.79363,0.2289,1.78819
0.85103,0.83692,-4.43163,0.25011,-7.02949
1.18845,0.2229,4.62375,0.04973,-1.98755
1.1286,-2.08085,-2.44642,0.44927,8.44869
1.82682,-2.1041,-0.07516,0.16716,4.62802
0.49685,1.94903,4.50662,0.24471,-22.81634
1.24051,-3.04455,1.76661,0.33186,0.38525
1.55798,1.55095,0.85561,0.35954,-6.42213
0.86609,1.46189,-1.74107,0.18901,-10.82095
1.76165,0.94047,-2.07594,0.06456,-4.45536
0.87143,-0.56852,-4.67222,0.10366,6.69857
0.51196,-2.96365,0.86332,0.08253,3.11993
1.25129,1.89612,-0.69899,0.12207,-7.37421
0.95702,-2.35175,-2.75699,0.30182,8.1889
0.22734,-1.37735,-1.15786,0.26788,48.34712
0.32571,2.80722,4.40942,0.08432,-13.38882
0.5515,-1.24494,3.484,0.34076,12.94852
1.58479,-1.53851,-0.69593,0.03185,6.19568
1.80567,2.97427,4.79953,0.4548,-1.57427
1.18215,-2.60166,-0.37882,0.2831,4.34274
0.39002,-2.13195,-1.50858,0.29521,24.2231
1.16195,-0.38756,-1.12079,0.14295,3.30943
1.74009,1.8075,3.74617,0.25582,-5.79694
1.54906,2.415,-2.32245,0.21313,-4.00083
0.72398,1.60621,-2.77897,0.47537,-11.02126
0.423,2.9919,4.60547,0.03811,-4.43963
1.82123,-3.03575,2.34269,0.22937,0.40708
1.73736,0.75088,2.63781,0.39576,-4.19837
0.29669,-2.41057,2.4029,0.27229,14.64229
1.68261,2.57839,1.82907,0.28261,-3.29534
0.37498,2.73512,-4.08752,0.45561,2.90078
0.31391,-1.23761,2.53679,0.18785,24.69642
1.56548,2.05905,-2.51078,0.00103,-5.53316
1.16536,0.81855,-3.67595,0.46284,-4.89365
0.94619,-2.5102,4.83003,0.01653,6.03067
1.82695,0.64571,-4.72136,0.3987,-2.66727
1.71075,2.99115,-4.68364,0.0698,-0.74771
0.30372,-1.20578,-1.90087,0.01034,30.38443
1.30896,-3.13442,3.44202,0.17734,-0.30253
1.59008,2.99577,4.77944,0.43203,-1.71314
1.19088,-0.54046,-3.81472,0.01847,4.28815
1.96941,-0.43396,-1.0456,0.13134,2.12984
1.43489,1.33588,2.34302,0.13952,-6.80778
0.38746,0.65587,1.45528,0.0474,-15.90029
0.55694,-1.24415,-2.66623,0.04628,17.08068
1.68724,-2.51341,-1.70794,0.45409,3.68929
1.99416,2.05688,0.94375,0.34765,-4.43205
0.37701,-0.10444,-4.64593,0.15557,7.79772
0.38059,1.08369,2.58229,0.11916,-24.90192
1.5741,2.26512,-2.24595,0.02144,-4.76989
0.31584,-3.03024,3.28346,0.17939,-2.45337
0.32341,2.25808,1.83669,0.15057,-26.09064
1.79987,1.58208,1.45415,0.45854,-5.65588
1.64081,2.80746,2.67361,0.11025,-2.0702
1.78681,-1.6739,-4.24865,0.20257,5.73064
1.37092,-1.11575,-2.40029,0.34101,6.86312
0.78057,1.0146,0.21737,0.16059,-10.73076
1.83136,2.67534,2.77156,0.39089,-2.73109
0.7377,3.09553,3.49056,0.36313,-2.94141
0.69592,-0.52315,-1.17896,0.01773,7.08596
1.79552,0.24649,2.93648,0.42792,-1.72288
1.42548,-2.06999,-2.79726,0.18195,6.29256
1.81221,1.21878,-4.17565,0.04793,-5.0204
0.48062,2.11976,-2.53417,0.34917,-13.58134
1.91413,1.87647,4.03148,0.37357,-5.29851
1.30294,-0.9686,0.44036,0.0355,6.1955
1.40246,2.91077,-0.18651,0.17696,-1.58346
1.84531,-2.38543,2.43335,0.44774,3.32765
0.88536,-0.03789,-4.89907,0.33472,2.51169
1.49523,0.34304,-3.81697,0.26696,-1.751
1.35261,0.22942,-4.00397,0.25206,-1.09774
1.61795,1.62038,-3.78333,0.30421,-5.6161
1.8145,0.68868,-0.4655,0.32651,-3.38975
1.42411,-2.65697,-2.19317,0.03442,3.24638
0.32175,-2.01155,2.85725,0.16707,22.96429
0.52965,0.20256,3.39039,0.26333,-6.90864
1.91716,1.22238,4.24939,0.36517,-5.23167
1.94357,0.08906,-3.03938,0.37139,-0.15011
1.94134,-0.90787,0.02852,0.30275,3.98062
0.26624,-2.8203,-4.51302,0.29326,30.30731
0.88841,1.79624,-2.60092,0.18388,-10.15687
1.56741,-0.01763,1.15077,0.41735,-0.08516
1.55519,0.24372,-0.77608,0.4582,-1.37516
0.35464,-0.19504,1.90699,0.42316,-1.05519
1.29708,-1.47438,3.39227,0.43596,6.64898
0.45717,-1.40509,-4.40465,0.45441,30.7409
1.08778,-2.74261,4.38613,0.10103,3.12901
0.63143,1.30438,-4.57597,0.25694,-12.0391
0.29569,-1.43337,4.81669,0.26727,18.13983
0.34403,-1.26568,1.37632,0.24271,24.37517
1.83961,3.10075,-4.567,0.42424,0.3548
1.54036,-0.71746,-1.06371,0.16252,4.26007
1.87728,0.06721,-2.41792,0.08066,-0.29563
1.04598,-0.71331,2.98572,0.13715,5.76262
0.94393,-1.31827,-2.74545,0.07156,10.28365
0.84513,-3.10483,3.26213,0.2024,-0.49776
1.30935,2.22982,-1.87659,0.05841,-5.85939
0.83281,-0.16868,4.89144,0.04379,1.66873
1.54329,1.38161,-2.29591,0.2255,-6.02575
1.64237,2.88182,1.84961,0.30057,-1.74032
1.77652,-3.1238,3.00194,0.30382,-0.19076
0.63704,1.09981,-2.83541,0.04614,-13.40023
1.14864,-2.39615,-4.24244,0.48579,7.35506
0.6022,-0.26411,0.51247,0.06087,4.16661
0.2676,2.1789,1.77079,0.33023,-38.25349
1.47409,-2.69237,3.17276,0.44432,2.24125
1.18817,3.07633,-2.27236,0.44238,0.17363
1.50307,0.50791,3.72286,0.25606,-3.59619
0.35772,-0.65978,4.15767,0.13873,12.30167
1.99195,-3.01901,2.79187,0.41393,0.31095
1.98983,0.54553,-4.92403,0.30629,-2.17714
1.037,-0.0321,-4.12784,0.39552,1.82188
1.75891,-1.78872,4.97737,0.2,5.12366
0.63842,-0.06002,2.33949,0.45671,-1.69978
1.52762,-3.06124,1.26792,0.4648,0.26294
1.78261,3.13831,4.01362,0.36867,-0.48372
1.6664,-1.05486,-4.60359,0.47128,5.90194
1.66119,-0.12427,2.57378,0.22675,0.52048
1.03345,1.78931,1.54678,0.09723,-9.40758
1.67598,1.33693,3.48221,0.32795,-6.1005
1.44327,2.44139,2.77904,0.32668,-4.81569
0.43841,2.77293,-0.15069,0.24566,-7.87104
0.40553,-1.95295,-4.29032,0.13031,25.84491
1.58946,-0.68864,4.09402,0.31217,3.41629
1.32584,1.17381,2.63502,0.09039,-6.95917
1.13488,-2.8587,-1.43604,0.37665,2.83285
1.83307,1.36311,4.83928,0.45341,-5.88966
1.38726,-3.11091,-1.88892,0.08331,0.29871
0.91306,2.60179,-1.29439,0.41014,-4.88525
0.94508,1.3708,4.74676,0.09924,-10.70059
1.28944,0.41154,1.68111,0.25021,-3.29636
1.5685,-0.44673,3.79195,0.46462,1.98587
1.21584,3.06635,3.87754,0.04136,-0.715
1.11577,1.48605,0.36448,0.04488,-8.77372
1.50842,1.93078,-2.33033,0.47936,-5.59569
1.46948,2.04445,3.47446,0.07942,-6.06867
1.69462,-3.00415,0.01888,0.17102,0.79202
0.31259,-2.798,0.64351,0.2295,9.06054
1.55891,-1.89523,0.41368,0.00335,5.96399
1.12477,0.97526,-4.90412,0.09404,-6.85578
0.33445,0.7788,-4.54131,0.4142,-3.78685
1.42222,-1.09853,1.16384,0.25943,5.99338
1.48977,2.97194,2.94437,0.19695,-1.37308
1.14253,-2.55659,-0.42961,0.34098,4.85357
1.62884,1.73868,-3.09592,0.16238,-5.74853
0.74045,-0.12015,-0.93365,0.21927,1.96144
0.56343,-0.50998,2.68324,0.49686,4.29978
0.83132,-2.98096,-3.91379,0.38714,4.07982
0.93809,1.43131,0.60199,0.27699,-10.54531
1.45268,1.70636,2.02213,0.26337,-6.94345
1.72194,-1.13752,-0.84167,0.42214,5.29048
1.49765,0.10658,1.01262,0.30043,-0.83245
0.51318,0.6688,3.83477,0.16964,-14.32302
0.85919,-0.83161,-2.87187,0.2089,9.25056
0.48514,0.72622,-3.64917,0.09169,-12.00595
1.4361,-0.41389,-4.39152,0.47976,3.76882
0.64671,2.37548,2.26213,0.3261,-12.28112
1.1457,1.37296,4.00531,0.19929,-9.00355
1.62529,-2.4473,1.90394,0.17994,3.73228
1.40769,1.88246,4.76453,0.4535,-7.72351
0.73707,-1.02098,2.08111,0.18016,10.65776
0.79916,2.73676,-2.11505,0.37818,-3.58244
1.37606,0.6495,-2.44411,0.41771,-3.77241
1.18904,-2.96832,1.66669,0.4549,0.88619
0.37351,1.47254,1.75812,0.18653,-28.48845
1.77318,-2.32016,0.23812,0.38266,4.02141
1.1227,2.37044,0.26889,0.16344,-6.1248
1.05205,2.81694,-0.83359,0.47201,-2.61886
0.55719,1.22683,-1.50079,0.00558,-16.5479
0.87859,0.20655,1.34053,0.2851,-2.78495
0.79908,0.64128,2.47517,0.25498,-8.33247
0.68732,-0.44702,3.13406,0.43881,3.25865
1.22133,-2.61643,-1.92163,0.10816,4.16634
1.0321,2.6945,3.57734,0.04364,-4.25596
1.80056,-1.07325,-1.97258,0.42322,5.04526
1.89442,-1.17591,-1.95122,0.17505,4.87502
0.59505,-1.93946,3.06002,0.16246,13.97426
0.38019,3.09389,4.69375,0.05266,-2.9402
1.61361,2.78071,4.32226,0.46003,-2.91032
1.99075,-0.94604,-3.88921,0.31648,4.30755
1.75448,-1.50793,-2.11523,0.34609,5.81818
0.24266,1.91869,2.59897,0.44897,-57.82273
0.65227,-0.48626,3.06244,0.42193,3.99133
0.27802,2.9392,0.04267,0.22591,-7.21765
1.6774,2.52092,-4.83897,0.07989,-3.2639
1.24653,1.63018,0.01848,0.33616,-7.85996
1.12469,-2.57658,-4.68853,0.32536,5.87613
1.19801,1.27001,-2.18605,0.02354,-7.78508
0.65441,3.06151,1.5686,0.4497,-2.84636
1.28295,-0.79613,-3.65398,0.16762,5.83666
0.2552,2.39747,2.1249,0.21439,-33.03156
1.36282,-0.57716,1.21386,0.25689,3.75984
1.52198,2.96142,-0.70306,0.45601,-1.01666
1.41145,0.96504,-1.27845,0.08524,-5.65896
0.79781,-2.53526,4.14666,0.18434,5.80606
1.68727,-0.13166,0.53171,0.25067,0.71646
1.48798,-2.82914,3.889,0.49595,1.15548
0.43094,-0.65926,-0.87558,0.21988,14.98062
0.55126,2.60992,0.9464,0.19927,-9.64257
1.3468,-1.68262,4.54609,0.46751,6.06673
0.72095,2.831,-3.75914,0.33075,-1.76654
0.41498,-2.51376,-2.37219,0.08179,15.01247
0.47894,1.03554,4.16694,0.0879,-19.2146
0.49811,2.92599,-0.77996,0.32223,-3.20044
1.06002,0.96858,-2.27965,0.23353,-7.15268
1.29329,2.50702,4.9734,0.00448,-4.51017
0.51752,3.08524,-3.97791,0.2243,2.26359
1.48249,0.89123,1.11543,0.46985,-5.38563
0.70582,1.77352,2.88075,0.37369,-15.77492
0.7608,-2.94062,2.86739,0.2793,1.19032
0.6023,-0.45672,-0.58158,0.0976,7.33946
1.61337,-1.33037,-4.56039,0.16782,6.19956
1.92766,2.03692,3.41027,0.49832,-5.00349
1.0865,1.11576,3.02737,0.32953,-8.95531
0.27566,0.71889,-2.62619,0.13814,-18.66184
0.66902,2.71156,-1.59473,0.369,-4.79834
0.48449,-2.58322,0.12592,0.04568,10.70306
1.71697,2.85157,-3.85856,0.18529,-1.39141
0.35274,-2.50847,3.20565,0.11457,13.5032
1.93966,-0.96122,4.221,0.448,3.64404
1.25932,0.81853,-1.91806,0.36757,-5.24319
1.13193,-0.99603,4.24029,0.24875,6.45084
1.72523,1.14691,3.0087,0.2039,-5.38906
0.24959,1.73051,2.27825,0.42929,-54.50555
1.59887,2.06406,4.69154,0.09772,-5.58348
0.40989,-2.01474,-1.7535,0.03738,22.00354
1.7134,-1.99757,4.15643,0.42589,4.60895
1.15252,-2.81289,-4.01596,0.42825,4.04247
0.31003,-0.05748,-0.21986,0.12154,2.09575
1.69984,-2.27744,0.52011,0.09764,4.37162
0.24917,-1.13979,-3.77189,0.36065,57.68234
0.44907,2.13901,2.37354,0.07169,-19.25639
1.63608,2.81901,-0.24821,0.31098,-1.87202
1.03677,2.02366,-0.4446,0.35062,-8.36326
1.7865,-3.13752,0.8144,0.31099,-0.05698
1.34377,0.42741,-3.65288,0.21346,-2.59427
1.32235,-2.09444,-2.99975,0.40809,7.12462
0.72602,-0.78071,-3.19316,0.46499,12.32631
0.44062,-0.4529,4.51933,0.35285,1.52852
1.93011,2.78308,2.7319,0.20948,-1.93702
0.38864,0.84031,0.29197,0.49785,-19.76392
1.15222,-1.45987,1.59455,0.22471,8.19179
0.69062,0.89721,1.49978,0.05813,-11.28489
0.67545,2.83915,-2.37655,0.09129,-3.85029
1.27026,-2.76988,-4.13392,0.17397,3.25071
1.63628,1.98541,0.54939,0.08556,-5.50489
1.59892,-1.77879,-2.36958,0.38915,6.36384
1.76384,-2.17959,3.73472,0.00705,4.55404
0.72722,2.50615,-2.63947,0.20294,-6.99364
1.03835,-3.12997,0.72861,0.4391,-0.18696
0.2168,1.51479,-0.79907,0.05887,-44.17687
1.54434,-2.59352,2.42903,0.28804,3.01642
0.74422,0.74139,4.50746,0.46692,-12.70166
1.21069,0.75962,-0.88429,0.0358,-5.55837
0.50474,2.27939,-4.55645,0.17486,-11.62969
1.67492,2.027,1.61431,0.01883,-5.26886
1.67109,1.16342,-3.70815,0.3411,-4.93707
1.77942,-0.75054,-3.95498,0.20875,4.02084
0.28269,-2.09603,1.61558,0.47366,20.44893
1.98643,0.85252,-3.97188,0.34564,-3.3705
0.646,-0.01904,-3.71223,0.30097,2.96636
0.75698,-2.65187,-0.60919,0.45516,6.57978
0.6488,2.86238,-0.47674,0.06483,-4.09367
0.68156,-1.16604,4.13714,0.39172,9.74167
1.19479,-3.12814,-2.23866,0.3649,0.68268
0.63166,2.52389,-0.99065,0.33663,-8.15887
0.90879,0.48412,2.07521,0.31904,-5.82581
1.38009,1.46436,3.2702,0.06219,-7.17477
1.70485,-2.18236,-1.5088,0.40702,4.92252
1.44693,-0.59938,1.31077,0.31758,3.62589
1.26978,0.91145,1.24186,0.38574,-6.40346
0.46591,-1.56473,-1.96792,0.43805,25.02631
1.66901,1.26606,-3.81379,0.27121,-5.2356
0.26709,-1.67375,1.82517,0.47844,24.29347
0.67554,-1.8276,-2.31932,0.0546,14.32288
0.30271,-3.06855,-1.81718,0.00202,2.40499
1.40137,-1.37032,0.72355,0.16497,6.7993
0.86307,-1.5913,-3.39191,0.10828,11.85708
1.37369,1.661,-2.58502,0.2768,-6.73313
0.82466,0.438,-0.53921,0.14015,-4.93427
1.02033,-2.02429,3.78483,0.34407,7.39184
1.02433,0.42806,2.72256,0.47266,-5.2019
0.28205,-1.72509,-1.82403,0.38463,43.18781
0.97441,-0.46808,-1.97931,0.21013,4.98033
1.35392,2.43918,4.87345,0.49275,-5.99114
1.18289,1.37763,1.53384,0.38559,-8.56166
0.33551,0.94939,1.85534,0.40544,-30.45555
1.4025,-1.37298,-4.44876,0.10237,7.08978
0.75595,-2.35882,-3.95027,0.34345,11.52608
0.22598,1.58933,-2.05546,0.03532,-41.98145
0.48007,0.42657,3.42011,0.11765,-10.20069
1.09561,0.77132,4.10669,0.00822,-6.26978
0.75872,2.98523,-3.08971,0.35262,-0.12096
1.44989,-0.95303,2.14197,0.01047,5.50482
0.63318,1.88965,3.74138,0.22459,-16.80826
1.59103,0.37044,3.78901,0.32443,-2.71778
0.71566,-1.66341,-0.41193,0.1525,13.77155
1.31755,-2.80929,-2.41222,0.18364,2.68412
1.63859,0.72892,4.56284,0.43408,-4.7253
0.894,-1.27162,-2.23417,0.45071,11.74559
0.28425,1.22823,-2.47305,0.42935,-19.36512
1.1638,1.26121,-2.94317,0.37497,-7.21373
1.99174,-0.27985,0.32535,0.13876,1.34906
1.94419,0.22869,-3.92816,0.03734,-1.10509
0.59784,0.79512,0.70688,0.24435,-12.19845
1.56025,-0.19726,4.43689,0.4622,0.38984
0.82091,2.37109,0.04969,0.11169,-8.33144
0.48849,-2.66448,4.65348,0.10477,7.17883
1.39865,3.01479,4.05703,0.38982,-1.69549
1.10156,-2.93141,2.92302,0.29599,1.14499
1.17062,-1.83408,1.08057,0.20215,7.93202
1.68931,1.30884,3.80678,0.43134,-6.18438
0.80578,-2.60777,0.54984,0.29126,5.94808
1.40077,-1.49431,-2.92799,0.46013,7.66944
0.85914,-2.17413,4.25179,0.18408,8.34211
0.2769,1.40474,0.0219,0.22204,-35.00366
0.88043,0.49595,4.07748,0.03715,-5.49772
1.91006,-2.73646,-1.06854,0.18384,2.07813
1.06987,-0.25048,-1.64276,0.08986,2.40179
0.39481,-1.83153,2.65991,0.01642,23.72717
1.43809,2.93864,1.34445,0.12788,-1.45812
1.93408,-2.46352,-0.60275,0.24531,3.22125
1.8343,0.6161,3.78589,0.12368,-3.22958
1.22953,-0.11406,0.16577,0.05454,0.90207
0.87731,0.49062,-4.87209,0.22577,-3.8395
1.24522,2.86823,1.93204,0.07392,-2.21898
1.66868,-0.99726,-4.36843,0.043,5.00565
1.75023,1.56305,-0.18898,0.48009,-5.5752
1.67392,-0.33008,-3.0792,0.23798,2.16101
1.01986,1.0101,-2.58017,0.40116,-7.151
0.41394,-0.8441,4.79815,0.08539,15.3207
1.22451,-1.71454,-3.86521,0.23077,8.52362
0.48157,-2.61622,2.57707,0.04496,9.71712
0.30973,-2.50227,1.37445,0.2059,15.94781
1.0976,2.88669,-3.04957,0.4132,-1.20773
1.37967,1.81243,4.35338,0.44637,-7.9247
1.73747,-1.60247,-2.98584,0.2595,5.9
1.6091,0.18314,0.15585,0.1432,-1.1189
1.74303,1.34606,2.90522,0.36673,-5.83728
1.56812,-0.92653,2.63571,0.31946,4.65942
1.46583,-0.37707,-1.80292,0.23524,2.66151
0.21825,1.37213,3.39272,0.23768,-60.99441
1.32698,-1.71246,4.62097,0.24661,6.6715
0.41687,0.16553,-0.2598,0.16962,-3.62393
0.3056,-1.82157,1.52315,0.25949,26.8646
0.48154,-3.12226,-1.35486,0.02869,0.56153
1.68193,1.19546,-1.45917,0.28509,-5.27951
1.53893,1.30228,-0.30284,0.2481,-6.11442
1.90779,3.11472,-3.02867,0.21028,0.0368
1.96216,-2.00424,1.89402,0.162,4.45757
1.80791,1.50533,-3.34425,0.31089,-5.09644
0.43927,2.81466,-4.94819,0.24249,-0.95345
1.78109,0.90843,-0.60524,0.05042,-4.33353
1.70955,2.91,-4.2358,0.18723,-1.04577
1.76795,3.10666,0.62439,0.03825,-0.20141
0.47303,1.89516,0.20369,0.18958,-19.82959
0.41023,3.13711,-3.62736,0.26642,5.63527
1.86286,0.79058,-2.54003,0.19551,-3.59983
0.51289,-0.0185,-4.75548,0.17082,3.44181
0.86352,2.62409,0.93953,0.14057,-5.79733
1.02077,2.07946,-2.07134,0.19089,-8.01421
0.424,-2.44974,2.12985,0.03466,14.35004
0.23714,-1.23953,1.29826,0.49695,27.64605
1.98936,-1.50391,-1.26412,0.27767,5.00889
1.77798,2.23217,-4.78277,0.31809,-3.87285
1.84221,-1.67607,-1.79836,0.09157,5.34417
0.71221,-1.23122,-1.75136,0.4617,14.58153
0.59618,0.11805,-1.67295,0.28558,-0.59384
0.96656,-2.66332,4.53443,0.20719,3.66562
1.01597,2.89799,-3.3544,0.35661,-1.17008
0.21008,-0.05615,-2.2994,0.15218,10.54939
1.60266,-1.94506,3.32399,0.46732,5.09259
1.994,-1.43998,4.25158,0.08466,4.7872
1.15164,1.87292,-0.31714,0.41656,-8.03284
0.89887,0.84199,0.40049,0.4833,-8.38088
0.90695,-0.22226,-4.47142,0.24587,3.72087
0.37294,-1.05808,3.08038,0.43833,13.21419
0.67909,2.51757,0.9456,0.03578,-8.51405
1.10384,1.71257,-0.2099,0.31029,-8.74454
0.97733,1.37044,-1.97424,0.17812,-9.46864
1.18106,-0.33929,-0.56229,0.18216,2.83783
1.72832,3.02322,2.35312,0.22518,-0.84772
0.60544,1.31991,-4.19226,0.29839,-12.28326
0.2498,-0.47988,0.06814,0.30801,17.79451
0.26881,2.89373,-4.65362,0.13914,0.00774
0.4415,2.48641,2.72253,0.19197,-16.21967
1.22687,1.50775,-2.88982,0.12476,-7.74054
1.65473,1.67759,4.03388,0.31627,-6.36061
1.79625,-0.47986,-0.23905,0.05102,2.52506
1.3432,0.04618,-0.42736,0.21179,-0.28702
0.92566,-1.93807,-1.39648,0.48924,10.68848
0.47813,0.59939,0.16361,0.49439,-11.92863
0.92255,-0.81734,-1.61972,0.25898,8.24819
0.79835,-0.95857,-1.40075,0.12373,10.328
1.76605,2.8163,-3.04387,0.29175,-1.4905
1.07609,-2.10623,-1.54786,0.24423,8.16692
0.60715,2.07329,3.11715,0.02124,-14.33975
0.71984,-1.37307,-2.54309,0.49455,15.78961
0.44565,-2.96154,3.21268,0.16358,1.2958
1.85345,-2.88736,3.61313,0.19964,1.12121
0.29062,-0.44499,1.66334,0.25678,9.47297
0.22312,-0.28613,-4.69316,0.44018,53.90572
0.52938,-1.1294,0.61034,0.39956,15.88479
1.65957,1.06047,3.33149,0.10278,-5.28232
1.14224,-0.09209,-1.34217,0.35822,1.15833
1.32652,-2.67593,-2.17178,0.43728,3.86032
0.84392,-0.9546,-1.78623,0.35713,10.38213
0.32362,-2.50094,-0.76924,0.06959,18.62993
1.74108,-2.74628,-4.29831,0.26945,2.55185
0.54541,-1.83276,-2.62315,0.41928,21.07009
0.25951,1.26025,1.46935,0.09781,-38.12838
1.23087,1.23151,-0.27516,0.26927,-7.46675
0.34992,2.27067,-2.52659,0.33478,-14.53655
0.37237,1.61113,4.30879,0.31768,-36.19512
1.64068,0.22303,-2.04458,0.0533,-1.28201
1.0849,-1.17739,-3.70682,0.13873,8.78849
0.63472,-3.10508,-3.00652,0.27607,2.62448
0.82753,0.92449,-2.03415,0.10438,-9.15364
1.51263,-1.32127,0.22559,0.16686,6.26807
0.31944,-1.57017,-4.33679,0.20754,39.53077
0.40967,2.98342,3.54942,0.00681,-3.91603
1.30927,-2.04681,3.77477,0.25521,6.09775
1.29255,-2.9378,-1.81649,0.49738,2.07683
1.95043,2.8236,2.75312,0.20413,-1.72029
0.87419,-1.2189,0.99693,0.13715,10.35523
0.31714,-0.66966,3.45444,0.1265,14.8559
1.16757,-2.63306,-2.23034,0.25759,4.51235
1.34902,-0.60278,1.10236,0.22801,3.98457
0.45129,2.96705,-4.27305,0.43099,5.26799
1.19515,1.21906,-4.90548,0.31962,-6.60796
0.55598,-0.16446,3.74698,0.19933,0.47265
1.72051,-1.20969,-2.05452,0.19287,5.46792
1.70329,-0.84167,-0.54589,0.2736,4.34662
0.97333,0.69887,-2.68221,0.12668,-6.12552
1.94014,-1.54284,3.76807,0.21142,4.84272
1.96359,-2.18688,-1.15466,0.14252,4.12011
0.43265,1.23294,-3.20881,0.25773,-16.97418
0.86188,2.32145,1.07993,0.2733,-8.72037
1.28058,2.52294,-2.94537,0.4234,-3.68218
0.35271,2.1452,-2.3931,0.12559,-20.93394
0.88878,0.19226,1.72795,0.45236,-3.09861
0.67011,1.81478,4.59219,0.26763,-16.9428
1.91369,2.67887,2.5481,0.36342,-2.54112
0.94085,-2.9948,-3.75858,0.30584,2.82363
1.57281,-0.5523,-1.87443,0.41452,3.58647
0.89607,-1.85903,2.96365,0.33157,9.27235
0.43726,3.12129,-2.24853,0.00554,-0.39034
1.75367,2.69904,2.4007,0.19514,-2.54792
0.20075,1.89869,-0.28208,0.46918,-42.97923
0.30069,-1.28253,3.84409,0.22573,21.68157
0.85589,2.84064,-1.40851,0.41419,-2.60119
1.43642,-2.95781,4.34571,0.43448,0.33301
0.81507,-1.9601,-0.92565,0.16629,11.36689
0.31936,0.73434,2.26236,0.42886,-30.09646
0.77211,1.84102,-3.04805,0.18872,-11.27948
0.64097,2.41042,0.30789,0.01268,-10.22929
0.20976,-1.25344,-1.89865,0.3472,59.41638
1.16264,-0.68609,-4.87273,0.41014,6.82392
0.40996,-0.28383,-0.62726,0.2258,7.54363
0.71749,-2.97211,-3.27504,0.0867,2.85777
1.35414,2.28689,4.58585,0.30764,-6.23442
1.50521,-1.0182,3.08589,0.36913,5.04459
0.67422,-1.88949,2.39525,0.32741,12.09229
0.79255,-0.57053,-0.46668,0.1779,6.81716
0.64444,1.32301,-2.40895,0.18416,-13.68941
1.9224,2.33053,-1.75637,0.27455,-3.56929
0.54294,-1.78834,-2.95636,0.0967,18.61235
0.52973,-2.05703,0.51889,0.42309,15.59029
1.00106,2.78837,3.11276,0.05116,-3.54881
0.54075,0.31977,-3.12589,0.24327,-3.10212
0.48208,-0.84338,-4.95453,0.42972,24.36025
0.37258,-1.88923,-3.74393,0.26471,32.14522
1.35231,3.11173,-0.39068,0.38047,-0.13529
1.30175,1.37718,-4.81404,0.11979,-7.05489
1.37029,-1.77258,-0.96732,0.22276,7.12856
1.59194,-2.56819,-3.88842,0.35653,3.89003
0.78744,-1.88946,-3.92234,0.44417,14.64044
1.85316,-1.58498,2.12611,0.32152,5.09407
1.51977,-2.44362,4.99497,0.12138,3.88585
1.64848,-1.69865,-3.05518,0.07315,5.98462
1.49773,-2.40784,-2.70411,0.42077,4.89342
0.84522,-0.76823,-2.03582,0.27702,8.85435
0.70946,-0.08674,2.85109,0.09194,0.67709
0.96053,-0.28095,0.05894,0.24284,2.81629
0.37465,2.06849,0.70677,0.06316,-23.32567
1.0123,-1.54569,0.46507,0.05259,9.66384
0.27765,2.43218,4.37371,0.45999,-49.11161
0.2071,2.56431,-4.65147,0.27231,3.68079
1.8767,2.88901,-3.42084,0.12446,-1.18546
1.44081,-2.00444,-1.17887,0.44063,6.4287
1.21132,-1.59749,-0.11969,0.49944,8.13643
0.81398,0.77806,-3.86063,0.4421,-5.88317
1.22697,-2.25634,3.9317,0.3738,5.21273
1.80484,-2.60362,1.77859,0.48103,2.52244
1.37428,-2.67854,4.32243,0.09869,2.96266
1.28447,0.66696,4.40801,0.43885,-5.89698
1.02837,1.91435,0.12533,0.17937,-9.0032
0.82225,-1.51497,3.53008,0.01612,11.82786
1.45738,2.72397,2.36755,0.01619,-2.74813
1.96577,1.83428,-1.39492,0.09392,-4.78429
0.96456,-2.65489,1.57349,0.38974,4.09765
0.90597,-0.58243,4.52747,0.44834,3.48306
0.9706,-2.71424,2.64009,0.06398,4.00969
0.96598,2.60874,2.09412,0.42269,-6.10752
1.98312,1.52557,-2.78129,0.37774,-4.67454
1.4722,1.1721,3.31128,0.02611,-6.18075
0.84653,1.14795,-1.10335,0.36569,-10.00475
0.8687,-1.34974,1.24078,0.01919,10.98633
0.97543,2.72401,1.77727,0.13129,-4.32393
0.26608,2.65638,0.15241,0.26545,-17.76659
1.15007,1.50475,-3.34415,0.45463,-7.36186
1.66049,-0.19522,1.97456,0.05268,1.10829
1.38902,-2.84556,-2.52758,0.17415,2.28851
0.55716,-2.96371,-2.34635,0.28846,5.2959
1.51046,-2.27367,-3.73209,0.3701,5.5608
1.49503,0.60171,1.19942,0.45769,-3.9599
0.67257,1.87301,-3.82594,0.23443,-11.94204
1.32117,2.81779,-1.54783,0.42045,-1.98965
1.29971,-2.03976,3.89522,0.30851,6.02156
1.71162,-1.4104,-0.46934,0.10203,5.6742
0.44493,-2.80167,3.94505,0.28979,1.57616
0.55071,3.07277,-0.07283,0.15691,-1.18725
1.07475,1.76504,-3.21166,0.35182,-7.97786
0.27946,-0.12118,2.58916,0.14227,-0.47331
0.94807,0.47479,-1.46553,0.13142,-4.51604
1.61879,0.39065,4.66411,0.47268,-3.14893
0.46769,-1.5434,-2.37871,0.45435,25.90883
1.02791,-1.97675,3.22147,0.22587,8.07935
1.98158,-1.27564,-0.0614,0.38273,4.74249
1.11066,-1.58868,3.42132,0.49103,7.46931
1.09698,0.36146,-3.16964,0.04431,-3.04578
1.20583,-1.2051,1.33668,0.30308,7.31889
0.53481,1.4385,-3.86814,0.12675,-16.4686
0.46489,0.42688,3.05516,0.40001,-14.39116
1.41924,0.20272,-2.64346,0.05071,-1.3251
0.91238,2.83556,-0.72425,0.39441,-2.8962
0.72183,-1.11583,1.55975,0.1003,11.9077
0.2565,0.84993,-0.21785,0.22801,-27.97579
1.72289,-3.14127,2.78897,0.40691,-0.38051
0.25819,1.48864,1.88171,0.03373,-38.81897
1.54997,0.01598,-3.69594,0.46408,0.6128
0.88758,-1.83227,2.73463,0.10867,10.29962
1.27764,-3.1321,-0.76518,0.25036,0.19023
0.64582,1.30027,0.97758,0.36728,-15.49837
0.47972,1.02228,-2.83427,0.06175,-16.689
1.1601,1.03928,-0.76908,0.30437,-7.11564
1.45211,-0.39298,3.17161,0.25778,2.19932
0.55189,0.87523,4.26261,0.29292,-17.74537
0.98545,0.44821,4.38696,0.33125,-5.81039
1.00038,-1.64057,2.00089,0.21031,9.36193
0.58876,0.11792,-4.2109,0.14938,-0.14561
1.21709,0.09169,-0.57367,0.09193,-0.7024
0.46268,2.03338,-3.06929,0.46953,-12.24218
1.11755,-0.4179,1.97615,0.20069,3.245
0.40418,-0.40159,-3.38629,0.14111,12.41239
1.07398,3.0436,4.77576,0.02627,-1.00242
0.76088,2.47849,-3.05464,0.3756,-5.95468
1.01404,-1.61926,-4.47286,0.26387,10.81058
0.98075,2.57795,3.43547,0.09548,-5.68511
1.83428,-2.27472,-2.97729,0.44669,4.4722
1.08188,2.22042,-4.75987,0.46689,-5.32189
1.6733,-1.98974,0.48078,0.44034,5.28006
0.60617,-0.46745,4.69234,0.28049,3.71059
0.83375,3.04057,-2.32502,0.18664,-0.56238
0.33516,-2.53182,-0.91277,0.08094,17.4199
0.95735,2.13495,-2.62833,0.18862,-8.11829
1.40366,-0.03309,0.57985,0.30609,0.14112
1.7087,-2.44421,-1.77211,0.11328,3.75582
1.21865,2.84309,0.91364,0.23198,-2.51013
1.35213,0.30933,-0.21979,0.28655,-2.17419
0.51908,2.39164,4.28915,0.36572,-18.70319
0.26697,2.31917,1.70017,0.04568,-28.01666
1.62504,-3.04964,1.82594,0.4335,0.25457
0.50067,-1.47755,-0.13533,0.22804,19.63178
0.36411,-1.02465,-1.96855,0.29097,27.344
1.88761,0.21906,-1.86037,0.47016,-0.88389
1.93434,-2.69005,0.03992,0.08399,2.2121
1.30926,-0.69764,-3.08089,0.44224,5.60829
0.88155,1.97693,-3.67573,0.40222,-8.3205
1.69983,-2.0534,-1.27635,0.49701,5.33158
0.5685,1.26466,-3.69525,0.19652,-14.20676
0.97291,-0.24926,-2.69238,0.06342,2.66777
0.84263,-2.69734,0.35024,0.00709,5.00009
1.84286,-2.02712,2.90095,0.3963,4.44005
1.8556,-2.25547,-2.75228,0.0683,4.1498
1.37159,0.75221,2.91664,0.15301,-5.12402
0.39933,-2.59292,-4.84458,0.49366,27.8099
1.06795,2.02976,4.97023,0.22105,-9.19852
0.64159,1.9268,0.16939,0.1156,-14.37897
1.79285,-2.63855,-0.24113,0.37662,2.66615
0.44913,2.43911,1.50556,0.13578,-15.12607
0.29776,2.88499,-0.24824,0.26551,-7.61811
1.46797,-2.86847,-0.91978,0.07867,1.83613
1.01591,2.8295,-1.29017,0.23042,-2.67691
1.70906,-1.38568,4.77833,0.05431,5.55309
0.33433,1.03523,3.61497,0.38655,-37.73459
1.64194,-2.04319,0.02411,0.18257,5.31868
0.2672,1.99463,3.36453,0.1594,-40.97686
0.25053,2.1483,-3.50911,0.49689,-5.02587
1.03037,3.00551,0.29445,0.41485,-1.40671
0.59832,3.09468,-0.49829,0.27696,-0.3834
1.26869,-2.66496,-1.75118,0.47211,4.06113
0.24647,0.99251,4.1844,0.1057,-40.61098
0.2637,-1.42599,3.32493,0.28674,23.10143
1.50887,-2.35256,4.07086,0.46453,3.78335
0.5783,-2.20668,1.35217,0.28485,12.49625
1.38155,2.74222,-1.23779,0.15399,-2.66121
1.54986,1.1539,2.56813,0.40583,-6.22136
0.3068,-2.82454,-3.91433,0.06941,12.8554
1.58556,3.04251,3.5308,0.076,-0.71879
0.68316,1.93404,-4.71221,0.36556,-9.73179
0.90118,-1.19896,3.18212,0.03467,10.00596
0.35595,-0.18305,2.03941,0.02532,4.60925
1.70953,1.42362,-4.1154,0.18954,-5.40947
1.20931,1.10604,-3.53002,0.19895,-6.77139
1.1084,-0.23197,-0.47609,0.23483,2.12571
1.9434,0.07785,-2.00125,0.37037,-0.19632
0.80211,-2.87011,3.67293,0.28443,1.65592
1.8034,0.00398,-3.07166,0.35677,0.31532
1.49544,-1.00376,-0.8292,0.02495,5.54254
1.87135,-1.35056,-2.39529,0.15785,5.22355
1.83404,-1.4475,-3.72818,0.4832,5.84379
1.98385,0.93586,-2.40259,0.21388,-3.85064
0.43702,-0.44449,3.59987,0.11125,7.55548
1.63283,-0.4662,2.155,0.49604,2.2996
1.64809,-2.14139,4.1424,0.20566,4.69573
1.35987,2.90197,-0.94721,0.23939,-1.58947
0.70195,-1.73462,-2.59587,0.1119,14.37775
1.93727,-0.58993,-4.73682,0.32818,3.23125
0.56796,-1.9465,-0.04842,0.10362,16.08314
1.09924,1.27638,-4.60272,0.30496,-7.37874
1.13868,-0.40131,-4.95725,0.37872,4.81334
0.49129,-0.54255,1.04708,0.3262,8.89474
1.50055,2.35679,-3.35174,0.04519,-4.55275
0.35996,1.63036,0.59779,0.03989,-27.38865
1.44758,0.12488,0.73523,0.42118,-0.99186
1.72751,-0.19735,2.23839,0.45228,0.77421
0.82891,2.88965,-1.16871,0.06783,-2.83491
1.47696,2.86804,2.05156,0.18773,-1.97095
0.48219,1.28661,-1.34035,0.32703,-17.6433
1.72271,1.63456,-4.02213,0.41774,-5.11679
1.91366,2.50757,-1.9001,0.45449,-2.80094
0.47485,2.91734,-4.92433,0.34934,3.03514
1.44535,-2.62465,-0.37539,0.07374,3.36773
1.1105,3.12487,2.40311,0.38418,-0.89634
1.1567,1.27563,2.84748,0.42951,-9.02835
1.47168,0.58273,-2.67903,0.17565,-3.45099
1.07973,-0.54559,-3.94357,0.24708,5.55046
1.28059,-1.02799,-3.1457,0.08319,6.71903
0.61562,1.91141,4.83713,0.15226,-16.96296
0.88131,0.97034,-1.87897,0.4349,-8.13199
1.75743,-1.88052,-0.70716,0.04442,5.32657
0.39782,0.69059,-4.24373,0.38121,-5.4858
1.27564,-2.25462,2.8933,0.04882,5.87442
0.53172,-0.01964,-0.5151,0.14631,0.62882
1.72377,0.52438,-4.12602,0.29121,-2.44499
1.24228,0.85253,-0.27058,0.00166,-5.94556
0.92549,-2.22888,2.13275,0.33769,7.54535
0.64968,-2.54093,-0.26962,0.1581,8.63515
0.98632,-1.51608,4.68633,0.37429,8.12816
1.9237,0.67249,3.71664,0.48762,-3.66641
1.11658,2.71234,0.14807,0.20824,-3.68127
1.04508,1.75378,4.40508,0.015,-9.2906
1.54329,1.54384,3.11388,0.42445,-6.90915
0.88228,-1.06668,-1.3173,0.13729,9.96803
0.96936,-2.43971,2.7141,0.07431,6.31941
0.80651,2.46263,0.05852,0.43961,-7.67813
0.47166,0.00536,0.39112,0.11626,-0.31595
1.48486,-2.51006,0.20621,0.30264,3.87215
1.77146,0.21972,3.03679,0.12699,-1.32987
1.83007,1.10214,4.18574,0.35623,-5.22768
1.78545,-1.1316,-1.80482,0.32437,5.15662
1.01321,-3.08348,1.41921,0.25458,0.21039
0.71132,0.76408,1.28409,0.27751,-10.24609
1.34826,-2.88967,3.87497,0.11362,1.5715
1.91847,-0.42227,-0.52788,0.01096,2.09724
1.50869,2.04062,-3.09839,0.40035,-5.2528
1.09073,3.13435,-2.96914,0.44465,1.04461
1.43986,-0.81491,-4.48724,0.38893,5.79953
1.59057,-3.01513,-3.99272,0.35396,1.33651
1.85468,-0.04459,-1.9878,0.23596,0.37213
1.57379,-1.4057,-3.97437,0.29195,6.61709
0.97974,2.46788,3.71091,0.34581,-7.58384
0.69249,1.32891,-1.37981,0.01311,-13.7161
1.09979,-0.60115,-1.31533,0.21184,5.27542
0.79072,1.64637,2.57506,0.11234,-12.83368
1.89698,-0.99773,-1.98662,0.18222,4.44583
1.11434,0.13674,2.15182,0.37462,-1.84924
1.0497,2.65644,3.22423,0.18169,-4.88989
0.82675,-1.88397,-1.39822,0.36955,12.04451
1.35093,-1.17459,-0.22188,0.48592,6.75818
1.13609,2.42275,-1.77771,0.46169,-5.05025
0.43229,-0.23953,-0.76836,0.41386,7.08543
1.76457,-1.14424,0.80747,0.4265,4.95066
0.84622,-2.90724,-1.5036,0.19697,3.10557
0.97864,-0.50923,-0.35867,0.36579,5.02382
0.5702,0.00378,-0.03776,0.33351,-0.02624
1.19612,-0.58853,-4.75496,0.49145,6.18632
1.4637,-1.39826,-3.36351,0.28745,7.05398
1.7861,-0.82228,0.41374,0.21488,3.99642
0.29289,0.89501,-4.97349,0.41863,-1.86168
1.952,2.45848,2.04194,0.37479,-3.37306
1.46687,0.94044,4.05465,0.06243,-5.52009
0.71174,0.91837,2.54569,0.29814,-12.45051
0.56805,1.99098,-1.85849,0.29615,-14.06157
0.73296,-2.10397,-0.50159,0.31581,11.82124
1.77631,-1.24974,1.50717,0.47075,5.01564
0.7245,-2.82372,1.80437,0.30102,3.19722
1.03308,-0.94475,4.77497,0.43501,5.74875
1.47033,3.1342,-0.07019,0.17919,-0.04349
1.76958,-1.07246,-2.50465,0.02869,4.89241
1.38543,2.26052,-1.37808,0.18761,-5.32762
1.5556,-2.60264,4.22443,0.26633,2.77169
0.51199,-0.25313,1.3271,0.41666,2.68915
1.77933,-0.93329,3.64251,0.31592,4.06691
0.69629,-1.87501,2.24086,0.2211,12.42002
0.43108,-0.80107,4.6543,0.23094,10.55759
1.95724,0.95051,0.0123,0.49833,-4.08005
0.56295,-0.0609,4.49905,0.07067,0.05723
0.44597,2.16351,3.8589,0.10276,-20.23843
1.32684,2.54435,3.43094,0.31264,-4.76712
0.77395,-0.11377,4.39093,0.3507,-1.13183
0.44003,3.02678,0.25538,0.19749,-2.81458
1.28202,-2.68907,2.42829,0.01607,3.32197
1.56617,-1.4053,0.55336,0.26101,6.11921
1.62776,-0.52332,2.76261,0.07218,2.93663
0.47992,0.51963,2.63752,0.02802,-10.47095
1.20236,0.28859,2.58404,0.17238,-2.63012
1.66462,0.42711,-0.71551,0.06783,-2.42371
0.48996,2.48972,2.96288,0.2195,-14.85616
0.57383,-1.3976,3.76489,0.38085,12.48543
0.20434,1.99085,1.36255,0.02352,-44.6022
1.14434,0.36443,-0.45347,0.24995,-2.96886
0.55043,-0.05975,3.53248,0.24849,-1.83301
1.50364,-1.26032,2.7845,0.00089,6.21116
1.93198,-1.23107,-0.304,0.36913,4.81754
0.57576,-0.7007,0.79869,0.04487,10.87745
1.36837,1.65569,1.85825,0.46603,-7.60577
0.5813,-0.14619,1.88322,0.31968,0.67672
0.23241,-2.17503,-1.88963,0.14391,39.77017
1.5654,1.63277,-2.07308,0.46264,-5.86336
0.98121,1.02655,3.87347,0.20023,-9.35892
1.90422,2.82265,4.37011,0.13013,-1.77222
1.16171,0.18481,-0.97935,0.19225,-1.41227
0.48347,0.97026,4.13377,0.30579,-22.14865
1.00959,-0.12987,-0.29308,0.3618,1.36242
0.56521,1.13588,-3.32798,0.33091,-12.29339
1.78045,-0.40139,2.3288,0.46062,1.81429
1.44363,-2.27541,-4.54115,0.47809,6.21887
0.81423,3.05792,-3.86084,0.09853,-0.43312
1.15008,1.38459,4.41006,0.45627,-9.90371
1.40506,0.68252,0.17622,0.05334,-4.40857
1.60914,-0.11674,-2.33624,0.47845,1.14174
0.34426,1.32845,-0.19591,0.12967,-27.44843
0.24053,-2.34504,0.78178,0.13289,27.36293
0.40601,-1.09256,1.38915,0.21077,19.67479
0.91099,-2.35808,-1.51778,0.09087,7.76625
1.04007,-2.34975,-1.12597,0.41386,7.14306
0.44563,-3.00746,0.49763,0.06237,2.78758
0.94008,1.60783,1.26665,0.21964,-10.74299
0.99492,-1.71337,4.21356,0.45358,7.82929
0.39636,2.08607,-1.07724,0.31769,-19.35815
1.84999,2.54114,3.74687,0.30358,-3.3285
1.27846,-2.08246,4.93218,0.49732,5.18984
0.89936,1.31233,-1.60997,0.01127,-10.52295
1.11243,-0.24941,-4.72716,0.1599,2.78745
0.76556,2.63241,1.04371,0.06251,-6.35778
1.7378,-0.09791,4.03648,0.09229,0.42847
1.23503,-0.76106,-4.46611,0.108,5.79453
1.09081,-1.29079,-3.0285,0.31345,9.44082
1.83959,2.53603,1.7615,0.13605,-3.10633
1.70836,-1.72047,3.09653,0.33209,5.32579
1.66304,2.05909,-4.1336,0.36903,-4.65789
0.6061,-1.92148,-1.36262,0.20096,15.94588
0.47562,0.90099,-2.61261,0.26816,-13.07221
1.44217,-0.30746,4.64876,0.06605,1.91102
1.04356,-2.48432,1.82469,0.37632,5.11284
1.43068,-2.35033,-0.24361,0.20956,4.90182
1.56913,-1.37282,3.62352,0.41732,5.5156
0.73156,1.67542,0.37662,0.26311,-13.52145
0.71237,1.43847,4.11334,0.34838,-16.47436
1.0835,-1.85278,-2.61192,0.17929,9.09532
0.69239,-0.14953,-4.72662,0.18588,3.94336
1.40113,-2.53221,-0.71262,0.21825,4.08663
1.54411,1.35683,-2.95723,0.31802,-5.81384
1.04967,1.84287,3.35731,0.25327,-9.77374
1.50284,2.47251,0.32924,0.40214,-4.10751
1.11879,2.42371,-2.11336,0.0274,-5.72151
1.48317,-1.01855,2.73574,0.45027,5.07104
0.60494,-1.54231,0.26885,0.46302,15.86967
1.52992,2.49184,0.02795,0.12204,-3.88069
1.48722,-2.2242,-3.1921,0.05039,5.3102
0.67989,-2.76872,4.95215,0.28593,2.19308
1.20075,-1.16715,1.59018,0.03209,7.47793
1.73956,1.63551,3.54824,0.11486,-5.76223
0.64914,1.22019,2.59732,0.25378,-15.75721
1.52476,3.06026,0.02934,0.30691,-0.52658
1.91714,-0.88258,-4.90268,0.09715,4.08185
1.75924,-1.40839,1.6667,0.46637,5.25176
0.92274,-0.76524,-3.99256,0.09066,7.78965
1.29297,1.77347,4.61465,0.07683,-7.64394
1.98519,-1.79511,-2.50735,0.08116,4.86944
1.22319,2.81328,-1.32667,0.46476,-2.1739
0.40705,0.07885,0.51559,0.43939,-3.26562
0.28178,1.77905,0.02614,0.01652,-34.06816
1.62257,2.05625,1.55148,0.36331,-5.56156
0.96253,-0.13311,2.83448,0.03674,1.24021
0.64426,1.51658,2.57644,0.03766,-15.43806
0.82581,-0.85015,4.08086,0.03801,8.69838
1.56327,1.95362,-0.30084,0.41481,-5.77
1.03745,2.03514,0.34173,0.21372,-8.52253
1.7633,0.41598,3.74077,0.27851,-2.58321
1.52287,-1.77093,-2.17669,0.01541,6.32768
1.95323,2.9545,-2.5408,0.45045,-0.63421
1.79931,2.80846,-4.90876,0.49101,-1.0384
0.65818,0.75285,2.38481,0.11759,-10.83799
1.38631,3.04031,1.87586,0.32826,-1.03586
0.23698,0.01757,-2.2328,0.3394,12.76697
1.98399,-0.78235,-3.70085,0.48314,3.93994
0.66981,-0.24817,-4.57469,0.24188,6.06384
1.39663,-2.85315,-0.12137,0.11896,2.00546
1.72848,0.30864,-3.06518,0.18014,-1.53921
0.48884,1.04447,2.93397,0.31981,-21.2786
1.72618,-2.45346,4.50034,0.23624,3.25249
0.22204,-1.53563,2.76859,0.0397,41.92391
0.99556,1.38974,3.51595,0.40368,-11.12472
1.04967,1.84468,4.90792,0.43213,-10.92239
0.87336,3.05279,2.4081,0.23917,-1.7512
1.25549,-1.55054,0.67324,0.26174,7.70027
1.84672,2.14533,3.10011,0.24579,-4.68268
0.78858,-2.06024,0.63852,0.26487,10.70759
1.24267,-2.31926,-0.67485,0.05131,5.80686
1.77943,1.44013,-4.67495,0.21682,-5.14588
1.59139,-0.34009,1.4298,0.22394,1.92987
0.27332,1.84678,3.97518,0.49886,-61.0793
1.89702,-1.36619,1.93151,0.02433,5.05033
0.28396,-1.80206,-0.95854,0.15607,35.48213
1.25977,0.30661,1.16899,0.248,-2.53308
1.23564,-2.41708,3.12956,0.42362,4.3936
1.6155,-1.39016,2.6424,0.23062,5.74012
0.4672,-2.09709,-0.08822,0.1455,18.2148
0.52287,-1.13068,-1.38323,0.26763,18.32806
1.55379,1.66818,-1.03136,0.14851,-6.22023
0.46911,-2.38295,4.07909,0.27416,9.30435
1.045,0.70289,-3.30146,0.34493,-5.02557
1.51697,0.5326,3.6298,0.26539,-3.70233
1.37224,0.23958,-3.04716,0.30482,-1.20315
0.57909,-0.09898,4.8089,0.01936,1.39634
0.74713,1.02957,-0.51657,0.3294,-10.9488
1.94415,2.21049,2.3343,0.48484,-4.34764
1.00761,-2.12349,2.29374,0.24582,7.73103
0.28002,1.97375,2.72531,0.40135,-46.17633
0.59525,-2.75533,2.89396,0.27445,3.96705
0.81638,-0.11232,-4.60925,0.352,3.78115
1.99908,0.07204,-2.26666,0.15496,-0.26532
0.74484,-1.90012,-2.70291,0.48343,14.81798
0.24751,-2.57816,1.98593,0.10757,17.68122
1.12326,-2.67091,1.83317,0.07955,3.845
0.35049,-2.90764,-2.02967,0.02276,6.86459
0.69332,0.4624,2.93542,0.2706,-7.96436
1.98629,-2.16472,-1.88379,0.30945,4.24085
1.46835,1.93965,-1.57065,0.32476,-5.99504
0.2912,2.50669,-1.01149,0.08612,-18.95312
1.00764,-1.30434,2.4459,0.32572,8.60744
0.50895,-2.10822,-4.88222,0.08255,18.11386
0.4213,-0.56793,4.06465,0.3775,3.8799
1.25672,2.39748,1.92055,0.13762,-5.45456
1.11018,-0.62945,0.86598,0.21102,5.05375
1.53716,-2.4609,-2.62668,0.18361,4.22047
1.80615,3.04526,2.85513,0.18386,-0.68334
0.64403,-0.00204,3.72788,0.36047,-3.20879
1.86139,-0.99041,0.01547,0.49889,4.40504
1.13239,2.47319,-2.07539,0.26366,-4.94207
0.6659,2.68546,-1.19447,0.20052,-5.94901
1.72241,-0.02008,-0.83749,0.14685,0.1558
0.26395,-1.21444,-1.94085,0.31224,43.52865
1.20712,-0.10911,2.12189,0.22559,0.55649
1.49892,-1.7638,-1.57826,0.38642,6.69464
0.70396,-0.13673,3.21217,0.30334,-0.06673
1.75429,-1.70003,-0.36309,0.20596,5.56968
0.63251,0.76782,1.2896,0.47651,-12.30848
1.71177,1.63293,4.47952,0.00563,-5.72845
0.34138,2.9495,-0.53946,0.34474,-3.89028
0.48787,2.15243,-3.29654,0.2054,-13.95665
0.88577,-2.60039,0.49922,0.06081,5.66681
1.7373,-1.81256,-0.03324,0.04635,5.48299
0.46025,0.19913,2.82583,0.32466,-8.54716
1.77579,-1.5231,3.60199,0.07389,5.43363
0.61352,-3.05133,2.1262,0.42804,-0.9766
1.01452,1.6009,4.71455,0.15546,-10.37738
0.83492,-0.89364,-2.30805,0.17192,9.7264
0.41263,-2.72627,-2.60804,0.33006,14.64843
1.89976,0.05552,-2.08713,0.11008,-0.22289
0.98872,2.99839,1.70907,0.00352,-1.42214
1.4426,1.12179,-2.67459,0.22291,-5.83971
1.23548,-2.14404,-4.11583,0.26394,7.38265
1.10309,0.08982,4.77722,0.22295,-1.67303
1.30984,2.5241,-1.85389,0.229,-4.08892
1.81702,-2.80077,-2.77605,0.33287,2.08456
1.45876,0.86641,-1.41251,0.42284,-4.84374
1.15846,1.3903,-3.41575,0.18275,-7.8654
1.36133,1.28184,-4.64232,0.39505,-5.91783
1.29151,-2.19804,-1.94616,0.03134,6.18645
0.97962,2.55901,-1.62137,0.24013,-5.1039
1.32458,-1.1167,3.11016,0.18808,6.3222
0.99843,-2.81649,-0.64363,0.23297,3.28875
1.56371,-2.6187,2.36752,0.04574,3.08866
1.94404,-0.26655,2.35713,0.06941,1.28589
1.92776,-2.89038,2.88992,0.14674,1.15087
1.67732,1.75648,4.18509,0.13677,-5.95151
1.28317,2.29854,-0.01369,0.19255,-5.70688
1.5488,-3.05757,-3.96047,0.22863,0.90907
0.52049,1.94787,-4.61337,0.11059,-15.64038
1.06223,3.02351,-3.1309,0.30961,-0.22889
0.66315,-2.95078,3.29212,0.18791,1.39884
0.20629,1.41351,0.74349,0.03007,-47.4925
1.94013,3.1359,-3.59882,0.12185,0.08772
1.75493,1.86685,-3.67364,0.28007,-5.0127
1.12466,0.03366,3.91503,0.30344,-1.23276
0.65747,2.41791,0.2003,0.39983,-10.06498
1.44736,1.30648,-3.28102,0.12274,-6.35025
0.98264,-1.30406,3.96748,0.28111,8.47522
1.64603,-1.73215,2.20727,0.23805,5.68845
1.99913,0.07882,-0.22231,0.42426,-0.36277
0.82835,-0.79802,-0.34935,0.365,8.66504
0.63993,-1.07148,1.72652,0.06599,13.18008
0.68129,-2.02366,-1.61691,0.47939,14.6177
0.36802,2.1695,4.9991,0.17761,-28.57509
0.90928,1.28814,2.84555,0.4773,-12.0033
0.23137,-1.05984,1.4096,0.14261,33.22962
0.40591,-1.64829,1.87452,0.23447,21.42772
0.68905,-2.33648,4.96084,0.27523,7.38781
0.48775,-2.43465,-4.89218,0.0318,13.7172
1.51789,0.7884,-4.77175,0.35783,-3.84259
0.39009,-2.45787,2.85028,0.05236,14.90491
1.75879,2.8916,-2.90608,0.08208,-1.30279
0.59801,-1.38774,1.85167,0.14512,15.37899
0.39546,-2.97946,0.0334,0.48037,3.90182
0.21819,2.2326,-1.8133,0.48656,-16.93634
1.48737,-0.83197,-2.6866,0.24466,5.17294
0.66191,-0.98667,2.76746,0.26666,10.67903
1.1171,-2.39628,-3.29018,0.10592,6.23504
0.40091,1.00796,-3.41279,0.20902,-16.25669
1.97353,-0.88723,-0.58067,0.49221,3.92735
0.42569,2.02943,-3.80723,0.3954,-12.35616
0.94147,0.8207,1.41512,0.3487,-8.18016
1.73297,2.38706,4.91971,0.13921,-4.1054
0.6408,0.77007,2.47913,0.38153,-12.9615
0.68055,1.75476,1.03235,0.48328,-15.24882
1.6553,1.23489,-1.05362,0.49398,-5.40526
0.69201,-0.23504,4.8799,0.2999,0.24532
0.20517,1.18547,3.79943,0.08037,-51.56239
0.97024,1.02804,3.20591,0.48204,-10.29938
0.22256,-3.09947,-2.69993,0.27069,16.61023
1.83763,1.24808,-3.76419,0.01917,-5.04146
1.35526,-1.4944,-3.22059,0.04075,7.28878
1.24943,0.26278,-2.41311,0.28863,-1.59342
0.56286,-2.44207,-4.18301,0.41765,16.73594
1.4599,-2.99694,3.88422,0.47076,0.1107
1.41906,-3.04659,-3.14799,0.47222,1.39395
0.30883,-2.14763,-2.7339,0.28931,34.91754
1.78552,-3.0166,3.88158,0.4907,0.08748
1.24294,-2.30972,4.58143,0.0748,5.61234
1.62644,0.3718,-2.78219,0.04733,-2.14144
0.67325,-0.6266,-2.05816,0.01514,8.61327
0.41969,3.02063,3.00103,0.38707,-9.41545
1.46441,1.93958,4.70264,0.4583,-7.25354
1.62899,-2.21937,1.49676,0.41992,4.56246
0.89486,-0.52283,-0.57415,0.46982,5.81084
0.24265,-0.43372,1.7458,0.27403,8.86497
1.67286,-0.86635,2.80284,0.38152,4.08623
0.57097,-0.02771,-3.87344,0.16835,2.47635
0.81026,1.06735,-0.64702,0.38329,-10.22733
1.33082,0.88524,3.57302,0.37652,-6.46556
0.37992,-0.89787,2.05425,0.2178,17.09255
0.32959,1.28834,-3.46226,0.02188,-27.88715
0.24627,-1.3227,2.55213,0.13313,33.01282
1.84995,2.10781,1.67441,0.44259,-4.77297
0.76049,2.91774,-2.35351,0.29363,-1.6687
1.38919,-1.28971,-1.55997,0.20255,6.94827
1.98062,1.78875,-1.85594,0.4737,-4.6117
1.40501,1.96931,4.93249,0.18322,-6.89282
1.14517,-0.05804,-3.16279,0.16404,0.8925
1.13766,-2.59026,3.29415,0.38525,3.53639
0.87845,1.79813,0.30635,0.17765,-10.95058
1.2796,-0.58133,3.80522,0.22312,3.69141
1.92582,-1.83424,4.81861,0.36123,4.44885
1.61848,0.79577,4.61083,0.21506,-4.70871
0.96361,-0.39623,3.54253,0.16114,3.3143
0.7984,-2.59136,-0.86428,0.00769,6.43517
1.79036,3.03902,-2.28728,0.43028,-0.25402
0.44441,-1.60434,-1.80503,0.26335,24.46839
1.72925,0.0689,1.53138,0.42567,-0.60852
0.65914,1.0511,-1.58139,0.30892,-11.79365
1.48813,-2.41846,-0.65111,0.10033,4.39175
1.6512,1.50426,-4.20264,0.18158,-5.6481
1.05859,0.93173,2.71012,0.20863,-7.94272
0.54611,-0.03925,-3.88531,0.36986,5.52333
1.72058,0.178,-1.62973,0.27409,-0.85865
0.86152,2.85756,0.90434,0.31825,-3.5787
0.77722,2.58175,0.31175,0.37654,-6.89721
1.11803,-2.43798,3.93131,0.13693,5.24615
0.98316,-0.82466,1.58688,0.441,6.60305
1.42949,0.10538,2.89045,0.22664,-1.0424
0.44696,2.63879,-1.96554,0.33056,-7.32427
0.98424,1.98903,-3.67743,0.1091,-8.69384
1.80506,-0.71325,2.4333,0.11669,3.46876
0.26491,2.42663,-3.46421,0.36749,-6.13661
1.02321,-0.76556,3.34166,0.1752,6.08433
1.38896,-1.43764,4.43017,0.43798,5.99456
1.79788,0.69048,-2.17072,0.33237,-3.25201
1.26882,-0.9054,2.61005,0.33271,5.54282
1.68407,0.76911,-0.62662,0.19013,-4.00937
0.60084,-0.56747,-2.01003,0.45134,11.28873
0.83506,1.85837,-0.68857,0.47232,-10.79888
1.89584,2.85452,1.46767,0.12897,-1.5178
1.79476,-1.44319,4.88068,0.25728,5.03165
1.20432,0.0629,-1.99956,0.45347,0.11318
1.05588,1.41015,2.05943,0.05064,-9.26475
1.01192,-2.14559,-1.6513,0.14879,8.37653
0.30582,1.85923,-2.48606,0.47721,-18.06748
1.80628,0.52133,1.31842,0.24249,-2.80283
1.67267,-2.20075,2.61288,0.47577,4.29484
1.02125,2.31365,2.17386,0.19008,-7.47128
0.70299,-0.46055,4.42586,0.26375,3.83996
0.81726,-2.03186,-3.92631,0.22706,12.08493
0.42169,-1.91388,0.40664,0.22861,21.38505
1.49922,1.79389,-2.09156,0.45886,-5.95425
1.20201,2.73769,3.16957,0.34732,-3.96947
0.62139,-0.76498,-4.37973,0.47287,16.29671
1.32141,-2.6463,-3.24197,0.16477,3.8344
1.96261,-2.5081,2.72029,0.49695,2.60792
0.42031,0.97062,-1.45359,0.35383,-16.34948
1.02527,-0.81209,1.818,0.06566,6.83034
1.08949,-0.46413,4.98506,0.20647,3.16357
0.50023,-1.02386,-0.40151,0.12433,16.94951
1.15684,-0.21653,0.32984,0.11773,1.79282
1.29076,0.90195,4.75328,0.46478,-7.28863
0.48322,0.25848,2.46393,0.47997,-10.25409
0.4785,-2.10963,-3.03243,0.00708,17.69032
1.74143,-0.05474,3.043,0.06902,0.23893
0.7605,-0.24748,0.15858,0.13892,3.12172
1.3346,0.28738,2.87369,0.42387,-2.76727
1.32819,-2.44623,0.98553,0.30555,4.56122
1.71051,-2.17695,-2.72669,0.28271,4.97686
1.53181,0.19003,3.1444,0.29914,-1.61054
1.71304,-1.41098,-4.97973,0.47529,6.46025
1.32539,0.81073,3.8803,0.1379,-5.66922
1.00902,-0.79953,3.18609,0.06166,6.77817
0.90842,-1.75468,4.7014,0.30391,8.88553
0.88225,0.98266,-4.64462,0.48443,-6.36027
0.95311,-0.6666,-0.62365,0.355,6.60783
0.43276,-2.15128,-3.30868,0.44606,26.836
0.96313,1.9403,-1.2601,0.44809,-8.88941
0.901,-0.42877,-1.40209,0.10963,4.71604
0.26223,2.60796,0.97561,0.3428,-23.8926
0.69524,-1.92642,-0.6257,0.43111,13.78552
1.55343,2.36468,4.65573,0.05067,-4.52513
1.2403,1.98492,-2.22226,0.32574,-6.77022
1.6511,-2.48867,-0.8125,0.136,3.65005
1.17684,0.19906,2.00655,0.41084,-2.24363
1.73735,0.96562,-2.23457,0.1116,-4.56109
1.63292,-0.02839,2.23811,0.18671,0.01379
0.37691,-0.6895,2.08712,0.33837,11.58604
1.95861,2.78874,2.12238,0.27791,-1.88462
0.22655,1.26179,1.75076,0.05999,-43.29802
1.27431,2.92715,3.1746,0.11265,-1.85847
1.62652,2.17543,4.94932,0.44292,-5.79061
0.79741,1.9926,-4.44664,0.49439,-7.76678
1.27743,1.41769,-0.02853,0.34699,-7.58361
0.85182,0.91784,3.13081,0.00488,-9.16855
0.30911,2.43073,-4.99953,0.3717,-1.25851
0.21523,0.71257,0.45153,0.32141,-32.9317
0.37075,-2.66854,1.59798,0.20591,9.66141
0.37714,0.51876,-3.08257,0.11402,-10.42557
1.2996,-2.49546,-0.99179,0.08285,4.5936
1.14656,2.82304,2.89451,0.04177,-2.77164
1.01983,0.92155,-4.33317,0.31964,-6.33039
1.44546,0.34964,-3.65133,0.16864,-2.03014
0.23029,-1.89865,3.18069,0.25901,24.79568
0.68777,0.09907,3.09206,0.2626,-3.12731
1.59931,-0.98941,0.90403,0.30365,5.01878
1.83796,1.10198,-0.83813,0.29727,-4.68781
0.98901,0.65603,-3.94348,0.25954,-5.00398
0.34667,-0.00435,3.11437,0.07756,-1.88667
1.63771,-1.55357,-2.58255,0.01352,6.0022
1.79331,0.16175,4.13191,0.28809,-1.25111
0.94459,-0.24067,2.75838,0.21161,1.82118
0.63804,2.20707,-4.19064,0.20506,-10.25566
0.27915,2.47769,1.35493,0.21503,-25.39348
1.26395,1.62891,4.20626,0.05677,-7.89776
1.83777,-1.13324,3.79168,0.08963,4.73447
1.4202,-2.90227,1.13353,0.33108,1.45132
0.77105,2.67246,-3.28041,0.25689,-4.33469
1.3572,3.0914,1.80242,0.30483,-0.6609
1.69772,-2.3435,1.66142,0.06467,4.10016
1.05649,1.16626,0.88735,0.40707,-8.85957
1.67555,-0.47032,-2.34257,0.18632,2.80869
0.90544,-2.20841,4.00297,0.30654,7.20901
0.82731,3.12966,0.02577,0.23283,-0.15022
1.24938,2.72206,-2.02885,0.23416,-2.89401
1.03644,3.03232,-2.44778,0.38929,-0.14514
1.9588,-2.23747,-2.18982,0.05517,3.96733
1.1295,-0.05074,-0.38906,0.0374,0.4519
0.89331,2.48672,-2.69149,0.05053,-6.51801
0.91088,1.10055,0.17415,0.49765,-9.70528
1.18629,-0.41091,-3.07977,0.46357,4.31768
0.83884,0.10489,-2.29048,0.35028,-0.08425
1.50123,-2.89905,-3.80335,0.22377,1.94706
0.88519,0.70068,-1.42605,0.04254,-7.06781
0.89146,2.26016,-0.9403,0.41045,-8.00593
1.31055,-3.12404,-0.96282,0.09472,0.18448
0.30952,-2.1365,2.24887,0.13642,23.55392
1.37964,0.11304,-0.16639,0.4204,-0.76528
1.10895,0.38305,1.93005,0.12867,-3.50822
1.01545,-0.98425,-4.6686,0.42229,9.95799
1.49466,-2.96608,-0.63411,0.39297,1.25763
1.56486,1.53058,-4.10202,0.41865,-5.56258
1.72327,-1.61525,-0.37898,0.33715,5.73007
0.87465,0.90841,1.152,0.17606,-9.10919
0.78867,0.37163,2.96739,0.32658,-6.07497
1.48582,-0.43456,0.50219,0.41455,2.68538
1.24725,0.56731,-1.20498,0.37471,-3.93627
1.33724,1.22546,-2.35538,0.43101,-6.33518
1.19994,0.45392,4.57443,0.49177,-5.14722
1.59085,0.36144,-3.01715,0.34507,-1.76925
0.54207,-0.40164,-4.57584,0.46406,14.30118
1.20028,-0.43961,-3.74121,0.13589,3.83121
0.48458,-0.05676,4.97505,0.48674,-9.16389
0.93305,-0.3011,4.0612,0.45516,0.99486
1.39519,-0.38312,-1.79742,0.02062,2.64746
1.08753,-1.8198,-4.96151,0.29522,9.98071
0.88326,1.4127,2.67206,0.25149,-11.82935
1.79295,-2.30623,-1.99464,0.4078,4.31034
1.59109,2.568,-4.77851,0.06317,-3.22653
1.14732,0.78443,-0.43395,0.26382,-5.95318
1.9101,-2.83434,-0.75844,0.25063,1.6054
0.96386,0.99902,-1.38241,0.19777,-8.26468
1.61853,-0.87013,1.53367,0.49609,4.34271
0.50229,2.70029,2.26014,0.26977,-10.75865
0.71443,2.73994,0.59184,0.20662,-5.60766
0.80855,2.17353,-4.86013,0.4282,-6.81152
0.39048,0.42631,-4.77584,0.06953,-8.21091
1.10325,2.63377,3.81744,0.14378,-4.77487
0.54607,0.94127,-3.13557,0.13945,-13.05476
1.34153,2.35701,-1.01936,0.46685,-4.90212
0.54217,-2.13595,-3.96473,0.44016,21.21753
0.42231,2.53954,-2.70699,0.30334,-8.55139
1.94436,1.0153,-0.14646,0.15981,-4.28056
1.38483,-1.23607,-2.64453,0.23405,7.01348
1.88561,3.12785,1.59083,0.28557,-0.19924
1.0818,1.17423,-1.32692,0.27004,-8.05828
0.26012,2.56615,2.88467,0.12797,-25.97887
1.23387,-3.1065,1.0195,0.06524,0.23528
1.20499,0.32885,-2.46035,0.45382,-1.86026
0.22696,1.33538,3.08383,0.32042,-61.21565
1.75024,-3.05528,4.32087,0.07255,0.38084
1.31595,1.64971,-3.79956,0.49492,-6.3456
1.54044,0.95158,1.69663,0.20564,-5.33293
1.08906,-1.41523,1.30795,0.36649,8.49485
1.31312,1.18718,1.69713,0.08836,-7.01469
0.66345,-2.31912,-4.68814,0.46638,15.80342
1.95276,2.03599,-4.71874,0.0396,-4.44081
0.9213,2.30106,-2.05188,0.47791,-6.77746
0.49219,-0.09125,-4.19767,0.36356,8.116
0.30065,0.04676,-1.33922,0.11362,0.15823
1.34511,-0.61541,3.72421,0.09045,4.02407
1.97008,-0.9718,-1.45564,0.41855,4.26953
1.81243,2.34299,-1.07154,0.01996,-3.871
1.46379,-1.22602,-2.32478,0.05714,6.36939
1.98308,-0.61041,-0.78397,0.33643,2.90263
1.50109,-1.25716,2.97512,0.03868,6.16537
0.81065,0.98466,3.30891,0.27062,-11.44407
1.28219,1.97429,-0.78941,0.28703,-6.89872
0.34358,-2.10904,-1.03139,0.00894,24.59338
0.59903,-1.541,-3.04935,0.18858,17.97179
0.95157,-2.48746,4.75602,0.01427,6.19792
0.56327,-2.13513,-1.89005,0.48344,17.59555
1.9163,-0.58508,-1.57357,0.10766,2.87331
1.99208,1.73338,-0.70144,0.34486,-4.79861
0.86768,0.26149,-4.19566,0.33688,-1.04546
1.47661,-2.80685,-1.71462,0.38612,2.48624
0.93399,0.78594,4.30585,0.16766,-8.25863
0.45112,1.85545,-4.25568,0.0922,-18.94291
0.80647,-0.66936,-2.59515,0.26525,8.60606
0.62007,-1.60213,-2.82249,0.34717,18.3616
0.79054,1.65837,-2.6493,0.37765,-10.76074
0.58704,-2.99139,4.54616,0.02446,2.17804
0.40222,1.98292,2.08555,0.37633,-27.19884
0.59137,1.91172,4.19792,0.05622,-16.30863
1.83036,2.43779,3.57611,0.26232,-3.74833
0.3534,-2.57937,1.24746,0.27771,12.02351
0.78456,-2.46453,0.59809,0.06353,7.77202
1.15121,2.34208,0.091,0.482,-6.14316
0.83812,-0.15543,1.89533,0.31901,0.95119
1.13169,-0.67646,2.01825,0.11195,5.25032
0.27816,0.46052,0.99458,0.02545,-16.00062
1.36743,-2.7735,-0.51059,0.38751,2.68728
1.21426,0.903,1.75364,0.42066,-6.84381
1.42574,2.79654,-3.43316,0.04532,-2.25082
1.22106,1.10408,0.51534,0.12872,-7.21924
0.98823,-0.22283,0.193,0.32119,2.13029
0.83025,2.8958,0.34675,0.20949,-2.98042
0.60758,1.18448,0.10819,0.17126,-15.00624
1.10012,-2.7837,2.50263,0.21223,2.68486
0.24689,1.06843,2.57493,0.25265,-45.49689
0.79083,-2.76651,-1.70417,0.09233,4.79599
1.42017,-1.21121,-1.49247,0.19403,6.60941
0.39569,0.72686,-4.83514,0.03491,-15.39686
0.3132,-1.78684,-3.86704,0.00303,30.71267
1.37392,-2.90164,-2.37675,0.4876,2.31081
0.91599,0.74112,2.6571,0.0274,-7.31708
1.64329,-1.3455,2.97889,0.02174,5.7949
1.88716,0.20712,-2.51985,0.44498,-0.75414
1.92267,-1.50077,3.69755,0.48802,4.60163
0.96607,1.17137,-1.24302,0.42227,-8.79283
0.67579,2.48627,2.98052,0.06978,-9.30192
1.2955,-2.59769,-0.33146,0.31977,3.98168
1.33075,1.79899,2.12601,0.34846,-7.59903
1.32022,-2.16082,-1.43687,0.38583,6.49234
0.7792,-1.07185,-4.29393,0.05644,11.45414
0.31475,-0.8962,-2.45948,0.19538,29.19076
0.57801,-1.84531,1.97089,0.13805,15.52221
0.47795,-2.66888,4.17957,0.32726,3.35751
0.42302,1.68695,1.28292,0.1718,-24.26578
1.86731,1.84492,2.68953,0.25441,-5.25364
0.22493,3.1217,-4.85877,0.31322,29.21347
1.28334,2.7307,2.60063,0.43291,-3.73684
1.90545,-0.41065,3.35538,0.46046,1.62974
0.8481,-2.30349,-0.87349,0.34672,9.01975
1.14878,-3.07436,-0.06109,0.0782,0.5773
1.45241,0.19803,-4.47627,0.44446,-0.38571
0.77091,2.26551,-3.25364,0.10226,-9.21624
1.05977,-1.4583,-4.43523,0.02659,9.30321
1.67079,-1.89161,2.31368,0.21864,5.39072
1.54164,-0.38357,2.99864,0.34232,1.94946
1.65521,2.47264,-3.91333,0.07468,-3.56889
1.97721,-0.30364,4.21596,0.14968,1.32207
0.86659,1.39935,3.39527,0.04003,-11.33525
1.54476,-0.23545,0.76285,0.3091,1.38266
1.28501,-0.79822,4.78288,0.35412,4.44125
1.39989,-0.37126,3.82468,0.25984,2.0352
1.53177,1.68641,-2.77358,0.22222,-6.09891
1.54952,1.59848,4.54036,0.42385,-7.13009
1.79434,-0.42878,-0.57041,0.20959,2.31016
0.82878,-1.4601,-3.45134,0.22088,12.87413
1.37627,-2.26743,-2.9991,0.28866,5.92427
0.70452,-3.13299,1.84195,0.35192,-1.18615
1.27022,-2.42997,4.87558,0.38852,3.8696
1.55212,-2.10703,-0.54728,0.02041,5.43789
1.6238,1.19341,0.73135,0.42558,-5.7343
0.95622,1.99752,-1.9976,0.22566,-8.84612
1.1157,1.48877,3.45458,0.45294,-10.02017
0.80093,1.40261,-3.84844,0.26817,-10.46662
0.50427,3.10591,0.82247,0.23792,-1.4636
0.66893,2.90659,0.8622,0.09769,-3.603
1.84185,-1.45238,-4.9886,0.2348,5.63416
0.75615,-2.2299,4.40562,0.24646,8.35715
1.95457,-2.17839,4.74342,0.44724,3.56542
0.63466,2.48567,-0.32527,0.44354,-9.06896
1.50153,-2.49853,2.25642,0.24321,3.67432
1.23303,-1.0044,3.48712,0.43378,5.7187
1.45437,0.19067,-3.83295,0.4272,-0.50422
1.35912,0.71283,-4.15381,0.47419,-3.65403
1.47215,0.60151,1.8931,0.1808,-3.92884
1.82998,1.79955,0.59492,0.10611,-5.2399
1.21425,0.45046,1.79394,0.47196,-4.09174
0.32213,2.20569,0.71997,0.29243,-26.54835
0.68749,-2.60985,2.26392,0.23333,6.11751
1.47479,2.25545,-3.45091,0.20573,-4.82632
1.08933,0.56551,-2.84382,0.04238,-4.72398
1.18739,-1.74087,-2.62977,0.10205,8.33294
1.27384,3.00175,-0.8348,0.14579,-0.99844
0.88873,2.76293,2.5956,0.27566,-4.98643
1.59301,2.17226,3.31397,0.25836,-5.41483
1.50236,2.58613,-0.98703,0.27143,-3.32463
1.48574,-0.74053,1.0205,0.03823,4.43706
1.48756,-1.71025,-2.04822,0.00489,6.5352
1.80264,-1.99237,-0.24223,0.23158,4.98279
1.27171,2.3484,4.40911,0.09674,-5.76073
1.94073,2.05229,-2.30714,0.44584,-4.207
0.41455,3.02182,2.87944,0.21546,-6.43756
1.33753,2.18813,-4.57806,0.176,-5.53029
1.49047,0.83168,-1.54757,0.272,-4.6749
1.059,-2.24761,1.58781,0.3143,6.77656
0.71878,-2.10583,2.76001,0.04098,11.52199
1.19007,-0.16525,0.92185,0.37067,1.11474
0.85655,1.68261,3.69222,0.06879,-11.72764
1.83642,-2.05287,3.20786,0.19337,4.54919
0.84223,2.61077,1.17505,0.17843,-6.19211
0.51627,1.15479,-1.51877,0.28458,-15.75937
1.2375,-1.1793,-1.36289,0.34473,7.63428
0.91279,2.4238,1.15097,0.40041,-7.6219
0.37262,0.61971,1.56552,0.26357,-18.26285
1.21672,1.46498,-1.05413,0.0777,-7.96226
1.16812,-0.71979,-1.02483,0.34798,5.79758
0.51175,-0.66884,-3.2322,0.2394,14.84108
1.27575,-3.06231,-4.99712,0.29447,1.5131
1.22125,0.23815,-0.38508,0.22185,-1.83766
1.5925,1.63863,3.30841,0.20815,-6.41748
0.85083,2.94571,2.66541,0.35068,-3.53529
0.64777,2.46443,4.9394,0.26205,-12.57396
1.9122,-2.59501,1.69406,0.4339,2.46551
1.21019,3.0192,-2.66087,0.37172,-0.31432
0.24885,-2.20238,1.77349,0.23816,24.99615
1.67728,-2.88326,3.28479,0.1071,1.3691
0.55416,1.56407,1.40997,0.00879,-17.74227
1.61487,2.55026,-0.18276,0.1027,-3.37932
1.46929,2.82607,1.18512,0.14063,-2.14907
1.94386,2.04189,-4.74197,0.05906,-4.42283
1.93804,-1.85413,-2.34887,0.33455,5.0692
0.69394,-2.17396,-3.42263,0.16304,12.80097
1.57961,-2.77108,-0.86585,0.01512,2.25397
0.77034,0.51503,3.93037,0.21844,-7.71932
1.33256,-0.08029,-3.12051,0.39216,1.27961
1.27594,-2.45494,-4.29015,0.16987,5.32172
0.29818,-0.221,2.76922,0.45117,-6.84037
0.20933,0.42301,3.67903,0.4264,-55.03911
0.30398,1.40087,0.31395,0.44469,-33.31844
0.4303,-0.53911,-1.23433,0.33389,13.92997
0.66377,-1.14133,-0.69465,0.4033,14.07281
1.83252,1.04099,1.58992,0.19449,-4.71147
1.13354,1.15751,3.31251,0.34661,-8.81924
1.63441,-1.44244,-3.1056,0.11195,6.08296
1.70896,-3.01704,4.02258,0.10236,0.57214
1.5229,2.80036,1.5739,0.47181,-2.4759
0.90449,1.60401,2.38291,0.27441,-11.63914
1.75495,-1.87802,-4.13088,0.03584,5.37625
1.53569,0.41259,4.18345,0.09865,-2.73648
1.53767,0.59657,0.28195,0.23067,-3.61173
1.82283,-2.34998,-1.37893,0.42295,4.00455
1.27759,-1.93738,-1.01063,0.44798,7.4457
1.15143,2.86957,-2.06966,0.05673,-2.20053
1.80229,0.05033,-3.37028,0.03101,-0.24167
1.01803,-1.93873,-4.65341,0.06084,9.26453
1.66083,1.86972,-2.35592,0.3357,-5.35804
0.29692,-0.18489,-0.03388,0.26641,6.1763
0.20232,0.86967,1.66761,0.36895,-52.08011
1.15093,-1.27234,2.33347,0.29668,7.62411
0.3325,-2.77777,0.95604,0.04794,10.08425
1.95778,-2.10522,-3.83938,0.12882,4.44113
0.2099,2.97218,-0.68451,0.16578,-5.30438
1.49267,0.77653,1.67406,0.35385,-4.87166
0.63809,2.08027,2.43176,0.29843,-15.20382
1.94159,-3.00638,-1.75493,0.47341,0.90147
0.88677,1.66795,4.28441,0.07276,-11.40682
0.24911,-0.09455,2.95382,0.46931,-18.62116
0.24848,1.03866,3.51731,0.11008,-40.29084
1.19607,-0.89092,1.66545,0.17173,6.17826
1.97608,0.75944,-0.8624,0.01729,-3.41423
1.96359,-2.91779,4.34169,0.14826,0.94186
0.80709,-2.85515,4.01445,0.09985,2.81884
1.06887,1.87764,3.28475,0.10863,-9.06156
0.38082,-2.35955,3.91127,0.2861,10.43778
1.13992,-3.05373,4.16611,0.39039,-0.49649
1.27946,2.59154,2.46357,0.37248,-4.56848
0.65191,-1.47321,-2.99664,0.41457,17.89967
1.30181,0.51762,0.38547,0.36567,-3.81195
1.81945,2.12948,1.15994,0.48825,-4.74304
0.20172,1.54508,2.73373,0.00924,-49.23633
0.61208,-2.84862,-0.04853,0.49395,4.69263
0.57786,0.38295,0.12871,0.20491,-6.42246
0.423,0.26262,4.95565,0.2389,-12.63776
0.49898,-0.94197,-0.47795,0.28868,16.45361
1.32664,1.59318,-3.6999,0.00426,-7.38379
0.38485,2.91543,2.09684,0.09085,-7.00215
1.52936,-2.21679,-1.37458,0.22299,5.253
1.79664,-2.22912,-2.51461,0.38476,4.61884
1.86786,1.47489,1.28462,0.43504,-5.38805
1.38832,-0.28641,4.54368,0.07387,1.82212
0.55531,1.85492,-1.87191,0.13149,-16.15926
0.35353,-2.25518,-1.27729,0.30369,24.60327
0.61764,-2.89116,-0.3451,0.18049,4.09942
1.93152,1.24366,1.87994,0.14896,-4.8846
1.93222,3.10836,-1.04051,0.19166,-0.11527
0.88745,-2.54596,-0.7491,0.3508,6.53539
0.78642,2.2892,2.00905,0.0993,-9.71383
1.11802,-0.72075,4.85135,0.03095,5.67052
0.72504,-3.0361,-1.83496,0.00173,1.43073
1.96339,0.06297,0.85327,0.26333,-0.3727
0.5982,-1.3895,2.94404,0.12501,15.10199
0.86446,1.21519,-2.87872,0.28082,-9.55638
0.97287,-1.3331,3.18319,0.4405,8.31859
0.42512,-0.11498,-1.45069,0.14683,3.8261
0.88908,-1.8814,-3.88977,0.09179,10.95749
1.74212,2.06152,-4.75097,0.00079,-4.96533
0.45265,2.67306,-4.66913,0.49068,1.395
1.25124,-0.60736,2.97642,0.25841,3.98315
0.93195,-0.3212,1.74939,0.40105,2.5154
0.50697,3.03279,2.9349,0.42905,-7.00061
0.22221,-2.24865,2.52948,0.49761,8.89563
0.69202,1.93911,-1.19025,0.42982,-12.15694
0.31129,0.42272,4.33019,0.14703,-19.49855
0.87818,2.39222,3.77946,0.28218,-8.99217
1.65838,-1.30421,-1.51648,0.48137,5.97189
1.49543,-1.28078,2.72941,0.31669,5.8995
1.90529,-1.09441,3.19658,0.38453,4.23692
0.96863,-3.0371,-0.11536,0.45333,1.11212
1.47404,-2.07412,-3.79581,0.30683,6.36582
1.39762,3.10758,-1.65943,0.34623,0.05544
0.59068,-1.5774,4.88811,0.29414,12.48672
0.74645,-3.01645,2.15935,0.16932,0.98418
1.15369,-1.39147,2.74711,0.1244,8.11003
1.63398,-0.5756,4.11924,0.31677,2.77935
1.03126,0.30026,-2.97237,0.49056,-1.44243
0.60993,-2.71078,4.68404,0.45807,0.94924
1.98824,1.82482,0.18142,0.10493,-4.7805
0.40804,2.04518,2.44679,0.42138,-27.57918
1.9206,-1.80227,-1.8179,0.01055,4.97676
1.65628,1.87502,-1.70593,0.29472,-5.46765
1.71001,-0.87068,-1.404,0.46517,4.61068
1.63085,-0.48311,-1.51941,0.47967,3.06834
0.57471,2.74191,-4.37497,0.30153,-2.64822
1.33865,2.46241,-1.90426,0.31541,-4.26816
1.56215,-0.7847,1.47381,0.19495,4.31966
1.54223,-0.07471,4.01973,0.36182,-0.13674
0.68882,-1.34131,-4.58335,0.12285,15.05519
0.52601,0.09698,-4.83372,0.01694,-1.50988
0.79062,1.14296,0.92399,0.41765,-11.90695
1.06372,-2.55934,1.99674,0.03018,5.01814
1.23281,2.63794,1.08239,0.33235,-4.07719
1.70651,1.37523,4.73043,0.21847,-5.99385
1.58426,-2.53368,-2.71132,0.02163,3.56006
1.41707,2.31843,-0.18755,0.07991,-5.06899
0.67428,1.5311,4.15902,0.05036,-14.99805
1.06198,-1.17416,1.17497,0.1072,8.40859
0.80378,0.13467,0.77122,0.31764,-2.0178
0.62287,2.26277,4.32842,0.28531,-15.31018
0.21844,2.94132,-1.61097,0.21647,-1.62584
0.81103,-1.37553,-3.42824,0.42153,14.0628
0.66101,0.94598,-3.70769,0.37654,-8.84189
1.22942,2.2635,3.21872,0.34135,-6.86721
0.31214,3.06724,3.56948,0.29943,-13.30423
0.68694,-2.69726,-2.66122,0.34805,8.10164
0.28059,0.02276,-0.42929,0.1133,-0.17781
1.35455,2.34781,0.84852,0.12991,-5.22387
1.22274,-3.12175,-3.60966,0.14906,0.51906
0.80746,-0.39436,3.48811,0.37053,2.68565
0.4652,0.52904,-0.81122,0.21614,-9.83276
1.92426,0.16644,3.63474,0.47975,-1.31557
1.25191,1.46255,2.60077,0.0201,-7.82354
1.4224,-2.72991,-2.05046,0.19158,2.95395
1.15643,1.79333,2.16574,0.07736,-8.39913
1.65176,-1.36238,2.40705,0.40816,5.4505
1.81348,2.03719,-1.88737,0.2398,-4.69409
0.88888,-0.50587,-2.46264,0.31001,6.31415
1.44205,-2.87193,3.23428,0.29897,1.34734
0.6138,2.91486,1.77933,0.03953,-3.77945
1.37334,1.76274,2.39573,0.39187,-7.50975
0.91848,-0.9562,-1.86945,0.41099,9.63695
0.21221,-1.44496,2.22194,0.30372,30.87693
1.91995,0.55898,2.14307,0.14047,-2.79133
1.76319,3.06176,-1.66725,0.36205,-0.24952
0.72351,-1.31842,-2.2954,0.35033,14.66568
1.99596,2.81657,-0.68605,0.45627,-1.49091
0.77083,-1.06571,2.39092,0.05867,10.90134
1.02592,1.28238,-3.06413,0.4549,-7.84287
1.73227,-0.74308,3.74262,0.44354,3.27825
0.74827,-2.60719,-2.44724,0.14876,7.32754
1.01097,2.74066,3.39634,0.3581,-4.97705
1.39806,-2.1116,-3.4419,0.13185,6.24772
0.43484,2.79408,2.39441,0.11755,-9.17155
0.96023,-2.4925,0.61395,0.32077,5.96182
0.75694,-1.46431,1.61459,0.02502,12.81621
1.41819,2.64474,4.74137,0.04824,-3.4109
0.44474,0.99614,-4.47442,0.33007,-11.04809
0.61892,-1.95103,-3.50873,0.47593,19.07766
1.48048,0.57864,-4.20915,0.01702,-3.59111
0.4812,-2.00816,0.19637,0.01146,18.4577
0.95963,2.35269,3.02807,0.03739,-7.37672
1.48319,-2.82851,-4.45175,0.00083,2.03879
1.57784,0.1871,2.79407,0.46416,-1.67741
0.37079,-2.74278,-0.66944,0.23702,11.42814
1.73359,1.22536,4.41429,0.34606,-5.8328
1.50315,2.73819,-1.17304,0.20819,-2.45378
0.81073,2.08015,4.84598,0.49862,-14.2404
1.57485,-0.80596,0.56522,0.23997,4.43963
1.51094,-1.65308,4.89993,0.46963,5.4627
1.2816,-2.38115,1.31886,0.32481,5.01495
1.20527,2.34755,-1.53664,0.47387,-5.30362
1.52247,-2.63197,3.03409,0.24757,2.81938
1.99867,0.80946,-0.1304,0.43944,-3.53882
1.24139,-0.83398,-1.91192,0.16694,6.05975
1.65569,3.11507,-0.21665,0.3306,-0.13102
1.53969,0.05544,3.71913,0.30859,-0.83717
1.74046,0.30656,2.32307,0.24342,-1.88767
1.91814,2.62567,-3.26231,0.25074,-2.30075
0.54755,2.95082,3.38598,0.08506,-4.35795
0.49783,0.5255,-0.68581,0.45301,-8.6317
1.25543,1.86097,-4.17132,0.2271,-6.88632
1.00873,0.84676,-3.52828,0.07573,-7.02286
1.2273,-0.45616,-4.33836,0.35216,4.53529
1.63648,-2.78147,1.76588,0.36358,1.87269
1.87709,1.36813,-2.42435,0.02256,-5.1037
0.95135,1.25829,-4.03651,0.16641,-9.07006
1.49228,-2.40833,-1.3433,0.29213,4.57607
0.55424,-1.69603,3.66966,0.41079,12.65392
1.16219,1.4585,1.28728,0.1553,-8.53578
0.23925,-2.20092,-0.13773,0.14983,33.48926
1.10675,1.19968,2.33195,0.36828,-8.9615
1.18161,1.36959,-4.24105,0.1096,-7.80185
1.5238,-0.92147,3.82772,0.448,4.38916
1.36907,-1.51939,-3.22264,0.39521,7.83546
0.84511,-0.79772,-4.78618,0.44653,11.30082
0.21032,-0.88469,-1.3764,0.17687,41.59337
0.40787,0.67243,-4.41553,0.08287,-12.78187
1.95151,1.53214,-3.32921,0.29253,-4.7674
1.8602,2.27296,2.38999,0.09498,-4.09174
0.78517,-2.95315,-0.95267,0.13306,2.54619
0.66594,1.42347,-4.93101,0.20028,-12.34458
0.98555,-1.1675,1.43757,0.23136,8.81285
1.44189,2.12775,2.07111,0.16121,-5.93592
0.84229,-2.66585,4.01963,0.14236,4.52765
0.32113,0.32154,-3.45397,0.12336,-5.52227
0.92503,0.30583,3.57166,0.34507,-4.6333
0.66906,-1.09006,2.08708,0.15294,12.28739
0.78487,2.95502,0.63623,0.3472,-2.67697
0.49332,-2.46977,-2.3823,0.37144,16.01297
1.38591,-2.28458,-0.42157,0.35711,5.42883
1.14794,0.90641,-3.01729,0.45722,-5.68114
0.68755,0.08984,2.17694,0.47724,-3.4779
1.19695,-1.4799,2.0359,0.07343,8.05763
1.08687,-1.2298,-3.0847,0.16029,8.92475
1.63275,-2.15499,-2.47383,0.39383,5.3773
1.92077,2.31073,4.01112,0.3909,-4.19682
0.43521,0.4368,-0.28315,0.03547,-9.48276
1.79104,-1.60325,0.51117,0.48102,5.39772
1.46863,-0.66966,4.58625,0.4281,3.2359
1.4466,2.55528,-2.92976,0.4496,-3.12268
0.87374,2.43059,1.2713,0.10219,-7.49718
0.81903,-2.70738,2.74015,0.25046,4.01579
0.21015,0.96824,-1.8056,0.22027,-29.45405
1.96797,-2.18045,-1.91183,0.18015,4.17574
1.29171,-1.81657,3.96819,0.11368,7.096
0.92419,2.28838,-4.00594,0.0698,-7.66966
1.17878,2.48305,-3.42644,0.43525,-4.01954
0.27295,-2.62202,-0.89045,0.26522,21.01475
0.51257,2.34943,2.98391,0.30041,-17.0363
1.32205,1.43567,-0.45008,0.1308,-7.31898
1.12567,1.73234,-2.29434,0.46753,-7.75481
1.61673,1.83353,-0.79705,0.46819,-5.71679
1.38574,0.04545,-0.5454,0.33573,-0.22627
1.28258,2.808,2.27025,0.16028,-2.72563
1.66748,-1.8827,3.6875,0.11642,5.44489
0.32287,0.0312,-1.78749,0.29764,4.15574
1.4436,-1.14007,2.0854,0.41644,5.75811
1.48806,2.0259,2.01388,0.48349,-6.36119
0.69529,-2.62197,2.66948,0.0341,6.81767
0.55217,-0.41671,0.75261,0.1671,6.77851
0.58493,1.71831,-4.85302,0.19557,-13.81494
0.55665,-1.1791,1.55867,0.18451,15.36028
1.14281,-1.63064,1.12298,0.33389,8.28166
0.44413,-1.49195,1.11519,0.2736,20.47275
1.38671,1.34203,-2.18701,0.44569,-6.38308
0.38914,-1.33968,-4.02115,0.11128,27.49397
0.2484,-0.61146,-3.10647,0.19967,32.7234
0.77472,0.28694,-2.83795,0.27058,-2.30436
0.54535,2.76938,-3.2639,0.4084,-2.06004
1.97959,1.84944,-2.55463,0.41162,-4.4961
0.74539,-1.97743,-4.31308,0.42969,15.42321
0.59972,2.40699,-2.30674,0.25957,-9.2997
0.55419,2.16624,4.97885,0.1208,-16.61354
0.87294,1.54079,0.11381,0.36313,-11.28712
1.29053,0.10622,-1.55577,0.47734,-0.36005
1.6075,-2.70293,2.20487,0.14265,2.47024
0.85624,1.32893,-0.3054,0.09919,-11.08229
1.32675,0.11525,-4.70502,0.01124,-0.82022
1.06771,-1.19522,0.4739,0.33323,8.40895
1.72369,-3.07915,-1.95933,0.27251,0.53485
1.22428,-1.68987,0.71184,0.06736,7.92418
0.72181,0.66407,-3.26782,0.09976,-7.75077
1.46646,-2.43595,-0.1745,0.33111,4.36523
1.67612,0.97652,-3.0636,0.21801,-4.61165
1.03779,2.00856,-2.01185,0.11662,-8.34354
1.97696,-1.14242,1.87165,0.30291,4.36874
1.78237,-2.62646,-2.72347,0.02633,2.73406
0.55452,-2.26384,-0.82863,0.0081,13.63164
1.61616,-0.89278,-4.26861,0.13044,4.94057
1.28171,1.96937,1.87162,0.14476,-7.21882
1.16266,0.8437,0.38943,0.05218,-6.31878
1.12509,2.31151,3.1379,0.05743,-6.57713
1.73614,3.10658,0.35075,0.0839,-0.20758
1.29957,-1.86883,4.94214,0.3623,6.15566
1.16787,1.2241,-2.58868,0.40308,-7.13507
0.28795,-0.21038,2.42106,0.0908,4.46326
1.00695,-0.04098,-0.67673,0.32839,0.61829
1.83447,-1.0959,-1.24035,0.11683,4.79889
1.48113,-0.98952,2.31529,0.44003,5.07114
0.29172,1.10761,4.55557,0.13446,-37.28339
1.79119,0.75903,2.55577,0.06489,-3.82092
1.688,-1.14038,-1.69877,0.21957,5.41244
1.18403,-2.39653,0.09892,0.07711,5.61213
0.24033,0.4916,-2.8286,0.09918,-14.41089
1.21237,1.50417,1.20239,0.16953,-8.2123
0.29826,0.36833,-0.97413,0.33036,-8.22508
0.77668,-3.11865,-2.71867,0.05843,0.55301
1.33204,-1.36775,-4.78907,0.14205,7.59679
1.84324,1.75037,4.25324,0.42918,-5.77384
0.84403,1.52398,-4.21179,0.13688,-10.80075
1.74804,-3.07618,-1.70691,0.08422,0.41386
1.85305,-0.18663,-3.09546,0.26681,1.22283
0.23788,-0.39384,-0.05873,0.01666,15.84246
0.63097,0.95681,-3.05055,0.40198,-9.62781
1.47775,-2.35632,2.36211,0.11123,4.5732
1.56232,0.76287,-2.75181,0.06643,-4.264
0.90635,2.80807,-3.14543,0.4041,-1.99607
1.38216,-0.80582,-2.83115,0.42138,5.74468
1.30189,-1.02192,-2.02437,0.36737,6.86716
1.53159,-2.96394,1.41831,0.1173,1.06095
1.49359,-2.78097,-2.90372,0.26349,2.66058
0.35457,2.71165,1.9685,0.48453,-19.1192
0.48485,2.98767,-0.69829,0.23888,-2.39253
0.43891,-3.10614,-3.02991,0.47482,8.26023
1.87846,2.51754,-2.59955,0.33818,-2.80241
1.84438,-2.04857,0.27334,0.4225,4.68932
1.63534,0.38553,-1.21371,0.0962,-2.21216
0.41009,1.11929,0.13723,0.46337,-21.90238
1.23369,-0.88556,3.1258,0.42667,5.28053
0.53702,0.18214,-4.54169,0.39252,2.87289
0.86309,0.80137,-1.06389,0.47061,-7.49229
0.68076,-1.92312,-0.84557,0.39444,14.24479
1.69208,3.10551,-2.49083,0.28837,0.0417
0.46001,-1.86057,-0.58121,0.32435,21.32728
1.36312,-3.07663,0.66633,0.41045,0.31997
1.97101,2.79152,0.84958,0.37458,-1.7889
1.4367,-0.4453,1.69833,0.2959,2.69764
0.34262,-0.63699,-4.23231,0.29904,27.81142
1.83413,-1.4095,-0.39992,0.44014,5.33149
1.35754,-2.97929,2.57613,0.00496,1.16081
1.02136,-1.47926,-0.44955,0.35898,9.71933
1.38745,-0.67041,1.56486,0.28283,4.16308
1.78228,0.12773,0.90449,0.41915,-0.8205
1.05883,-0.26613,-0.35281,0.10272,2.469
1.15638,2.38155,-4.21071,0.26267,-5.01749
1.01441,2.58446,1.33225,0.06382,-5.19604
0.33066,-1.14885,0.34513,0.32969,26.02483
1.61673,2.88747,-4.94315,0.38188,-0.80324
0.42754,2.29295,-2.93143,0.31177,-12.21789
0.91023,2.68691,-4.386,0.27739,-3.26483
0.89628,1.29642,0.70234,0.17169,-10.68591
0.70407,-1.89581,-4.84852,0.31989,16.33253
0.92451,-1.91494,3.42421,0.44975,8.18701
1.31242,2.56763,4.47454,0.36071,-4.99555
0.7605,0.04427,4.75579,0.01148,-0.66522
0.51052,2.45338,-2.73416,0.25436,-9.53662
1.76486,1.38574,-0.04859,0.36821,-5.45786
1.9475,-1.80634,3.91169,0.25208,4.63816
1.02545,-0.72408,1.87335,0.29568,5.81053
0.78864,2.93943,-2.01254,0.45579,-1.02273
0.28547,-3.01855,3.33952,0.43698,-13.68951
0.26633,1.34827,0.73936,0.04066,-36.3492
0.90719,3.00826,2.29985,0.25528,-2.1509
1.87444,-2.48722,4.69409,0.31116,2.76977
1.51528,-1.43261,4.97509,0.42602,5.48927
0.82868,0.29539,0.04822,0.13275,-3.45555
1.94248,2.15994,-3.43387,0.06993,-4.13522
0.97176,0.04092,1.19559,0.29858,-0.79095
0.69823,-2.76714,1.43853,0.23381,4.44904
0.96744,-2.34247,0.72145,0.12885,7.16861
0.58078,-0.77947,-0.77951,0.47146,12.9624
1.79415,-1.11501,0.8156,0.15878,4.86936
0.85011,-1.76131,0.3404,0.02764,11.31785
1.38434,2.13709,4.44693,0.0294,-6.04838
0.90028,-2.97269,3.376,0.10054,1.41294
1.82312,2.06933,-1.06311,0.05837,-4.70729
1.35629,2.64949,0.70867,0.19734,-3.49344
1.07885,0.81751,0.66053,0.04023,-6.65567
0.43786,0.7876,0.10718,0.28058,-16.03412
1.82345,-2.20529,-4.41934,0.2042,4.60424
1.18427,0.42925,2.12594,0.29896,-3.90073
0.7131,-0.7843,2.31271,0.49462,7.4674
1.78027,-1.70243,-0.15815,0.49595,5.48748
0.29799,0.52358,4.01573,0.20851,-25.88897
0.76534,-3.13411,4.83922,0.18353,-1.42037
1.16629,-1.40484,3.12913,0.34078,7.51178
0.81167,0.98044,4.27863,0.18384,-11.23453
1.05812,-0.28249,-0.12497,0.38914,2.62773
0.67577,-2.22651,4.14241,0.30082,8.77746
0.43415,-3.13331,4.35027,0.09974,-2.11495
0.26634,-1.44237,1.23567,0.20742,32.91653
0.48376,0.30825,-3.49279,0.43183,0.29262
1.9153,0.21706,-3.47692,0.27668,-0.8408
1.23573,-2.31804,-0.27694,0.35496,5.88788
1.08013,0.71438,2.35581,0.35493,-6.66691
0.89178,3.13483,0.01394,0.24108,-0.07857
1.47516,0.53323,2.9985,0.14775,-3.58399
0.45427,0.17366,2.69788,0.29817,-7.62951
0.69703,0.77053,-2.96392,0.05653,-9.45782
1.38062,2.38554,-3.67236,0.29869,-4.29929
1.06232,2.8023,2.05835,0.05137,-3.16717
1.58617,-2.88377,-1.7962,0.4509,1.89886
1.8148,-1.85358,4.31397,0.37194,4.70369
1.68207,-2.41423,3.68508,0.0906,3.75978
0.53157,1.71125,-0.48762,0.39233,-17.59588
0.36465,-2.85531,0.80506,0.36293,5.39959
0.50499,2.52983,3.47104,0.36422,-16.11399
1.61036,-3.01244,3.71369,0.16764,0.54452
1.8449,0.64432,0.56974,0.26137,-3.23766
1.86581,-1.4101,4.71913,0.29289,4.793
0.73679,-0.18495,0.20969,0.18849,2.37577
1.71261,-0.36514,-4.58892,0.2802,2.48378
1.16522,1.56384,0.62695,0.12201,-8.47512
1.68103,-0.0211,2.77007,0.43744,-0.30569
1.18706,-0.49498,4.84935,0.48017,2.27314
0.46261,1.44687,-3.94631,0.16337,-18.03074
0.3426,2.67542,-0.59463,0.1712,-12.00289
1.92299,1.84677,0.8665,0.10811,-4.93372
0.96644,1.48734,3.81464,0.43239,-11.88121
0.83094,-0.07714,2.1589,0.08168,0.65446
0.84135,2.51463,-2.68754,0.39943,-5.32421
0.88208,-0.086,3.59389,0.41616,-0.96705
1.90099,2.70357,1.64243,0.15811,-2.26069
0.31287,1.90332,3.95157,0.3884,-45.3166
0.41431,-2.19748,3.34374,0.22649,14.76669
1.62137,-2.84633,-3.70738,0.17423,2.00631
1.18894,1.51334,4.60471,0.44669,-9.69254
0.43137,1.16766,-0.45704,0.22676,-20.36166
0.26203,0.64144,4.82553,0.02761,-24.34239
0.60362,2.9923,-3.12993,0.31726,0.30805
0.66946,0.28528,2.93318,0.329,-6.27707
0.22558,-0.95567,-1.95108,0.31733,47.68264
0.58896,0.40819,-4.55195,0.18016,-4.2476
1.52897,-2.96308,4.9404,0.33931,0.42224
1.73978,0.49803,-1.96465,0.14555,-2.59909
1.81682,2.52854,-4.19481,0.23218,-2.81163
0.90185,-3.11439,3.60497,0.10835,-0.18436
0.77494,2.16961,-0.6798,0.30663,-10.10929
1.99975,1.89708,0.76452,0.40525,-4.72428
1.58481,-2.47493,4.84844,0.04883,3.73344
1.16723,2.1792,-0.19291,0.01351,-6.89448
0.65859,1.6559,-4.32901,0.38057,-11.04325
0.77835,-0.05626,1.91186,0.16144,0.19919
1.12766,-1.60087,2.10599,0.16191,8.42738
1.17575,-1.3314,-3.05792,0.28237,8.73029
0.22462,0.70544,0.45412,0.24337,-30.50709
1.92692,-1.59402,-1.30779,0.06078,5.11106
1.23609,-1.09732,-4.50078,0.38022,8.18324
1.26048,2.70704,-1.88398,0.08814,-3.17207
0.58065,1.44091,4.09533,0.41301,-21.76942
1.57698,1.4833,-1.99753,0.38217,-5.88999
1.52708,2.86473,-2.76937,0.08361,-1.65663
0.37128,-3.10519,4.40913,0.37911,-11.16387
1.27099,-1.60544,-1.17673,0.33047,7.95449
1.38475,0.99258,4.40559,0.49091,-7.06056
1.70402,-0.38785,3.80234,0.35591,1.71122
0.57096,-2.43282,-0.29535,0.19511,11.36025
1.77974,1.76704,-1.15038,0.31003,-5.29363
1.03067,-2.84583,-3.62282,0.33094,3.90291
0.37374,0.27552,-3.09384,0.37283,1.11685
0.39012,0.39247,-2.67557,0.23431,-5.49857
0.55605,0.85427,-0.29646,0.41385,-12.90715
0.70895,-1.15845,-1.27887,0.14347,13.04261
1.09353,-2.9933,3.00384,0.48167,0.11548
1.54775,2.44405,-2.03324,0.15522,-3.93951
0.53611,2.69677,-0.7548,0.01877,-7.82449
1.98677,-0.11317,-3.77293,0.10007,0.65324
0.49074,-3.01191,-2.2878,0.46372,6.99048
1.27888,0.50813,2.8302,0.39503,-4.41573
1.87209,-1.15655,2.071,0.21969,4.66709
1.69851,-1.995,-0.9778,0.45258,5.41711
1.3662,-2.08003,0.77473,0.12332,6.21823
1.48789,-2.0153,-0.41666,0.11678,5.97452
0.44157,-1.06286,3.95221,0.06448,18.10441
0.21739,-1.3784,-1.05309,0.22122,49.22232
0.98147,2.11382,2.22114,0.25706,-9.15016
0.36113,-0.02944,-2.81471,0.07257,2.3658
0.84395,-0.4546,-0.65903,0.0573,5.15713
0.60274,-2.22529,0.29331,0.19523,12.75482
1.84942,2.36179,-3.95353,0.11631,-3.59525
1.7841,-2.79713,0.87418,0.28713,1.77793
1.6741,-1.63657,0.74665,0.26217,5.77736
1.4851,0.76323,-3.41247,0.08124,-4.44051
0.47733,1.27117,4.9865,0.00664,-19.78146
0.28706,1.89222,-4.07507,0.32239,-16.48057
1.377,-0.56366,3.95303,0.38644,3.00066
1.35606,-0.96296,-0.08484,0.24414,5.94969
0.86496,-1.32857,-2.77295,0.28775,12.07692
1.05084,0.42785,-3.87201,0.48086,-2.18733
1.08047,-0.95105,1.9942,0.38385,6.73516
0.63187,-1.08012,2.5445,0.1669,12.62984
0.7655,-3.03546,1.73441,0.42515,0.09914
0.9531,2.81685,-0.80129,0.27425,-3.04211
1.28572,-2.76087,-3.27426,0.26097,3.35214
1.92047,-1.43966,2.89538,0.34594,4.79268
1.16927,2.64786,3.7123,0.21474,-4.55918
1.5161,1.47874,-1.08129,0.44039,-6.236
1.6526,0.49097,3.41218,0.08364,-2.90324
0.40431,1.01042,1.356,0.21096,-22.30229
1.37562,-2.53175,0.26978,0.03243,4.07977
1.0678,1.93929,1.10605,0.3527,-8.91254
1.23038,-1.57013,-3.92249,0.13515,8.32336
0.26915,2.86648,-3.74601,0.21271,1.09805
1.83119,-1.68782,2.26704,0.44318,5.02091
1.91501,0.78769,4.69947,0.09314,-3.74993
0.20627,0.28478,0.07804,0.00113,-13.36386
0.58302,-2.24245,-4.45999,0.28906,16.96402
0.52435,-0.86125,-4.31927,0.21877,17.63055
1.60635,1.76741,-0.32635,0.02748,-5.98588
1.27654,-1.80586,1.57665,0.14812,7.33016
0.5192,2.90822,-3.45123,0.11955,-2.83895
1.66515,-1.28501,-4.66965,0.13031,5.87188
0.83625,0.79622,2.29469,0.39483,-9.67979
1.02954,0.74686,-3.53868,0.15237,-5.96439
0.89715,-0.18361,-0.6182,0.24481,2.18443
1.13848,0.97616,2.34136,0.13276,-7.37749
1.06426,1.53044,-3.74705,0.47527,-7.63789
0.69425,0.74772,-0.57247,0.38711,-9.14838
0.9642,0.37696,-3.88545,0.21164,-2.86055
1.83501,0.66996,-1.52492,0.36349,-3.15503
1.10521,-0.61603,4.12433,0.15741,4.59713
1.8495,-2.69628,1.86133,0.04111,2.26232
1.19023,-2.13818,-4.76907,0.21526,7.67533
1.58387,0.67044,-3.65523,0.28229,-3.43702
0.72846,2.68401,-2.06179,0.17468,-5.27061
1.62274,-2.97986,3.95549,0.20077,0.67189
0.67578,0.27668,2.47086,0.35721,-5.89814
0.23519,-1.55784,1.17493,0.44772,32.19738
0.48931,0.38792,-3.47405,0.44705,-1.09701
0.23898,1.56864,4.28875,0.28785,-62.66667
1.90471,1.4794,3.08129,0.31475,-5.39621
1.99996,1.413,-2.60574,0.26641,-4.67061
1.57201,1.75253,-0.95674,0.18562,-6.06577
0.39463,-2.68537,-0.71616,0.36908,12.6491
1.8181,0.06018,0.87506,0.05562,-0.33924
1.5388,-1.49679,-1.2519,0.44701,6.59399
0.79804,2.64692,-2.89973,0.14186,-5.18993
1.1041,1.77738,1.6699,0.10941,-8.84601
1.39117,-2.46587,1.77555,0.137,4.28485
0.24329,-1.61323,-0.57614,0.40586,44.23633
1.10277,-0.28136,-0.13348,0.13445,2.48477
1.51831,2.90854,-4.4933,0.30477,-0.89815
0.53881,-2.4525,-0.43901,0.17158,11.83617
0.99882,0.42708,3.00398,0.3282,-5.0565
1.15855,-0.99722,0.91482,0.29581,6.91075
1.52402,0.91948,4.20699,0.49888,-6.02285
1.93602,0.93435,2.16513,0.15548,-4.16485
1.7269,-1.62991,2.77637,0.1749,5.50796
1.31873,1.79579,-0.41584,0.09938,-7.22769
1.25055,-2.56817,-3.26551,0.23195,4.74005
1.28574,1.99893,4.12185,0.41868,-7.98516
1.18132,-1.80977,1.59196,0.1055,7.94792
0.30685,0.56284,4.09475,0.4807,-37.96352
1.45693,-0.95938,1.17522,0.00658,5.50985
1.48941,0.68977,-0.45519,0.40257,-4.10877
1.12246,-1.46136,-3.65261,0.34581,9.68994
1.7667,0.43331,-1.02295,0.45263,-2.18313
1.41039,-3.09008,0.97553,0.26091,0.23018
0.8528,-0.78883,4.30764,0.34048,6.14521
0.23545,2.05076,3.29308,0.02471,-38.42514
0.30649,-0.23244,0.13142,0.19718,7.09704
0.83324,-0.00464,-0.52009,0.38535,0.34333
1.03179,0.76389,-4.66727,0.05449,-6.33796
0.50037,-0.41337,-1.48812,0.3912,10.20074
0.54079,2.30641,4.81318,0.15414,-15.98616
0.61438,-0.60743,2.41025,0.17649,7.98648
1.60492,2.78064,0.24749,0.32369,-2.18981
1.58832,2.36837,3.623,0.03908,-4.36996
0.88929,-0.49582,-4.76944,0.31231,7.13168
0.51026,-0.8432,4.57624,0.45686,6.32717
0.39964,1.10979,1.99669,0.04688,-22.57086
0.35683,1.60414,-4.86686,0.1265,-22.64149
0.9043,-1.97379,2.05532,0.00684,9.96191
0.28198,-1.62706,-4.16872,0.25899,48.31413
0.80054,-2.22266,1.39597,0.36548,8.9454
1.93076,1.63798,-1.99114,0.4632,-4.82203
1.11351,1.34713,-2.87908,0.18401,-8.16325
1.68076,-1.95373,1.28081,0.07438,5.38018
0.43268,0.23169,-0.65959,0.01454,-5.15496
0.68254,1.66026,-4.35477,0.1625,-12.79622
1.90378,2.80876,3.22343,0.25611,-1.91132
0.89039,-2.0199,-2.33877,0.45039,11.2537
1.36713,-1.22943,1.1821,0.10823,6.69312
1.95703,-0.95291,1.09361,0.39065,3.97433
1.19142,0.78526,-4.43839,0.24046,-5.06954
0.74962,-2.28445,4.97317,0.43377,6.05427
1.15751,-1.92624,-0.52339,0.43153,8.11392
0.29835,1.76204,-2.94643,0.42885,-18.08605
0.40227,0.26423,-0.63252,0.20067,-5.58464
0.21291,-2.13386,1.03062,0.1731,35.02754
1.79158,-0.701,-4.9696,0.10364,3.69214
1.4083,-2.29654,-1.99866,0.11421,5.32557
0.73699,-0.86274,0.3633,0.30811,9.90522
0.59809,-0.62707,1.94477,0.48097,7.00946
1.42954,-2.43718,-1.86694,0.30298,4.72075
1.85516,-2.76565,-0.9609,0.20616,1.99904
0.73845,2.39768,-2.78772,0.12121,-8.37634
0.77881,2.43566,-2.0696,0.32598,-7.05936
1.73763,-3.12539,1.87357,0.10547,0.02603
1.80808,0.88721,-1.62738,0.04669,-4.18334
1.84527,-2.55299,-2.2038,0.04677,2.98188
0.72768,1.94868,-2.0144,0.42523,-10.91245
0.41656,2.38486,1.12643,0.19113,-17.40885
0.992,0.73271,0.60817,0.47017,-6.90533
0.73238,0.71098,-0.93099,0.24837,-8.30997
1.79096,-0.80751,1.32316,0.34575,3.81523
0.26594,-1.57413,1.42794,0.41348,28.53938
1.34098,-0.00458,-4.8689,0.43724,1.2174
1.83113,-2.30142,-1.6094,0.08127,4.02894
1.95801,1.08212,-2.55711,0.10834,-4.35152
1.37024,-0.18795,3.29122,0.07505,1.20614
1.90986,-2.02569,-2.24564,0.22278,4.75131
0.33619,0.55489,-1.82704,0.07752,-14.1206
0.8467,1.8556,0.37787,0.32543,-11.29095
0.21569,0.55794,0.47399,0.18141,-25.92888
1.96613,0.18637,3.10974,0.48204,-1.31228
1.82491,2.18477,-1.12072,0.40829,-4.25643
0.25049,-3.07401,-2.18836,0.36214,15.27436
0.23264,0.73355,1.08243,0.34436,-35.11933
0.86055,-0.56742,2.28281,0.0198,6.06585
0.66537,-1.92538,4.92598,0.04184,13.36095
1.72448,3.01328,1.18299,0.21606,-0.81389
0.48887,-0.60436,-0.09266,0.45735,11.57981
1.62317,-1.03507,-3.66932,0.04701,5.26248
1.19803,-2.07968,4.86923,0.21007,6.43821
0.87931,3.12756,1.84992,0.39696,-1.10637
0.4623,2.23714,-3.34983,0.1599,-14.17473
1.99584,-2.70194,-0.40323,0.46469,2.13906
1.31238,0.41314,0.60302,0.46735,-3.16477
0.99089,-2.21544,-2.83123,0.02849,7.9955
0.86803,1.35579,2.32481,0.3082,-11.9922
1.83031,-0.10001,1.50338,0.07279,0.50245
1.67815,-2.448,-2.66253,0.22051,3.94569
1.66013,0.35839,4.89756,0.4489,-2.87043
1.30916,2.58035,4.48669,0.03668,-4.08428
1.79832,-0.9978,-2.34479,0.46868,4.92363
0.7387,-2.82237,-0.58188,0.49723,4.69786
1.46667,2.79732,3.94788,0.33512,-2.87254
0.92801,-2.25064,-0.93704,0.17814,8.41461
1.28,-0.15675,4.54821,0.12551,0.84804
1.99668,0.28071,-2.99592,0.2163,-1.19861
1.97214,-1.65193,2.24022,0.08991,4.90613
1.12271,-2.02684,0.99506,0.01003,7.83685
1.23295,-2.43072,-1.53815,0.03137,5.22332
1.81518,-2.70205,2.17793,0.33178,2.08041
1.97414,0.05106,-4.75789,0.01038,-0.24095
1.60149,2.14898,-2.6913,0.15073,-4.9717
0.31733,-2.34514,-2.38704,0.33819,30.11649
0.78075,1.26053,-3.8253,0.08739,-11.41646
1.81381,-0.54902,-4.66039,0.16614,3.05778
1.58303,-2.92027,-1.47052,0.01572,1.36957
1.53602,0.22602,-2.81725,0.05621,-1.36413
1.40226,-1.55818,-3.67133,0.11296,7.20619
0.94747,0.66133,-3.42689,0.06309,-6.11816
0.92583,-0.94673,3.26266,0.23603,7.70023
1.65608,1.04585,-4.05097,0.06347,-5.03227
0.7288,2.62953,2.24855,0.15259,-7.24119
1.4327,-1.60507,-4.46046,0.36178,7.62938
1.50718,2.7636,-4.59368,0.32693,-1.74101
1.7202,-1.85788,-0.57757,0.1915,5.5068
0.77579,-2.6974,-1.18147,0.46554,6.34781
1.5354,-1.93082,0.45749,0.39361,5.90321
0.39168,1.97868,2.02643,0.30359,-27.00119
0.44851,1.11562,-1.90189,0.21839,-17.58062
0.9512,2.95834,-3.05593,0.03002,-1.778
0.29941,1.31838,3.22117,0.20643,-39.14408
1.90586,-0.54895,-3.34693,0.27263,2.93705
1.82341,2.46572,2.98453,0.49551,-3.81043
0.28808,2.87851,0.87147,0.4758,-13.85221
1.70896,1.83252,-2.1063,0.05611,-5.50438
1.11597,0.35588,-1.85741,0.48963,-2.33248
1.46353,2.04685,-1.29371,0.37731,-5.72978
1.79648,-2.01662,0.9108,0.34097,4.83071
1.23855,2.51547,4.79627,0.45178,-6.05401
0.40939,3.13882,-1.81727,0.16253,1.69588
0.20464,1.03761,4.41868,0.19965,-62.34906
1.09446,-1.91079,-2.94853,0.43547,9.52219
1.90862,-2.23407,-3.87042,0.052,4.10534
1.23072,2.88659,0.32114,0.35458,-2.08586
0.87129,2.33328,4.76481,0.40491,-10.6832
0.25566,1.5625,-0.15136,0.44253,-37.34521
1.84696,2.8219,2.99915,0.10959,-1.7656
0.78888,0.02139,-0.27454,0.33962,-0.11611
1.4686,2.43628,3.50002,0.04286,-4.39989
1.44963,-2.11856,3.12741,0.43048,5.13648
0.65699,-1.99297,1.86192,0.2409,12.58161
0.3148,0.07755,1.15411,0.31208,-6.04888
0.893,-1.05237,0.18143,0.42569,9.44512
0.77084,-0.42399,4.56759,0.25301,3.29078
1.46046,1.87363,0.5738,0.25433,-6.47982
1.67561,-2.80602,-1.62862,0.23233,2.06272
0.6004,1.3876,3.82217,0.30035,-19.25021
1.15082,-2.58723,1.60035,0.35866,4.05384
0.2731,2.18341,0.58173,0.40258,-32.52923
0.58566,-1.87302,1.82171,0.0149,15.91201
1.57117,1.47616,-1.51128,0.17404,-6.10927
1.62812,0.5773,-0.79147,0.21626,-3.22383
1.59753,-0.71866,-3.04405,0.04935,4.10177
0.4563,-1.46061,3.55021,0.37581,14.96068
1.19186,-2.78057,1.65592,0.26144,2.60266
0.96088,-0.92124,3.24262,0.00094,8.127
1.98468,-1.88163,-1.82609,0.31569,4.85235
1.37733,-2.28763,4.95437,0.16951,4.92688
1.88336,1.49853,-1.4279,0.36343,-5.04887
0.46163,-1.80632,-1.46287,0.08985,21.28084
1.01157,-1.73945,4.60635,0.0006,9.55746
1.58889,-1.00228,1.55065,0.04341,5.17628
0.86214,-0.23466,4.33442,0.2202,1.36156
1.33852,0.08616,1.23142,0.374,-0.88775
1.12106,1.03387,-2.53525,0.30196,-6.91017
1.98547,0.5562,-1.09263,0.00748,-2.60653
0.51297,-0.11508,3.58912,0.2958,-1.83868
1.88363,-0.66639,-0.10538,0.24109,3.22653
0.92283,-1.47161,2.0898,0.39827,9.60079
1.04239,1.31911,-3.33471,0.12833,-8.72072
1.15148,-1.14667,-1.00231,0.35947,8.03636
0.67766,2.19648,3.39457,0.31589,-14.06895
1.93458,0.54137,4.4101,0.3115,-2.98014
1.84068,0.8416,-1.75699,0.20278,-3.86914
1.95123,0.05523,-3.27427,0.00642,-0.27201
1.99446,2.6927,-4.76579,0.09382,-2.02214
1.40564,-0.49263,-3.72616,0.42212,4.09677
1.01303,-0.45887,3.35668,0.30842,3.28049
1.73132,2.46938,-0.44316,0.28907,-3.48569
0.24285,0.65915,-2.08379,0.26285,-15.45289
1.70193,-0.31951,2.7566,0.03847,1.77388
1.09511,-1.49445,2.93446,0.17383,8.50652
1.4118,-1.60193,-1.3784,0.30957,7.15932
0.87328,1.89397,4.01368,0.06278,-10.98233
0.86352,-1.38566,-0.36888,0.4605,11.39411
0.25709,-3.10554,-2.38769,0.03632,2.68752
0.96282,-3.01932,3.99756,0.33989,-0.22297
0.93504,3.00589,-3.47049,0.15062,-0.82146
0.60462,0.37597,4.95944,0.43184,-11.81588
0.64518,-0.06896,1.13252,0.41342,-0.07708
1.25145,2.62559,4.15347,0.16661,-4.3096
0.77199,-0.93188,-3.21164,0.23106,11.44593
1.69445,1.85352,-1.10889,0.47956,-5.37441
0.40049,1.39367,3.73251,0.30395,-31.18473
1.23976,-0.14391,3.37101,0.003,1.1282
0.48808,1.72556,3.71851,0.38862,-25.92504
1.15083,2.92657,-2.19541,0.18066,-1.51934
1.19458,-1.88114,1.17618,0.13792,7.7061
1.35614,-3.03158,-1.10401,0.41607,1.04399
0.96936,2.01976,-1.79226,0.48376,-8.19442
1.11705,-0.60578,0.20128,0.03102,4.99551
0.52571,0.27899,2.15053,0.19518,-6.65747
1.03343,-1.74382,0.18518,0.13986,9.32669
0.87145,2.14752,-2.69502,0.44888,-7.8433
1.39904,1.38988,3.07493,0.43385,-7.57911
0.98268,2.84859,4.77789,0.45056,-5.11266
1.60281,-0.1555,-1.37121,0.02133,0.95927
0.96679,2.99435,3.49253,0.02505,-1.58234
0.62439,0.06821,3.63863,0.2757,-3.64394
0.69264,0.76292,-2.39479,0.08345,-9.37068
0.28151,1.09407,2.05307,0.05633,-32.42131
1.17185,-0.06427,4.38417,0.13018,0.12203
1.69559,0.39446,2.39856,0.3547,-2.51938
1.5844,-1.73851,-4.69978,0.33583,6.73346
0.98802,-0.8648,1.04519,0.3926,7.13522
0.55302,1.26916,2.78451,0.03138,-17.22386
1.75427,-2.89662,1.18137,0.38321,1.20915
0.30221,1.25923,-4.7126,0.24531,-18.24039
0.9186,-1.23291,-3.79831,0.1565,10.7799
1.74191,-1.4336,3.01622,0.30514,5.27551
0.90772,1.21572,-0.11947,0.39977,-10.07521
0.41218,-1.79105,4.57977,0.05194,21.82544
0.67871,2.90084,-0.85018,0.40365,-2.70128
1.28005,3.08303,3.21708,0.28472,-1.00759
0.47366,-0.26326,-4.64507,0.31003,11.80838
1.37888,-0.61941,3.41015,0.43948,3.34208
0.98869,-2.64499,3.59058,0.35499,3.42343
0.8019,1.7481,-1.37924,0.29176,-11.41586
0.63367,-2.11917,-1.90548,0.16801,14.00869
1.68199,2.72092,4.09909,0.25516,-2.75148
0.91401,3.08249,2.77705,0.41828,-2.02445
1.52926,-2.37247,0.97949,0.4978,4.25307
0.99264,1.14986,-0.63655,0.37808,-8.7758
0.36536,-0.21368,4.12087,0.39508,-6.50263
0.99291,0.25853,2.47222,0.34971,-3.40285
1.11384,-2.01329,-0.83164,0.38348,8.21617
1.02412,1.40442,-0.0328,0.12159,-9.44292
1.66924,-2.09473,-4.01568,0.21192,5.394
1.83953,2.42091,3.10745,0.278,-3.77444
1.6162,-0.28919,3.41702,0.27473,1.37154
1.24901,0.8474,-1.44358,0.29863,-5.6109
1.17461,2.65019,-1.90346,0.48677,-3.2693
1.36031,1.49502,-2.47766,0.42764,-6.61832
0.71809,0.25665,-3.26541,0.41392,-0.84671
1.66132,-0.61149,4.47785,0.41519,2.71637
1.74233,-0.23791,2.59033,0.39667,0.98847
0.68099,-0.9948,-0.66594,0.3396,12.56881
1.82507,2.80346,-3.89829,0.12827,-1.63297
1.72772,-1.55284,-3.60563,0.42788,6.19394
0.96408,-0.56959,2.09788,0.13987,5.17188
1.8362,1.74813,-2.96919,0.36244,-4.93959
0.41679,-0.85237,-1.52126,0.05549,18.20557
0.25038,2.42915,4.57009,0.27364,-45.56101
0.82616,-1.61432,0.81198,0.1594,11.67333
1.21778,-2.94465,3.08347,0.35223,0.84392
0.8326,0.80897,-3.96119,0.42764,-6.08181
1.89572,0.05186,-1.69614,0.00776,-0.26457
0.65848,2.72098,3.95607,0.05716,-6.60462
0.70618,-0.48297,3.10463,0.46276,3.57055
1.34269,-2.28965,2.2345,0.11964,5.35008
0.20695,-1.06974,0.87405,0.36539,34.11812
1.5096,-0.67097,-2.3106,0.40627,4.45228
0.87945,0.52233,0.85481,0.37028,-5.97438
1.95995,-1.41686,-4.4924,0.01605,4.96482
1.44455,0.31613,-2.97706,0.36771,-1.58666
0.29399,2.56383,0.18265,0.48079,-19.24055
0.36673,-0.47922,-4.98023,0.1844,19.1622
0.3587,0.95234,-2.67773,0.35513,-14.89225
1.91472,-1.70338,-3.47752,0.13823,5.20962
1.43129,1.89329,-1.54487,0.49873,-6.12451
0.96969,-1.4472,3.58353,0.10417,9.64246
0.56087,0.50142,4.47419,0.15278,-10.58026
1.77255,-1.25508,-3.34942,0.08395,5.35035
0.5628,-2.71809,-2.68925,0.47759,11.21809
1.47202,-1.13309,3.46877,0.28571,5.57866
1.57398,-1.80936,-3.27324,0.12349,6.21923
0.73038,2.46724,2.41316,0.06725,-8.69063
1.10885,-1.46925,-4.14522,0.4374,10.2761
0.60138,2.98089,1.48305,0.03133,-2.73868
0.88207,-0.04809,-2.343,0.32163,1.50321
1.93724,-1.7526,2.49561,0.30506,4.77758
1.44765,-0.6827,0.19373,0.3859,4.23958
1.72391,-1.98906,-3.21105,0.34092,5.56838
1.17308,2.09659,-0.97771,0.41824,-6.93587
0.63027,-2.3878,0.14353,0.01902,10.64572
1.48318,2.34694,4.95977,0.21515,-5.20504
1.10102,-2.85309,-0.19638,0.04048,2.5416
0.51833,-1.2591,-3.4876,0.20261,20.6444
0.94237,-2.26266,0.55228,0.28041,7.84184
1.34271,1.16406,-2.79787,0.29689,-6.24931
1.5236,0.07742,3.79566,0.46238,-1.25403
0.6378,2.76045,3.34068,0.46086,-9.50621
1.7768,-0.84081,-3.71353,0.15489,4.29649
0.88319,-2.88556,0.88375,0.34953,2.4169
0.68805,1.64405,1.96507,0.35635,-15.69872
0.55122,0.49952,-2.48336,0.47858,-4.61328
1.64751,2.05734,1.26375,0.04197,-5.28301
0.8375,-0.46409,-0.37311,0.30858,5.40716
1.07012,1.49654,-0.17921,0.20363,-9.11008
0.60108,-2.06676,0.51291,0.17366,14.10776
1.43496,3.13862,0.70137,0.30875,-0.1255
1.60586,-2.05054,2.09798,0.13977,5.30557
0.81097,2.0722,-0.47572,0.01793,-10.59473
1.90114,-1.8068,2.22636,0.3889,4.77746
0.2551,1.77505,-0.14064,0.0434,-37.56246
0.4393,2.26982,1.62816,0.1641,-18.47835
1.25982,2.3665,-2.3689,0.29746,-5.00509
1.46253,-0.15257,0.41701,0.31187,0.95857
0.65123,-0.44728,-0.32004,0.33313,6.76673
1.19733,2.09727,-1.97804,0.49725,-6.39765
0.7731,0.49945,-4.37688,0.20069,-4.60766
1.19736,0.762,0.10191,0.06875,-5.66113
1.38679,-1.65834,-4.90245,0.06897,7.22263
1.95105,-0.33831,-1.1017,0.25512,1.74259
1.02025,-0.82028,-1.29345,0.19187,7.27038
1.36679,1.03875,1.33753,0.45658,-6.51217
1.24047,-1.90705,4.87429,0.25547,6.65617
0.7716,-0.59218,3.58001,0.22598,5.73766
0.65552,2.19115,4.75084,0.43118,-16.94407
1.97817,0.29183,4.50937,0.39805,-1.88546
0.57233,2.48842,-4.25887,0.35694,-5.7756
1.6225,-1.68058,-2.18053,0.26368,6.22825
0.46386,-0.3776,-2.03012,0.11734,8.90441
1.64783,0.00262,-4.28979,0.28374,0.43269
0.53431,-0.62475,3.46651,0.05788,10.03593
1.94088,1.15921,3.95329,0.26841,-4.91397
1.43478,-2.20716,1.04974,0.42572,5.28189
0.36221,0.1219,3.90991,0.25751,-10.9673
1.44772,-2.26966,2.14369,0.03424,5.15264
1.28652,0.81177,-0.59446,0.01566,-5.52654
0.80758,2.07501,-3.50136,0.43024,-8.32586
0.66932,-3.01595,4.58497,0.11214,0.68898
1.49377,-0.27058,1.92279,0.26285,1.52885
1.53445,-0.04584,-1.45816,0.38839,0.53352
0.78897,1.3839,-3.714,0.12661,-11.462
1.77721,-2.67211,2.9897,0.36872,2.1483
0.68389,-0.59049,3.02015,0.03765,7.74341
0.32576,1.79373,0.43009,0.37431,-30.88638
1.27976,0.20197,4.99957,0.03199,-1.63536
0.39273,1.56983,-1.1358,0.13857,-23.95873
0.698,-0.85445,4.42065,0.12835,9.43547
1.11294,2.63949,1.30262,0.44571,-4.71091
0.71545,-2.65562,2.36422,0.26724,5.16999
0.58699,-2.56879,4.17077,0.42154,3.95534
1.46573,0.17898,3.31151,0.29114,-1.64029
1.1846,-0.18332,-2.11332,0.40345,2.11723
1.71157,0.87002,3.67235,0.27567,-4.72645
1.24623,-1.70239,0.39709,0.22496,7.74616
1.0702,-1.72142,-4.55171,0.32899,10.37013
0.67026,1.5652,1.73818,0.14322,-15.19
1.62572,-1.30838,-0.00302,0.45937,5.8282
0.55437,1.42812,0.36624,0.45407,-18.05713
0.63601,0.88409,-0.88475,0.03637,-11.84861
1.71486,-2.61803,-4.35915,0.45839,3.53959
1.53415,1.32657,-3.19787,0.09093,-6.08112
1.30317,2.38457,2.56455,0.34064,-5.68421
0.27006,1.98955,-2.65771,0.41155,-18.18943
0.42906,-3.08591,1.27727,0.12062,0.43555
1.09992,0.24953,0.4186,0.05633,-2.22197
1.54341,2.59707,-2.78602,0.37809,-2.85028
1.03538,0.62031,-2.19429,0.22121,-5.05478
0.23113,-1.31742,-1.16432,0.24334,46.39275
0.53169,-1.91923,3.80186,0.38093,12.2189
1.25978,1.16206,4.41306,0.1269,-7.49847
1.44959,1.70434,-1.13245,0.04858,-6.68099
0.26017,2.59235,-4.53849,0.47887,12.42366
0.278,2.54919,1.00898,0.34983,-24.27057
0.67036,-1.00983,-0.82424,0.32607,12.98927
0.3503,0.65268,-0.07685,0.16647,-16.90323
1.1755,-2.50373,-0.5805,0.49785,5.17865
0.42266,-2.54807,1.54574,0.11127,12.01824
1.36679,-2.69254,-1.9556,0.08905,3.20899
1.59901,2.68383,3.92631,0.15914,-2.95575
1.94693,-2.18383,-0.78751,0.36948,4.19794
1.90713,-0.11105,-1.58339,0.11851,0.62163
0.69206,-0.42052,4.22945,0.15638,4.4058
0.25294,-1.101,-1.41857,0.26481,40.45409
0.79294,0.23707,-4.16927,0.32497,-0.75065
1.47526,-3.12406,-3.44664,0.07461,0.23475
0.30764,-0.75304,2.14295,0.32732,14.39554
0.84748,-0.12979,0.62326,0.19053,1.33277
0.73646,1.90572,0.34617,0.17308,-12.69077
0.59482,1.26269,-4.18009,0.03951,-15.24892
1.47104,2.19762,-3.35924,0.48698,-4.64504
1.38637,-0.77724,-1.03786,0.34656,5.14965
1.16389,-2.25626,-0.51994,0.04994,6.54401
1.83939,-0.62168,-1.23418,0.18312,3.17291
0.38565,2.90949,0.02744,0.04003,-5.85866
0.46944,-1.79493,2.33548,0.27077,17.50498
0.89021,-2.04357,1.35704,0.35007,9.21161
1.38059,2.79185,1.11285,0.02828,-2.45129
1.25134,2.82695,0.57779,0.46108,-2.5963
0.33328,-2.20391,-2.99072,0.18707,28.76708
1.92516,1.69302,1.04636,0.1174,-5.0908
0.74912,-0.44144,-3.41544,0.06493,5.99009
0.84615,-0.04891,2.12915,0.07281,0.35029
1.32253,-0.00824,-0.47712,0.4249,0.17704
1.9013,2.94287,0.81461,0.24002,-1.07271
1.39284,-1.98133,3.62795,0.39922,5.71135
1.91859,1.71571,-1.26903,0.11354,-5.02039
0.53766,-3.10594,-4.00238,0.15898,2.85139
1.31386,0.80808,3.91397,0.20631,-5.86582
1.69198,0.9593,-1.35016,0.22726,-4.64012
1.11624,1.59408,-0.93476,0.04884,-8.74938
0.85191,2.6764,-2.03977,0.0225,-5.10244
1.97257,1.59489,-0.79831,0.49795,-4.86961
0.45378,1.4586,0.20971,0.33327,-21.82203
0.93967,-1.547,3.43311,0.02738,10.33037
1.77207,3.0966,2.2016,0.38628,-0.51979
1.82087,-0.19849,0.13281,0.18056,1.05515
1.96469,-0.51868,2.63847,0.39823,2.20306
1.79273,0.0118,3.47792,0.4749,-0.57847
0.29172,-0.66566,-4.41851,0.01329,21.45774
1.87358,0.58834,0.92229,0.48215,-3.03255
0.9707,-0.94484,-4.56732,0.08288,8.59173
1.37291,-1.63397,-1.91884,0.14862,7.28242
0.9097,2.68917,2.62416,0.31347,-5.70811
1.6646,2.68813,2.91285,0.35796,-2.95807
1.23665,-0.02359,3.83827,0.08512,-0.0265
1.72198,2.90376,-0.01762,0.06841,-1.34179
0.54879,-0.52956,-4.15862,0.14327,11.00842
0.53297,-0.70762,-3.73215,0.1628,14.10357
0.99268,2.6195,-2.55691,0.15911,-4.51544
0.20855,0.83514,-1.27817,0.08566,-32.35674
1.44714,1.64945,0.26561,0.4854,-6.81952
0.7329,-0.54825,1.45937,0.39904,5.89212
1.20314,-0.58433,-3.37496,0.49001,5.64033
0.32601,-2.61818,-3.11031,0.05183,16.55765
0.50716,2.93264,-3.2701,0.03779,-3.53202
1.32115,-1.70928,2.54937,0.26799,6.96286
0.75019,-0.03602,-1.97912,0.30723,1.55136
0.5865,-2.42148,-3.33289,0.31758,14.10764
0.61192,0.92334,-0.68624,0.04663,-12.7015
0.58667,-0.68565,-2.52484,0.4219,13.68246
1.32113,1.68177,-1.30701,0.24486,-7.19642
0.50184,0.17831,3.24014,0.18407,-5.83526
0.85287,-2.32805,-1.66103,0.25222,8.93498
1.4382,-3.07411,-3.25141,0.02023,0.49177
1.12461,-1.80674,-2.67547,0.10754,8.70885
1.27511,1.40961,-4.65643,0.49925,-6.16396
0.65163,2.06412,4.01129,0.27628,-15.86941
1.87889,-0.99692,1.96968,0.03927,4.36285
0.94498,0.22572,-0.36639,0.14642,-2.26335
0.71654,-1.63354,0.60865,0.09239,13.55442
1.82779,2.3904,-2.45909,0.46235,-3.32283
1.37952,2.92298,-0.96312,0.40311,-1.33821
1.3051,1.58927,-1.80164,0.27345,-7.22613
1.79612,-2.5831,3.24543,0.47589,2.41548
0.30537,-0.3951,2.43425,0.18643,7.498
1.70782,3.08194,-2.1612,0.43248,-0.022
1.42016,-1.70033,2.62248,0.23377,6.54586
0.84799,1.07111,-4.06066,0.42432,-7.75797
0.66143,2.75558,-2.9743,0.45034,-2.52239
0.38865,1.71659,-3.93621,0.23148,-18.94119
1.89393,0.68399,-2.61754,0.089,-3.20805
0.45544,0.04213,-2.73806,0.09619,0.36249
0.66699,2.69432,4.00555,0.14443,-7.6617
1.44399,-0.66141,-1.7261,0.11147,4.26515
1.47827,2.52125,-1.44782,0.19413,-3.72907
0.48938,-0.43321,-4.00249,0.25334,12.64869
1.66544,1.61192,-4.34018,0.04356,-5.81721
1.11852,2.61201,-2.80612,0.45482,-3.41051
1.72722,0.3182,-3.65454,0.00122,-1.77542
0.35711,-1.19456,-1.5539,0.06915,26.39132
0.27709,-2.82123,-3.13956,0.00421,11.32066
1.34658,1.94314,-3.21829,0.49326,-5.91045
0.47004,0.76661,1.47537,0.20533,-15.84888
1.14491,-1.48883,4.42106,0.09801,8.20903
0.2254,2.37135,-4.87518,0.05934,-24.61189
1.60387,2.64084,2.05556,0.18521,-3.08441
1.81915,2.43264,1.59198,0.48795,-3.74555
1.70999,0.63786,0.85054,0.27436,-3.49597
1.92504,2.99445,1.92298,0.17711,-0.83904
1.82557,2.35497,0.08699,0.18227,-3.80914
0.99923,-2.48651,4.26918,0.05867,5.73027
0.91703,3.02288,-3.41775,0.2585,-0.21637
1.81313,0.30666,-0.26449,0.2121,-1.61624
1.86849,2.63916,1.53038,0.36443,-2.68802
1.9511,1.63577,4.08699,0.09597,-5.12035
1.58297,0.92719,-0.12564,0.06867,-4.95393
0.56358,-1.08905,4.76996,0.29073,11.05938
1.90092,-2.97176,1.56483,0.371,0.71159
1.90485,-1.40281,1.99213,0.24875,4.94093
1.39904,1.16754,3.18207,0.39502,-7.09173
1.7431,2.28152,2.33918,0.42054,-4.58909
1.21012,-3.12685,0.22627,0.45831,0.0487
1.89943,-1.83485,2.72617,0.18909,4.84281
0.36909,1.08742,-4.64267,0.45217,-8.12345
1.75513,-1.35946,4.32767,0.35453,4.9669
0.29991,-2.25125,3.2315,0.31246,14.19937
0.81039,-2.62677,1.37661,0.27689,5.37996
0.44359,0.86632,-4.31246,0.00986,-16.6346
1.06244,0.59602,-2.05076,0.28017,-4.67423
0.61804,2.25324,-2.46372,0.3895,-9.80557
1.91373,-1.16341,-2.42975,0.49418,5.03445
1.20678,-2.28256,1.72102,0.21656,5.89949
1.81592,1.87965,3.76138,0.49508,-5.71134
0.70051,3.06736,1.8163,0.08554,-1.35521
0.24676,-0.8772,-1.1124,0.4791,39.32252
1.59618,2.29556,4.69236,0.29483,-5.14418
1.46428,1.64962,3.62582,0.33128,-7.23896
1.18188,2.58607,1.85418,0.28684,-4.75825
1.66762,-0.47518,-1.02534,0.49142,2.8725
1.71215,-2.5051,1.83827,0.02215,3.3917
1.25823,-2.39794,-0.92005,0.20523,5.39749
1.93867,1.65372,-3.44813,0.43762,-4.6413
1.49548,2.28288,1.18835,0.08355,-5.01014
1.41838,-0.27007,1.98102,0.2848,1.56485
0.85056,-2.7673,-1.50696,0.26179,4.76218
0.20407,-2.72247,4.29308,0.40372,-22.05642
0.6337,0.61952,3.5426,0.45913,-13.03911
1.57506,2.63029,0.82853,0.12942,-3.09081
1.47777,-0.63094,-4.39764,0.34657,4.6139
0.79584,0.94637,-4.82784,0.27384,-7.91317
1.32605,0.26394,1.39886,0.33139,-2.19366
0.55152,2.44892,3.13806,0.10019,-12.39251
0.67453,2.08845,0.00353,0.13634,-12.63905
1.90533,-1.88905,-4.76512,0.27492,5.25102
0.94373,1.11554,-3.55171,0.00147,-9.33034
0.64098,2.18343,-2.88755,0.35821,-10.00381
1.07679,2.70334,1.27756,0.08078,-3.9551
0.89663,0.56503,-0.1394,0.46565,-5.7775
1.51315,-2.03631,-3.97793,0.4303,6.54089
1.93181,0.36588,0.01674,0.31168,-1.81823
1.26513,1.04187,3.69493,0.44553,-7.72308
1.26406,-1.42949,-0.60885,0.49362,7.87142
0.8567,2.97196,-3.50238,0.38748,-0.08413
1.21634,-1.70069,0.78008,0.31332,7.83206
0.77479,2.5846,4.29386,0.22464,-8.30008
0.20197,-0.4701,-3.8409,0.40678,60.30578
1.75897,-3.13811,-3.43592,0.35222,0.41056
0.973,0.27199,0.66843,0.23632,-2.87546
1.08576,0.80604,-1.60003,0.25002,-6.18001
0.3503,2.32078,3.95561,0.11447,-24.18076
1.7068,0.25487,2.12764,0.3943,-1.73704
0.50661,-2.55016,-3.52912,0.43917,16.83532
0.93912,2.68175,3.70718,0.00824,-4.67065
1.71248,0.41064,1.42292,0.05595,-2.31394
1.02401,-1.43551,-0.06366,0.49562,9.52255
1.87607,2.5061,-2.43454,0.08905,-3.04219
0.57677,-2.38187,1.49711,0.36826,10.05684
1.48742,-2.52909,3.98486,0.24042,3.35873
1.9604,0.21997,-4.61524,0.26068,-0.77884
1.1893,0.78467,-1.2485,0.05419,-5.78051
1.44593,0.06886,4.3566,0.06892,-0.61043
0.90781,2.69544,-1.17091,0.28896,-4.25236
1.55241,-1.49024,-4.6413,0.18881,6.66236
1.83597,3.08024,-3.98556,0.39873,0.14382
1.4655,-3.02002,1.9076,0.48599,0.38016
1.88467,-2.39682,2.00121,0.40616,3.29924
1.25957,-1.97495,-3.84955,0.20296,7.65332
1.23885,-2.6416,-2.80784,0.24109,4.23741
0.74833,-0.38819,0.63873,0.07834,4.87264
1.47733,2.2957,1.86533,0.34785,-5.26802
1.78751,2.01539,-3.4321,0.22368,-4.71428
1.36337,1.53785,-0.43618,0.42869,-7.09091
0.61947,-3.09504,0.62035,0.32601,0.20995
1.1794,2.2978,-4.50296,0.08527,-5.93877
1.56069,-0.65032,-2.76244,0.20549,4.03865
1.89085,1.45542,4.18896,0.33847,-5.55021
0.48187,1.42577,3.79982,0.42896,-27.16401
0.42949,-2.0262,-1.77517,0.1754,22.20094
0.9433,0.09673,3.67977,0.33475,-2.38871
0.4261,2.67777,1.32552,0.0868,-10.93329
1.96477,-1.48881,4.81622,0.45236,4.41181
0.96375,1.35106,4.66219,0.28758,-11.3778
1.1605,2.87802,1.16938,0.3843,-2.53603
0.60876,-0.87568,-0.32161,0.19843,12.54802
1.00843,-0.70602,-3.57719,0.47027,7.96588
1.97245,-0.29806,0.30351,0.36005,1.43246
1.07964,1.94175,-1.01701,0.07683,-8.40131
0.21588,-0.38149,1.45607,0.27509,8.32319
0.63655,-0.08642,-4.10509,0.13588,2.70675
1.96122,-1.74473,3.34918,0.41668,4.5637
1.98032,3.06836,4.67114,0.39141,-0.82865
0.57889,2.46523,-2.90637,0.24727,-8.4631
1.30748,0.62992,1.32784,0.15096,-4.53711
0.33843,2.89378,3.01938,0.42634,-18.34877
1.23939,1.17494,0.54409,0.42524,-7.45368
0.42666,2.88465,4.35437,0.25262,-11.88581
1.67359,-2.12663,0.11867,0.35863,4.96404
1.89123,-1.725,-2.29453,0.14275,5.21711
0.51138,2.42017,-0.284,0.17442,-12.48036
1.03288,-0.50344,-0.12134,0.47203,4.6358
0.38368,-0.80954,-2.46289,0.36814,24.6699
0.81045,1.59804,2.86953,0.03606,-12.2574
0.31718,0.81886,1.17747,0.22887,-25.26843
0.67618,-0.97973,-1.29632,0.19787,12.60756
1.9824,-0.64176,-0.78344,0.11549,2.98525
0.28029,-0.57564,-1.28299,0.49747,27.17739
1.74614,-2.34783,-0.52101,0.0679,4.01729
0.33941,-1.69926,0.28095,0.15713,28.28133
1.15219,0.23581,-1.69073,0.42436,-1.44872
1.01382,1.77077,3.18157,0.06614,-9.6882
1.8768,-0.50863,4.28367,0.18807,2.31675
0.55829,-0.73292,0.228,0.3171,11.52409
0.52343,0.94572,2.11363,0.16845,-16.49763
1.54769,-2.15354,4.30539,0.20441,4.92497
1.5063,-0.74927,-3.0806,0.27506,4.80925
1.45853,-1.83383,-3.10277,0.47634,7.18939
0.24703,0.95282,-4.27389,0.43545,-1.86948
0.66793,-2.43559,-0.57897,0.05598,9.60169
1.71181,-0.32784,-1.68853,0.28471,2.00936
1.28154,0.60433,0.60534,0.32665,-4.46995
1.28395,2.09654,-0.48931,0.16288,-6.56028
0.73265,1.4109,-3.09806,0.1321,-12.45652
0.66831,2.78259,-1.0882,0.29887,-4.42908
1.9038,1.13021,-4.71103,0.20749,-4.39107
1.50996,-0.94757,0.37385,0.45253,5.20125
0.42836,-1.68563,-2.2894,0.08178,23.77085
1.88787,-2.78607,-3.87641,0.02054,1.83106
1.24827,-1.39746,-4.34143,0.44981,8.9944
0.80005,-2.28175,2.14449,0.44806,7.79005
0.91485,-0.82168,-2.52659,0.20839,8.48151
1.50573,1.27284,1.58797,0.37694,-6.49206
0.87729,1.20659,3.15509,0.42286,-12.18214
1.24174,-1.14249,-0.00014,0.12745,7.1866
1.4789,0.05374,-3.66947,0.32722,0.19272
0.55167,-1.77958,1.14548,0.36857,16.00884
1.89963,0.0187,-4.28392,0.17875,0.11562
0.84111,0.06335,3.17144,0.473,-2.85868
0.95487,-1.24849,2.6154,0.48358,8.35747
1.45733,-1.51131,-0.97917,0.24336,6.8318
1.29581,3.01326,-2.30905,0.038,-0.91666
0.99222,0.23325,2.09554,0.45948,-3.26335
1.36954,0.39004,0.6721,0.26149,-2.81725
1.82509,-3.09262,-3.54908,0.06941,0.33708
1.64051,-1.99905,2.59187,0.36605,5.08728
1.68367,-0.90087,-1.66025,0.34358,4.76849
0.66514,2.92784,3.93847,0.06993,-3.75115
0.95493,-2.04052,3.29468,0.13743,8.66389
1.19687,-1.23597,-2.24187,0.43213,8.41746
0.27954,3.07975,-2.44746,0.48479,13.0146
1.58563,-0.1187,-1.0211,0.20263,0.81493
0.78223,-1.14098,3.04483,0.06729,11.06543
0.70867,0.8442,-3.69346,0.17599,-9.05238
0.66673,-0.02323,-1.83949,0.25381,1.39211
0.71008,2.87424,1.59108,0.15021,-4.12375
0.80843,-2.61886,-4.66509,0.30565,8.23995
1.28868,1.82557,-4.441,0.00396,-7.3561
1.25042,-1.38804,2.62171,0.40824,7.0302
0.66028,1.92686,0.22343,0.42233,-14.14184
0.57156,2.18479,0.57602,0.39175,-14.71934
1.68744,2.19423,-2.51136,0.15172,-4.58606
0.3669,2.30402,0.31784,0.31619,-20.61301
1.12308,1.37054,0.45006,0.18261,-8.62549
1.13701,-2.24684,-0.86229,0.19464,6.86004
1.23345,-2.81548,4.64423,0.35455,1.46565
1.79417,-1.0005,-4.50736,0.42177,5.19297
1.32305,-0.03098,-0.85072,0.4155,0.43158
1.95254,-1.24017,3.57487,0.11554,4.64376
1.76844,1.52183,-2.9373,0.32901,-5.23161
0.58653,1.39765,4.34997,0.13353,-18.16383
0.63413,2.96519,-0.74509,0.31422,-2.13261
0.82059,-0.62472,-3.43401,0.1836,7.92828
0.90473,1.79528,-4.069,0.39498,-8.60751
1.19539,1.5155,-1.7293,0.46873,-7.62672
0.61852,3.0709,4.19724,0.14499,-2.71093
0.60022,1.71918,4.39096,0.43441,-21.45898
0.8865,-1.35984,0.63264,0.37,10.5228
1.40964,-3.04563,-3.8181,0.28301,1.21057
1.43863,2.94157,-0.43408,0.26248,-1.2998
1.95701,1.3576,-0.8224,0.15965,-4.86498
0.56435,1.96417,-2.68932,0.10164,-15.19697
0.90715,1.84251,-4.23968,0.04169,-10.20259
1.93642,1.48133,-1.18426,0.35622,-4.93328
1.44202,1.58006,-1.28145,0.11122,-6.73414
1.2661,2.69837,2.0398,0.24769,-3.63805
1.17136,2.60194,-1.05774,0.44491,-3.96036
0.33592,-0.75884,-4.86866,0.33555,34.57217
1.80807,-2.94706,-4.79981,0.08462,1.17309
1.32591,-2.89855,1.87515,0.36723,1.38886
1.229,-0.33528,1.60786,0.10742,2.51204
1.1711,2.10474,-3.39648,0.38995,-6.24503
0.90545,2.18411,3.66225,0.03886,-9.03342
0.6584,-0.60074,1.62623,0.07085,8.15634
1.55958,-1.24651,-3.45945,0.4671,6.62666
1.11722,0.04148,-2.12387,0.14014,-0.12564
0.26109,2.08943,4.73663,0.07532,-37.8655
0.91837,0.85763,-0.92254,0.10745,-7.96118
1.87149,-2.26317,-2.63228,0.18055,4.17051
0.87301,-0.86561,0.2413,0.41881,8.42426
0.94382,0.34825,-2.94448,0.07626,-3.2949
1.32313,0.24041,2.91717,0.00788,-1.77846
1.64301,2.07743,2.94302,0.4325,-5.6922
1.40323,2.71542,3.00843,0.14983,-3.11895
1.7301,-2.51036,1.17269,0.03846,3.33112
0.40515,-1.7316,1.94045,0.01388,23.73693
1.86427,-0.6776,-1.78597,0.44979,3.53008
1.82706,-1.27927,3.78888,0.26157,4.84584
1.13447,-0.57623,-3.55838,0.30525,5.55553
1.32454,-2.88573,-2.45513,0.30803,2.30544
0.58306,-2.72682,4.92687,0.2611,2.99624
1.00631,2.12599,4.60397,0.38463,-10.033
0.56487,-2.49705,0.07621,0.45304,10.3264
0.23956,2.03622,-0.00892,0.32054,-36.54467
1.96563,-1.21572,-3.8318,0.42194,5.09791
0.66646,-1.19868,1.5965,0.00481,13.69482
1.26759,-2.50858,-4.68968,0.24009,5.279
0.74045,-3.05826,-1.85654,0.30202,2.12553
0.86712,-0.90925,-0.81609,0.10062,9.0359
0.91597,2.10711,3.93985,0.08015,-9.58262
0.80308,2.63866,4.68453,0.06812,-6.38261
1.34732,-2.75464,4.73998,0.14241,2.37581
1.92969,-2.94739,2.98837,0.41171,0.65067
0.97154,-2.14382,-2.10003,0.01382,8.51521
1.95199,1.67315,-4.54649,0.30121,-4.63993
1.40204,-1.85428,-0.74382,0.03408,6.7306
1.29285,-1.69137,-2.02604,0.2966,7.89235
0.62679,2.4438,1.5519,0.1261,-10.55452
0.31326,2.35587,-1.28942,0.07867,-21.1172
1.73348,1.06996,3.90756,0.23292,-5.26696
1.23317,-2.11106,-1.25967,0.11555,6.91781
0.94594,-0.74676,-1.22004,0.18913,7.30226
1.66154,-1.65765,2.59119,0.31653,5.58482
0.75904,1.07974,0.90027,0.46811,-12.12841
1.61051,1.75886,-2.44712,0.30891,-5.69239
0.79033,-2.24854,1.7669,0.25353,8.952
1.85759,2.50043,0.62994,0.2785,-3.20958
0.68234,-0.23357,-3.95941,0.23605,5.33497
0.4476,1.85358,-0.32736,0.28141,-20.58673
1.45657,-2.81714,4.18704,0.28509,1.58439
0.49313,-0.87599,-2.88206,0.2461,18.19856
1.90885,-3.04872,-0.85383,0.39419,0.56897
1.38,1.37278,-2.2405,0.19537,-6.73993
0.61555,-2.64239,0.3692,0.05427,7.5766
0.57587,-1.01608,4.75113,0.32153,9.87422
1.86298,1.77028,-1.90146,0.39805,-4.94327
1.29414,1.5643,3.32835,0.39001,-8.3552
1.80872,0.88147,3.38296,0.12607,-4.31569
0.39841,1.21907,-2.40584,0.32351,-18.21221
1.86571,0.95021,2.72607,0.49929,-4.66867
1.13609,0.88766,4.88122,0.05228,-6.89493
1.40316,-0.94465,4.54021,0.26138,5.0623
0.87118,-2.96462,1.0574,0.15269,1.76967
0.30645,-0.36552,-3.48261,0.39561,26.11257
1.92435,-2.85596,-3.80658,0.16236,1.60328
1.99028,-0.19561,-2.33179,0.36679,1.17394
0.85618,-0.2257,1.01313,0.08023,2.45323
1.89896,-2.01865,-1.13774,0.03348,4.66706
0.50191,1.78607,1.99021,0.05205,-19.50553
0.47843,1.28309,2.87778,0.13015,-21.29791
0.3316,0.3741,-3.19578,0.42476,1.53398
0.90428,2.67606,4.05294,0.07522,-5.24259
0.29414,-1.33714,-4.39427,0.0167,33.29269
0.91038,-1.4952,-2.35072,0.42673,11.95524
0.4491,-1.98903,3.148,0.18744,17.03524
1.51495,0.27922,-3.16268,0.29437,-1.37905
1.70005,-1.8513,-2.79862,0.0419,5.58546
1.43807,2.31784,4.75656,0.45367,-6.04852
0.56089,-1.22956,4.12364,0.25222,13.17557
1.58033,-0.05698,3.12759,0.04478,0.29744
0.6491,0.18542,-3.26199,0.31691,-0.33277
1.56708,-1.20859,-2.44862,0.18278,6.03614
1.22132,1.49803,-2.64832,0.1767,-7.69734
0.86008,1.20683,-3.10876,0.20411,-9.80094
0.35029,1.63872,4.70447,0.25406,-37.68207
1.68952,0.66552,-3.33972,0.30966,-3.22295
1.89138,-0.25018,2.46713,0.07321,1.23364
1.39865,-0.32096,-4.48985,0.37718,3.07845
1.93617,1.36053,0.43806,0.01357,-4.95668
1.8814,-0.77261,-4.2915,0.34959,4.06339
0.5503,-0.39421,-4.38246,0.09165,8.17321
1.51618,-2.11322,-2.69768,0.22341,5.80365
0.82875,1.12865,4.25603,0.28078,-12.4387
1.07753,-2.65826,1.3883,0.32369,3.84395
0.48254,3.08198,1.51402,0.39552,-3.78301
1.9546,-2.23846,-2.02344,0.2581,4.0779
1.50705,-0.73527,2.23616,0.44006,3.93315
0.68043,-1.64757,1.81552,0.47753,12.50226
0.86865,-1.31533,-0.38315,0.48802,11.1747
0.96047,-1.11556,1.82605,0.15978,8.85728
1.54556,1.37185,3.67135,0.01609,-6.24674
1.86626,-2.03104,4.60381,0.3579,4.23646
0.77859,-1.48373,4.96594,0.12595,11.52019
1.0505,-2.5057,-0.11688,0.38384,5.58673
1.26777,-1.05897,-4.67247,0.0025,6.75363
0.90802,2.7724,-2.70822,0.38859,-2.62223
1.10753,-0.7533,-3.03151,0.03507,6.14568
0.39027,1.74257,-1.99461,0.43967,-19.00857
0.50181,-0.24062,-1.39498,0.32566,6.46268
0.92198,-0.31667,1.68677,0.08086,3.15298
1.84689,2.03557,0.25689,0.25391,-4.76731
0.82884,-2.97308,1.49745,0.2526,1.43443
0.64963,2.29265,4.7184,0.43952,-16.24863
1.53715,-0.09294,-4.50928,0.26617,1.10023
1.90843,-0.9354,-4.85601,0.27524,4.50409
1.02642,2.55622,1.65505,0.1595,-5.53117
0.21549,-1.00619,0.46254,0.36425,34.83078
1.43867,3.00146,-0.17251,0.02515,-0.95031
0.94711,2.74171,3.53328,0.48398,-5.93877
1.41256,-1.45818,-3.41124,0.30313,7.41906
0.69989,-1.00152,0.73619,0.42283,11.17051
0.20433,1.96141,4.31927,0.39053,-84.79356
0.82009,-1.91254,-0.54146,0.10908,11.35813
1.46863,1.45739,0.79916,0.14454,-6.69036
0.9076,-2.33011,-4.30001,0.13901,8.56523
0.59451,-1.84974,-1.50817,0.11276,16.34425
1.03521,0.00318,-4.58602,0.00795,0.00392
1.55423,1.54492,0.72376,0.41348,-6.43359
0.41498,1.50437,0.90474,0.26893,-25.00047
1.44515,0.68438,4.5084,0.29559,-4.92955
1.40122,-1.43186,1.38406,0.24585,6.76027
0.86733,-0.5317,-4.97017,0.06218,6.14527
1.94661,-1.59458,3.33234,0.21805,4.84636
1.81047,-1.40104,-1.70344,0.14682,5.4169
0.76909,-1.11072,2.14272,0.44603,9.81324
0.25596,0.62108,-2.35971,0.3506,-9.67467
0.75495,-1.83724,2.60225,0.08133,12.16443
0.5685,-2.87412,4.27491,0.35096,-0.08153
1.18505,1.20923,-4.20681,0.27418,-6.92154
1.85374,-3.00458,0.44362,0.04084,0.71754
1.76661,2.95803,0.40402,0.03478,-1.01812
0.75049,-0.94068,-2.13562,0.07372,10.84072
0.97148,-3.10024,-1.58326,0.40525,1.0973
0.26578,2.41642,1.76161,0.41497,-34.83062
1.17949,0.62709,-2.07389,0.30409,-4.4271
0.31406,1.99423,-4.69373,0.00781,-28.10533
1.88949,-0.40825,2.69186,0.15856,1.94165
1.76048,-0.9162,1.25193,0.20045,4.33954
0.58554,0.97508,-2.49545,0.14219,-12.83302
1.45886,-0.59061,4.61541,0.29056,3.11451
1.22244,0.35317,3.98428,0.03111,-2.85855
1.64244,-1.39598,4.64376,0.00998,5.86458
1.05617,-1.05152,0.12236,0.29393,8.03161
0.54519,-2.62517,-2.64834,0.13227,10.06325
1.35172,1.76791,-3.26171,0.34326,-6.50412
0.3445,-0.9497,4.48524,0.3888,8.46432
1.25226,2.98451,3.90829,0.30553,-1.98699
0.58287,-1.50948,2.40937,0.49485,13.28951
1.43289,-0.15675,0.10515,0.32146,1.0523
1.69048,-1.22188,-1.15592,0.38638,5.6097
0.39714,1.21847,2.03445,0.32051,-27.31817
0.92048,1.93752,-4.90471,0.40272,-7.61757
1.52034,-0.08161,0.24278,0.1953,0.50552
0.49467,-0.83612,1.7866,0.21718,13.13027
1.21974,1.53782,2.5376,0.16759,-8.32416
1.40931,-1.93865,-0.48919,0.28824,6.56619
0.83863,0.62497,2.45139,0.18732,-7.49687
1.69757,1.46791,-4.04158,0.49393,-5.05556
1.11918,-1.44972,-2.66725,0.3015,9.34317
1.32859,0.97829,-3.55387,0.16785,-5.7872
0.45357,1.47797,-1.60162,0.25408,-19.55716
0.24169,-2.40384,-1.55807,0.39031,37.71222
0.29135,-1.10642,-1.2606,0.40306,36.09126
1.82706,-0.5887,-0.34175,0.31855,3.01406
1.78876,1.73389,-0.63666,0.00117,-5.41125
1.65366,0.42415,-0.09528,0.43431,-2.42626
0.5593,-0.31691,2.52597,0.4549,1.79275
1.14583,-1.13869,-3.57983,0.43582,8.9629
1.63301,-3.11607,-1.49293,0.33556,0.34114
1.4144,-3.01455,-4.99865,0.01355,0.91265
0.40794,-1.63082,-4.71771,0.47539,37.48143
1.81197,-2.4084,1.06421,0.0339,3.61228
0.48923,-2.39021,3.76002,0.07474,12.51434
0.50923,0.64553,-1.9409,0.31395,-9.24004
1.82182,0.6626,-0.98104,0.2309,-3.24425
1.07231,-2.86028,-2.90124,0.37738,3.49194
0.87121,0.59021,-3.572,0.31657,-4.77691
1.19658,-2.22539,3.84098,0.00209,6.49811
1.96652,-0.77141,0.7212,0.32141,3.4178
0.41533,3.07677,2.04875,0.42911,-6.62627
1.56251,0.13826,3.81891,0.42607,-1.53178
0.80179,-2.92678,0.88393,0.0787,2.49985
0.41069,-0.95719,-3.19716,0.17368,22.82147
0.95948,1.07378,2.13317,0.05976,-9.12575
1.18776,-1.7304,2.47806,0.37574,7.4943
0.57073,2.91822,-0.86051,0.31378,-2.97864
0.92949,-0.46939,1.16814,0.24222,4.44666
1.34422,-3.0091,-0.1545,0.14988,0.97693
1.23761,0.25488,-1.67001,0.39355,-1.56947
1.50169,1.10703,1.72416,0.39572,-6.14519
1.70553,-0.27652,-2.52548,0.24559,1.78352
0.93645,2.69028,-1.72529,0.06221,-4.44659
0.96134,2.52541,-0.94311,0.23268,-5.65994
1.09405,-2.26848,1.1462,0.44803,6.44244
1.21944,-2.63926,3.52204,0.29204,3.18156
0.39498,-1.1793,1.14917,0.377,20.18048
0.76274,0.67942,2.26081,0.14733,-8.65392
0.50941,0.63834,-2.07343,0.17158,-10.10403
0.89453,-1.43481,0.87415,0.05856,10.80137
1.95204,2.83435,-3.96148,0.1714,-1.34169
1.24892,-1.21057,-0.36728,0.08481,7.37064
0.97289,1.91134,1.89879,0.26949,-10.04496
1.21869,2.08589,-3.20277,0.1969,-6.58056
1.40434,-2.52311,4.02097,0.41788,3.19821
0.98292,-1.68042,-0.82807,0.19136,10.08462
1.00588,-1.7895,1.71142,0.10617,9.34077
1.46252,2.63675,-0.30106,0.04212,-3.23835
0.30955,-0.93554,2.32258,0.12629,22.44759
1.17215,2.11411,0.84303,0.34868,-7.37804
1.18519,-0.13812,-3.77428,0.31312,1.98091
1.56215,-0.2688,4.24714,0.30997,1.12828
1.96876,2.53477,1.60061,0.42909,-3.0187
1.63236,-0.37133,-0.27928,0.1264,2.19389
1.10682,1.53845,1.76605,0.2354,-9.19795
0.50502,-0.47515,-2.39104,0.08409,9.67483
1.25887,-2.50153,2.68961,0.1094,4.46852
1.70174,-2.80799,-0.88775,0.18546,1.94451
1.87835,-1.83318,3.05034,0.35354,4.73827
1.68556,1.39655,-2.25947,0.41685,-5.40039
0.54014,-0.79388,2.9028,0.15361,11.42255
1.48264,-0.28835,4.06692,0.19888,1.51362
1.78428,-2.50148,4.80821,0.44383,2.61356
1.42583,0.77307,2.7671,0.39012,-5.33567
1.43435,1.90662,2.04013,0.34517,-6.79954
1.10029,0.78341,0.19942,0.20357,-6.32541
1.34656,3.04492,-3.94266,0.17053,-0.33239
0.72989,-3.03892,0.59854,0.36171,0.97119
0.35986,-3.04314,0.63253,0.04666,2.45174
1.68989,4e-05,-4.35266,0.27173,0.41397
1.89766,-1.4677,1.90626,0.0304,5.12598
1.74228,1.17188,-3.51058,0.31167,-4.82801
0.80104,1.84229,0.96612,0.28421,-12.22584
0.36835,-2.49797,-0.27367,0.0299,16.04209
0.70425,2.62221,3.75054,0.20993,-8.50143
1.7171,-2.95358,-2.67756,0.09622,1.1552
1.38047,1.18378,-3.28793,0.39906,-5.89219
1.94005,-0.7257,0.51171,0.45664,3.29377
0.81683,1.05205,-0.39757,0.15734,-10.33615
1.19265,-2.52813,-3.38702,0.01466,4.77031
1.62207,2.74626,1.13712,0.44883,-2.52311
0.62119,2.74832,4.05817,0.42226,-10.49277
1.93536,0.1219,2.40254,0.39842,-0.87191
1.26632,0.06022,-2.90443,0.17819,-0.1435
0.21422,0.84702,-2.61594,0.03985,-32.0429
0.24528,0.50309,0.57561,0.48744,-23.94707
1.78799,0.27361,1.77517,0.24671,-1.61953
1.36151,0.5604,4.78995,0.17831,-4.29054
1.57353,2.25334,-3.9518,0.38861,-4.21747
1.61123,0.69785,0.46345,0.33535,-3.97219
0.95683,-1.91113,4.87374,0.02093,9.55314
1.6375,2.60069,-3.89103,0.4792,-2.38939
1.88756,-1.78467,4.72569,0.27803,4.71
0.50991,-2.10385,-0.37822,0.09412,16.70647
1.57545,3.12311,2.1739,0.00798,-0.1221
0.75403,-1.80066,-0.74729,0.27612,13.0309
0.77869,-2.51269,3.41044,0.29702,5.74038
0.94296,0.3896,4.08518,0.04981,-4.1803
1.7547,2.05582,-3.33335,0.27246,-4.65093
0.2397,-2.75988,2.47242,0.21586,5.95639
0.98107,-0.06218,-4.7926,0.21881,1.71088
1.42409,-2.71118,-2.2314,0.48763,3.41079
0.39875,-0.44805,0.52343,0.14794,10.17072
1.62606,-0.98043,1.03205,0.44208,4.83927
1.89542,-2.27998,-1.34734,0.17226,3.99234
0.36368,2.70818,-2.29562,0.08975,-9.77045
0.47531,0.84752,-3.2835,0.07613,-14.36555
1.95338,2.15549,-2.60287,0.47032,-3.867
0.55614,2.55062,-3.69773,0.01165,-9.68885
0.34209,2.70293,-2.38834,0.10958,-9.94328
1.91395,1.55895,3.21279,0.17024,-5.27448
1.80672,-1.21298,-2.12478,0.3284,5.29959
1.38031,2.06674,4.07689,0.1879,-6.65291
1.19258,0.12681,-2.54771,0.01021,-1.02207
1.85462,-1.43474,-0.08036,0.25848,5.24665
1.37994,-0.7177,-3.3243,0.44223,5.44733
1.38511,-1.24895,-4.82905,0.44329,7.83456
1.71863,-0.21235,1.2554,0.4958,0.99226
1.37584,1.76768,-1.62234,0.1712,-6.84571
1.10662,-0.09508,-1.54925,0.06123,0.91908
0.9015,-1.45859,-0.92248,0.03477,10.85291
1.10564,-2.59242,2.7776,0.43355,3.64627
1.14046,2.23528,-1.00258,0.37411,-6.48324
0.8495,-0.51919,-4.13593,0.31379,7.52823
1.00661,-0.36491,-2.21246,0.24838,4.0202
1.64337,1.65701,0.76129,0.22867,-6.01173
0.94972,2.1974,4.93487,0.24698,-9.71826
0.24601,0.07003,-3.56853,0.18192,7.93689
0.70943,0.83169,-1.76548,0.23734,-9.38728
0.61714,-1.63893,-0.14407,0.10516,15.89893
1.62845,2.73361,4.44644,0.05888,-2.48885
1.00873,0.42676,-3.91578,0.10565,-3.61891
0.70456,1.37982,2.93822,0.48548,-16.54404
1.65927,-2.42397,2.22955,0.49534,3.48673
0.23459,0.8603,-1.93562,0.37576,-18.48315
0.51365,-0.82341,2.73754,0.4186,9.66494
1.68852,-0.31376,0.74874,0.05178,1.77955
1.19117,1.14456,-3.2864,0.06151,-7.35624
1.59257,1.86188,-2.1426,0.04633,-5.86159
1.70872,-0.94647,-1.7166,0.0316,4.67669
1.89553,2.34512,-1.76971,0.37367,-3.51577
0.31416,-1.76564,2.46365,0.0282,29.93093
1.63862,0.3952,1.60295,0.47452,-2.58814
1.47578,-2.19116,3.19855,0.32702,4.92844
0.57265,-1.32418,0.10796,0.08544,16.58457
1.87706,2.48444,-1.49468,0.40876,-3.01911
0.92756,-3.06898,-4.32249,0.41185,2.8364
1.7977,2.61136,2.94392,0.28194,-3.0166
1.2892,-1.07818,-4.25231,0.04549,6.82098
1.14815,1.23022,-1.98535,0.20039,-7.75165
0.48714,-2.56531,1.68884,0.27427,9.02145
1.84579,0.88763,2.6417,0.3719,-4.41042
1.20199,2.57272,-4.31487,0.14925,-3.95068
0.21097,0.34684,1.07618,0.43658,-26.36341
0.23291,-0.86632,-3.62861,0.12537,40.47824
1.59974,1.8446,2.5724,0.4991,-6.4055
0.49149,1.33659,2.29853,0.05753,-19.96239
1.27773,-2.40211,2.48058,0.41647,4.54125
1.42595,1.04113,-4.36242,0.06611,-5.79514
0.70286,1.03456,0.59425,0.37966,-12.45494
1.22476,1.58287,-2.5915,0.43115,-7.26426
0.63247,-1.15418,-0.04192,0.15646,14.20037
1.90337,-0.62029,4.89411,0.05067,2.92743
1.74831,2.8905,-4.09527,0.49995,-0.72428
0.71848,0.46154,0.94052,0.48553,-6.96511
1.15187,0.05344,-3.35,0.37841,0.50055
1.10114,3.05897,0.10051,0.19325,-0.75129
1.92804,-1.69924,0.209,0.0672,5.04237
0.90925,-0.64128,-0.43774,0.20903,6.56495
1.21201,1.6329,1.39616,0.36017,-8.42071
1.87167,1.33895,4.74193,0.07618,-5.20419
0.49306,2.93237,3.05219,0.0084,-4.23795
1.19087,0.9695,4.58524,0.45202,-8.25423
0.39021,-1.17436,-3.10547,0.34999,30.32863
1.3115,-0.64307,4.93229,0.34692,3.49061
0.85823,-2.57791,-1.94836,0.47359,7.36011
1.94174,2.66231,-4.65834,0.26035,-2.00808
0.94774,-2.33315,-0.63764,0.15904,7.59888
0.44514,0.28716,-2.53803,0.45471,-0.41764
1.7012,-0.61955,2.62121,0.49291,2.90202
1.67756,-2.29824,-4.13059,0.01023,4.38258
1.45075,-1.30067,0.48003,0.16534,6.47911
1.54786,0.83924,-2.10603,0.1812,-4.55688
0.67649,-2.94523,-2.93267,0.05561,3.1856
1.3557,2.9279,3.75639,0.11079,-1.76101
0.26844,2.57042,0.15505,0.01223,-19.78315
0.5544,-2.61003,-1.74555,0.34821,10.94671
1.8781,2.31443,2.46118,0.05345,-3.88174
1.53062,-1.07712,3.5319,0.44381,4.9748
0.61521,-2.71745,-0.57912,0.29199,7.00909
0.40049,-1.21823,-3.17876,0.17808,26.51762
1.90806,1.9408,4.94338,0.40444,-5.34259
0.40194,1.04195,-1.41024,0.32534,-18.23263
0.66273,-1.64268,-2.94496,0.37651,17.28885
0.52874,1.37713,-3.96691,0.43889,-11.97905
0.21343,1.30578,-3.76146,0.40383,-11.01313
0.76544,1.52594,4.43043,0.38957,-15.74905
1.95352,0.25545,4.4666,0.36492,-1.69601
0.81543,2.00399,0.07933,0.18874,-10.94176
1.10775,0.88821,1.92135,0.32592,-7.38188
1.54268,-2.35369,3.32642,0.28285,4.11244
1.19194,1.9494,0.57455,0.48172,-7.84222
1.53846,-1.1073,1.66981,0.25047,5.52702
1.39094,1.28827,4.66974,0.11091,-7.04085
1.29541,1.10038,-3.27464,0.22886,-6.30372
1.36937,-1.03099,-3.61216,0.20733,6.54462
1.6385,-2.1257,2.53032,0.23426,4.86802
1.47834,1.22496,2.03328,0.29052,-6.51319
1.62519,2.19298,-3.14048,0.47401,-4.34146
0.46208,2.12517,-1.97585,0.14054,-16.75008
1.41981,0.79485,1.85255,0.48456,-5.37694
1.52664,-1.71275,-0.05635,0.38979,6.37067
0.73994,-1.15479,3.93475,0.09146,11.46977
1.77424,1.59987,3.37155,0.14022,-5.67697
0.74848,-0.56012,-0.1288,0.45466,7.0679
0.6389,1.46082,1.66864,0.40067,-16.89972
1.76077,-1.19726,1.43461,0.07168,5.15406
0.64464,-3.10189,-4.07921,0.29228,3.47312
0.9479,0.65025,-0.74408,0.1385,-6.15051
0.86226,0.63408,-0.60119,0.31488,-6.48555
1.81651,0.80145,3.97367,0.08679,-3.98402
1.01942,-1.45653,3.85281,0.17596,8.90799
1.44976,1.95452,-4.42365,0.19426,-5.86571
1.62927,-0.07875,3.45169,0.26885,0.12407
1.33023,1.64863,1.11682,0.11966,-7.42788
1.89865,0.69802,-4.83774,0.36387,-2.83242
1.64451,-0.52734,-1.18348,0.40463,3.17904
0.92037,1.12863,3.8809,0.31999,-11.0997
1.91146,0.4711,-1.41766,0.45154,-2.15412
1.14423,0.0673,1.76447,0.39525,-1.10922
0.24064,0.93343,0.65663,0.02201,-33.01221
0.66802,-2.60162,0.8986,0.04236,7.46447
1.31911,2.57775,-0.192,0.32998,-3.93813
0.48227,-1.03621,-0.17658,0.36094,17.77742
1.25132,-1.72981,4.02645,0.48395,6.49633
0.85088,1.70775,-0.86184,0.00167,-11.41936
1.16189,-1.68878,-3.08588,0.11848,8.65524
0.20337,3.11501,-0.80269,0.41588,6.78887
1.72716,-0.49956,2.32913,0.44577,2.37283
0.85147,-1.27785,-0.24758,0.23222,11.10976
0.45229,-2.75163,2.32097,0.24188,5.5012
0.98825,-2.87893,-2.60216,0.42681,3.71469
1.07512,-2.54381,0.82761,0.22998,4.97076
1.34732,-3.10997,3.64326,0.39371,-0.55997
1.14421,-1.08643,0.293,0.47437,7.48119
0.27834,-1.19095,1.36819,0.13092,30.42011
1.76872,-0.43925,1.78807,0.1372,2.28022
1.02172,-1.67809,2.3968,0.4693,8.46876
0.33858,-2.74738,-1.4971,0.21215,13.89908
1.59109,-2.69447,1.26847,0.00786,2.66192
1.38828,-1.99713,-0.83832,0.25124,6.54306
1.36899,-1.1524,-1.09041,0.30838,6.72719
0.96845,-2.21173,-0.24798,0.12237,8.15164
0.93889,-0.84749,-0.92186,0.36371,8.21273
1.16541,2.65289,-4.74131,0.11647,-3.54535
0.29107,-1.49789,2.41995,0.05982,31.90491
0.73812,-2.08351,0.84339,0.12468,11.38852
1.97821,1.03532,-3.6242,0.26695,-4.01766
1.39195,-0.0573,-2.38692,0.42789,0.93073
0.95408,-2.84469,1.11035,0.26467,2.68533
0.60025,1.80835,0.18017,0.42449,-16.0964
1.54138,1.35304,2.23421,0.03209,-6.24432
0.66852,2.99895,-0.10768,0.18629,-2.04112
0.49227,2.75396,3.44636,0.21759,-10.62735
0.47813,0.52935,-4.22545,0.40086,-2.95137
1.51267,1.16881,1.13188,0.30532,-6.11926
1.35706,-0.56859,-1.28449,0.39252,4.16609
0.32565,2.44081,-1.93157,0.16928,-16.34135
0.40708,0.33181,4.43642,0.46702,-20.35311
1.34092,-1.09609,3.63807,0.40683,5.68378
1.22801,-3.08196,-3.16284,0.45774,1.43618
1.4348,0.54318,-4.42563,0.1314,-3.2514
0.52047,0.15981,3.67255,0.00328,-3.0438
1.50786,1.95958,-3.30703,0.30774,-5.57277
1.88497,-1.96661,4.2825,0.24629,4.50509
1.28189,1.98172,-2.2268,0.38948,-6.48788
0.55303,-3.04556,-0.88346,0.04875,1.84162
1.42318,0.54861,-4.55016,0.29772,-2.92586
0.81755,-0.6481,0.37531,0.09945,7.18777
0.28872,-1.05859,-3.11264,0.2573,39.22495
0.74421,-0.41911,-0.68924,0.07916,5.46285
1.83005,-1.73673,4.19406,0.45617,4.71561
0.94005,-1.9891,-2.47427,0.09164,9.79244
1.7564,1.91704,1.34919,0.28754,-5.37958
1.11559,-1.71055,-2.9801,0.0028,8.71457
1.13056,1.48894,1.09847,0.07822,-8.71528
0.20939,1.32802,-2.10846,0.24967,-33.47005
1.34679,-2.93173,1.81564,0.02048,1.49693
0.39406,2.39435,2.70623,0.27139,-21.64831
1.06175,1.81807,3.80676,0.09217,-9.26968
0.66857,1.86025,4.18595,0.36327,-17.46468
0.90629,1.9427,-2.58698,0.43415,-8.71696
1.16674,0.5187,-3.71006,0.37927,-3.1346
0.22604,3.1,-4.51483,0.0317,0.99633
0.71225,-2.01595,2.20358,0.24817,11.35299
1.9813,-2.68709,-3.13108,0.05559,2.21802
0.30332,1.28282,3.00167,0.20453,-37.6834
0.77491,-1.29473,4.64818,0.41977,8.93085
0.77856,0.68005,-3.52035,0.02058,-7.80388
0.88289,-0.68046,-2.16669,0.12583,7.34034
1.43261,-1.046,0.24065,0.41329,5.87768
0.64594,2.47085,-0.69451,0.20296,-9.10199
1.02848,-2.24911,-0.74058,0.11768,7.50923
1.36075,-1.95416,-2.82894,0.47471,7.41118
0.78018,1.05458,3.89215,0.07787,-11.43341
1.90779,1.77563,1.81589,0.3943,-5.2313
1.96341,2.08737,-3.46132,0.08904,-4.26452
0.41541,-1.68924,-4.95561,0.48153,37.2776
0.81888,2.40089,2.62683,0.39304,-9.62375
0.57435,0.68833,-4.84142,0.13821,-8.82163
0.53622,2.03084,3.80417,0.49181,-22.89942
1.08376,-2.71106,0.29426,0.05723,3.7635
1.21489,-0.89916,4.30086,0.4298,5.06859
0.96617,0.15623,2.71857,0.34971,-2.59824
0.6906,0.48354,3.94344,0.08694,-7.32298
0.70152,-2.51911,2.43818,0.27319,6.79996
1.98583,0.2429,0.76617,0.00596,-1.1893
1.86262,1.03978,-3.2694,0.28656,-4.27146
0.33662,-0.86962,2.27647,0.2911,16.41931
1.38179,0.00464,0.92307,0.20426,-0.13173
1.02238,-1.30334,-0.45342,0.41221,9.43293
1.43987,2.32792,0.58591,0.46537,-5.0834
1.27453,0.62333,-2.67744,0.26688,-4.05318
1.80065,0.32216,-0.95573,0.33698,-1.62562
0.32058,2.79198,-3.75802,0.07293,-7.81508
0.82928,1.0363,-0.9023,0.49905,-9.52485
1.97389,-1.38341,-0.33068,0.42896,4.91929
0.52811,0.89066,3.57772,0.47451,-20.52922
0.4292,2.90047,0.2718,0.38903,-6.03206
1.51215,-2.99357,4.08869,0.16146,0.66807
1.59938,0.79539,4.67918,0.11084,-4.58301
1.41009,-2.15617,-4.51012,0.25552,6.37829
1.59715,1.98837,0.97143,0.0413,-5.63014
1.4487,0.88395,-2.00766,0.27591,-4.97218
0.44439,2.74569,3.51326,0.18496,-11.80376
1.2948,1.06549,-0.05922,0.36397,-6.61674
1.59838,-3.0334,-4.21915,0.31285,1.17937
1.75793,0.06506,-2.84993,0.12326,-0.24911
0.64322,2.53632,1.73888,0.36672,-10.21905
0.42938,-1.68199,-4.20385,0.15556,26.25304
1.60596,-2.62074,-1.20922,0.1243,3.09798
0.66179,1.3816,3.71622,0.20928,-16.33474
0.25747,0.01576,-4.70799,0.07893,5.00474
1.68538,-2.84254,1.962,0.16258,1.60253
1.11078,-1.38283,1.75484,0.12992,8.49126
0.78794,-1.08857,-1.79263,0.01086,11.0618
0.22057,1.0547,-3.87283,0.15044,-26.70726
0.26359,-0.17844,-3.97593,0.23342,19.96302
1.62672,-0.08049,4.69228,0.41487,-0.2508
1.08147,1.92645,1.76916,0.09024,-8.63982
0.4695,-1.39225,-1.24009,0.16369,21.48331
0.84531,1.08431,3.33545,0.01469,-10.32732
0.49755,-0.83216,-3.96664,0.03755,15.18
0.40319,-0.5129,-3.73072,0.17806,16.02576
0.69735,0.35125,-3.02437,0.24996,-3.2856
1.18912,1.22929,2.63562,0.37413,-8.47076
0.57801,2.79724,-0.91104,0.38159,-4.68891
0.81861,-1.45135,1.42576,0.45699,10.92606
1.06028,-2.48974,-2.67549,0.4539,6.69324
0.95605,-0.44741,2.77298,0.05075,4.28528
0.43153,0.29353,3.01665,0.05603,-7.48492
0.26996,-1.709,-0.86742,0.2484,38.94898
0.26383,2.45356,-2.90718,0.29474,-11.30199
0.83032,1.87771,1.3005,0.29895,-11.8265
1.49384,-0.03981,-2.43865,0.24314,0.52707
0.43626,-0.31376,-3.51707,0.4906,16.00621
1.61656,-2.88561,1.15798,0.25448,1.42375
1.48821,0.23179,0.12909,0.46766,-1.54149
0.2071,0.6016,2.83457,0.4941,-59.46352
0.24815,2.4607,-2.07691,0.22201,-17.39758
0.55106,0.0069,-2.74698,0.06688,0.4822
0.30102,-2.15276,1.40523,0.16296,24.6975
1.15642,-2.01026,2.0106,0.17927,7.4075
0.27133,-2.13712,-0.86636,0.44416,35.73782
1.64476,2.7554,-0.5764,0.48085,-2.14414
1.08733,1.84342,-3.76455,0.08483,-8.41878
1.51032,2.04057,-0.30581,0.01004,-5.79036
1.55126,2.13901,4.61328,0.41533,-6.12639
1.11218,-2.5407,-3.86302,0.27932,5.85928
1.86565,1.27031,0.67968,0.37559,-5.09595
1.98243,1.28389,-4.81609,0.16584,-4.54296
0.84659,-1.729,-1.74626,0.07926,11.63613
0.42656,-0.05865,2.61144,0.13233,-0.55124
0.85383,1.02058,0.67161,0.02424,-9.81607
0.60204,2.49654,-4.18868,0.19292,-7.5675
1.15581,-2.44777,-0.48169,0.04961,5.44552
0.8811,2.46422,-4.20924,0.23189,-5.72082
1.06481,2.65411,-1.26471,0.39961,-3.86961
1.57374,2.66162,2.68954,0.02382,-2.90425
0.69324,-3.11121,-2.4175,0.44836,2.68523
1.16745,-1.75302,-0.46611,0.06158,8.28484
0.80329,1.20163,0.00339,0.32799,-11.39123
1.61293,-1.12004,3.53276,0.12027,5.3113
1.35117,-2.7578,-3.78497,0.42246,3.59446
0.21531,1.65211,0.50419,0.00518,-45.46826
1.38809,-2.96194,-4.6921,0.21069,1.77589
0.50629,-0.33916,-4.06663,0.48095,14.07649
1.50405,2.8122,-2.79277,0.05645,-2.04007
1.22121,-0.37553,2.19714,0.38032,2.38591
0.92267,2.58796,-4.58891,0.36331,-3.6318
1.44932,-0.57174,4.45069,0.15959,3.32439
1.74187,-0.9633,-0.72332,0.03023,4.63143
1.60174,-2.46689,3.38652,0.41655,3.276
1.18168,-0.89164,-2.78124,0.45244,7.36075
1.50085,-1.02424,-1.62189,0.06392,5.63012
0.94505,2.17745,2.27016,0.42391,-9.60572
1.62025,2.6384,-1.20803,0.41661,-2.72796
1.69229,-3.0038,0.07488,0.28851,0.78869
0.44713,-2.52423,3.09252,0.39177,6.64075
0.62846,0.89993,1.51095,0.01974,-12.30232
0.68598,-0.09586,3.35876,0.24809,-0.40196
0.49895,-1.27625,-4.13514,0.4835,26.84574
0.90656,-1.50855,1.0807,0.38761,10.29045
0.54746,-1.72992,1.01204,0.13407,17.24004
1.27197,0.15991,1.07099,0.31177,-1.43444
0.38291,-3.03176,0.8881,0.10627,2.16442
0.68585,1.50095,2.23838,0.11106,-14.79695
1.39794,-1.2542,3.44036,0.09467,6.50205
0.91738,-0.45973,-2.70402,0.09499,5.04998
0.95863,0.16997,-3.95436,0.24965,-0.65681
1.63627,-1.81358,-4.26025,0.1549,6.06601
1.97212,2.41087,-3.41572,0.38898,-2.97828
1.21712,1.14413,1.55953,0.44706,-7.80804
0.34232,2.32664,-0.83502,0.2438,-19.11651
0.38523,-0.15425,-1.5051,0.09566,4.88266
1.9433,-0.42436,4.09951,0.499,1.53682
1.42262,-1.65158,4.00176,0.02352,6.82673
1.55444,0.28174,0.38892,0.27482,-1.79885
1.41637,0.58536,-0.415,0.10982,-3.80399
0.52331,-0.50314,-2.29559,0.46883,12.96882
1.00705,-2.22813,-0.40098,0.16248,7.77571
1.63654,-1.42563,-0.89081,0.47902,6.09061
1.75945,-3.05205,-4.93048,0.4864,1.27329
0.6272,-1.13638,2.58577,0.47149,11.08894
1.27273,0.50742,-0.61427,0.39636,-3.59514
0.48278,2.86332,-2.77151,0.37061,-1.17494
1.9249,-2.02383,1.66262,0.47639,4.36849
0.65397,-2.7931,-0.52332,0.11183,5.25934
1.50794,-1.27981,-1.8627,0.40495,6.5638
0.616,-2.1564,-2.69189,0.05674,13.67426
1.3089,1.22848,-4.40858,0.18094,-6.5944
1.38668,-3.10547,0.03022,0.20092,0.25234
0.79117,3.02138,-1.24556,0.49766,-0.49673
1.6739,2.23472,-4.59671,0.16049,-4.35238
1.79367,-0.05862,3.12407,0.27737,0.05108
1.73913,2.64486,3.08284,0.31675,-3.011
0.79544,0.80462,-0.09974,0.33892,-8.83322
1.53981,3.10242,3.389,0.06008,-0.33539
1.20708,-1.39294,-0.18994,0.27956,8.03527
1.26673,3.12215,-3.31097,0.31736,0.50431
1.05937,-2.00907,0.17598,0.45167,8.31423
1.28047,-0.921,-1.87433,0.47865,6.64711
0.44418,2.73522,-0.47635,0.11751,-8.44629
0.93593,-0.81341,4.7067,0.10526,7.05069
0.51981,-1.82315,-1.44469,0.34187,20.10247
0.70419,-2.76782,-2.8411,0.24474,6.48876
0.43007,-2.20566,-3.71448,0.37178,25.8324
0.58249,-0.90966,3.83928,0.42424,8.49244
1.60747,-0.49491,-4.85062,0.00534,2.90856
1.18971,0.26673,4.07454,0.43937,-3.43819
0.24256,1.97033,-4.38228,0.13272,-27.37322
1.61934,-3.0573,2.52659,0.4847,0.043
1.83704,2.1433,-2.06349,0.21513,-4.35708
1.78477,0.48537,-2.50093,0.42622,-2.22969
1.68143,1.6115,-3.20065,0.09997,-5.71631
1.98599,1.61465,-3.65485,0.26258,-4.69154
1.25552,2.5334,-4.33765,0.03164,-4.37745
1.93266,-2.55487,-3.44955,0.36742,3.14954
1.90792,0.44934,0.88477,0.47105,-2.34793
0.76383,2.57001,0.69679,0.42156,-7.45117
1.75418,1.37731,-2.18925,0.34018,-5.24598
1.62645,-2.53473,1.79882,0.05947,3.3993
1.59644,0.71606,2.69629,0.49198,-4.55412
1.81331,1.88421,4.80175,0.17198,-5.39763
0.89154,-1.41459,-0.60231,0.31639,11.10917
0.9201,0.83248,-1.25411,0.13649,-7.68337
1.35209,2.13887,4.73175,0.41366,-7.18652
1.52805,0.14996,4.42153,0.18921,-1.31743
1.78353,-1.92148,4.26948,0.19534,4.9034
1.77652,0.31216,1.08786,0.00224,-1.69668
1.49841,0.55295,1.17732,0.28767,-3.58926
1.92241,-0.61039,4.2798,0.12537,2.7798
0.52153,1.12856,-0.20181,0.46092,-16.65845
1.91061,-0.41888,-2.86525,0.39157,2.39574
0.31554,2.37131,4.85259,0.47604,-44.8488
1.20012,1.83234,3.4207,0.19487,-8.35903
0.36235,1.91494,-4.43946,0.33087,-14.29852
1.2224,0.16384,-3.87535,0.2259,-0.72314
0.9022,-1.9079,3.82118,0.45467,8.12698
0.3469,1.41008,-1.98913,0.16213,-25.23491
1.36661,-2.70855,1.96386,0.16426,2.83957
1.51616,0.11043,-3.82178,0.18297,-0.40884
0.51353,-2.80872,-3.29466,0.24889,9.35163
1.44999,0.17856,2.47367,0.44386,-1.72388
0.52229,1.16818,4.79292,0.10373,-19.10361
0.44731,-0.50769,0.02199,0.32565,10.62619
0.46525,-0.52211,-4.57084,0.15298,13.74581
1.27834,-2.37006,-2.65683,0.04133,5.4178
1.60182,-1.24502,-2.87299,0.47683,6.33605
1.27441,-0.35014,4.35272,0.39289,1.58756
1.65683,2.28433,-0.8085,0.47601,-4.33636
1.26466,2.50058,4.47673,0.20013,-5.19894
1.63518,2.84993,3.59585,0.37849,-2.2341
1.95774,-2.51162,-0.49194,0.32557,2.99382
0.90373,-1.28045,-4.7514,0.30951,12.20129
0.4699,-0.23303,4.72951,0.02014,4.38966
0.44371,0.8906,-4.89929,0.03586,-16.29606
1.27546,1.27422,3.5613,0.09763,-7.56929
1.18479,1.79709,-0.86768,0.37483,-7.83718
0.53162,-0.02593,-1.98691,0.39917,3.28462
1.78779,0.35553,-0.91699,0.32361,-1.81719
1.92215,2.89385,-1.43091,0.09603,-1.2143
0.65579,-1.63345,1.89119,0.38881,13.21995
0.57239,1.90858,0.72723,0.05673,-16.29614
0.58506,1.33089,-2.43095,0.44701,-13.11267
0.89736,-2.26138,0.27501,0.19239,8.36154
1.73581,2.67973,-0.9505,0.36354,-2.40375
1.27273,2.23277,4.20646,0.08475,-6.29988
0.3216,1.75618,3.92378,0.15714,-35.94317
1.05136,-2.34505,1.17346,0.24764,6.40806
0.3626,-2.26402,4.65368,0.24818,12.026
0.93119,1.15107,-1.24873,0.0486,-9.55054
0.92634,-2.4676,-4.1203,0.27416,7.92586
1.36703,-2.42961,-4.52348,0.03756,4.77933
1.18902,-0.62656,3.33445,0.46184,3.74852
1.77456,-3.1078,-1.16509,0.21088,0.26478
0.2293,1.39162,3.60274,0.21954,-57.14205
1.5932,0.25263,-0.41265,0.2885,-1.49214
0.24079,-2.65041,-4.88826,0.39084,52.16938
0.74772,0.27384,0.28648,0.03477,-3.5658
1.78339,-2.80175,0.94546,0.35149,1.72913
1.44275,-2.6974,-0.48491,0.45527,3.02804
0.50959,-0.09132,3.38034,0.2196,-1.10302
1.08341,-0.00111,1.44008,0.00663,0.00192
1.49943,-1.01163,-1.35261,0.12368,5.62045
1.88722,0.76511,2.19002,0.47052,-3.88964
1.34178,-0.70775,-1.80387,0.05901,4.81231
0.24442,0.54639,3.38548,0.00681,-21.24092
1.09946,-0.94383,-2.19896,0.46793,8.07677
0.47533,1.35068,1.66611,0.43151,-23.32232
0.286,0.49817,-0.84908,0.2302,-13.99983
1.27732,-2.13601,-3.98817,0.0027,6.49228
1.59846,1.17036,1.29705,0.29189,-5.79983
0.26491,1.78402,-1.16946,0.40838,-29.38747
1.61046,-2.72769,1.34263,0.14304,2.37582
1.4715,0.6909,0.39904,0.08637,-4.26414
1.55358,1.82482,-4.58405,0.45233,-5.25273
0.64051,-2.42121,-2.95022,0.38396,12.86465
0.90847,2.52366,2.00421,0.22404,-6.80013
0.41555,-0.53534,-0.32344,0.45251,12.89028
0.63,1.49439,-0.33531,0.30408,-15.26902
0.74502,2.5073,-4.97601,0.47204,-3.57125
0.77499,3.07648,-1.97202,0.05158,-0.65426
0.51507,0.52732,1.69466,0.21821,-10.97805
0.53968,1.28349,3.86988,0.33961,-21.94466
1.82265,-1.56012,0.74007,0.20395,5.33654
1.61101,-1.31918,0.40645,0.17488,5.87022
0.82006,2.20395,-0.29685,0.34771,-9.49031
1.90576,-0.63935,1.78481,0.30284,2.9226
0.63006,2.02591,2.98131,0.14127,-15.046
0.93228,-2.82368,-2.79316,0.222,4.00262
1.66435,-1.77027,2.13976,0.35345,5.50431
0.9972,-2.07286,-2.56145,0.31345,9.43096
0.62233,0.17007,-4.68208,0.22651,0.07041
0.86336,-2.6356,-4.2532,0.13,6.24889
1.1013,-0.98099,-4.53458,0.05729,7.61692
1.31716,3.05517,-2.19826,0.42009,-0.11059
0.93009,1.84862,-3.72827,0.41016,-8.37522
0.97635,1.63734,-4.14796,0.30665,-8.69106
0.6751,-2.29264,-3.52413,0.28567,13.11588
1.16363,-0.851,-4.61802,0.06816,6.57175
0.59502,1.13467,-1.56448,0.22337,-13.95653
1.76155,-3.00572,3.22816,0.24193,0.50267
1.54526,-0.41484,0.53779,0.23071,2.50673
0.9385,2.69291,-4.35033,0.12105,-3.93636
1.54501,-2.62424,-1.25077,0.06191,3.17279
0.21259,2.5526,-0.70165,0.46569,-18.40458
0.82008,-1.91938,-3.27589,0.27817,12.59778
0.99254,-1.9534,-1.26988,0.43128,9.72503
1.04564,-1.91363,-1.63245,0.33599,9.33752
1.54772,2.70966,-0.06192,0.41015,-2.6428
1.93305,0.65185,1.97292,0.108,-3.13573
0.88399,1.57575,-0.21163,0.05302,-11.08286
0.83108,-0.83939,-4.26046,0.30694,10.67816
1.29893,2.3452,-4.44771,0.27467,-4.67463
0.70626,0.51483,3.87959,0.04823,-7.21442
0.45443,0.62728,1.94764,0.30565,-15.55334
1.93077,1.58538,1.57179,0.09095,-5.11867
1.65715,1.71935,4.13201,0.05408,-5.93597
1.9253,1.14268,0.41506,0.49261,-4.69062
0.5921,-2.39446,-4.26277,0.27786,14.63722
0.23206,2.30421,2.14385,0.16488,-37.96941
0.98707,-1.50232,-3.37728,0.04903,10.08515
1.8805,3.11768,1.66195,0.45836,-0.34015
0.44899,-0.71937,-0.99292,0.47129,16.71813
0.41093,-2.38763,-4.71774,0.12848,19.93089
0.32412,-1.15556,-4.4447,0.21751,36.89799
1.57703,0.46203,-1.07366,0.32277,-2.63356
1.61467,-0.68206,0.94543,0.05558,3.80985
1.45168,2.06517,-3.29103,0.26848,-5.52931
0.29593,1.14484,-3.9325,0.10932,-25.27885
1.50192,-1.80044,-1.2377,0.11263,6.42197
1.00753,0.24412,3.04181,0.30153,-3.25694
0.48421,1.80662,2.84006,0.15504,-21.57708
0.73123,2.45819,1.8414,0.27518,-9.41884
1.10206,-0.66008,-0.74643,0.13115,5.53884
0.79337,2.66699,-0.58062,0.24384,-5.42565
1.94555,-2.91559,-2.74056,0.46612,1.46737
1.05454,1.11018,-3.62857,0.24236,-7.54233
0.86987,1.77176,-4.84159,0.25068,-9.44662
1.4117,-0.47035,3.6015,0.24642,2.70399
1.37098,-3.07264,-0.03815,0.42828,0.50171
0.20439,1.17518,-4.96957,0.34087,-3.73955
1.31325,-0.9892,0.29173,0.01531,6.23924
0.63878,-2.18772,-2.41676,0.05898,12.87564
0.87542,-2.15445,-0.72637,0.28894,9.62481
1.47143,1.69121,1.72411,0.38009,-6.92139
1.2033,-1.96419,3.09744,0.0585,7.40471
0.86358,-0.09991,2.00482,0.25139,0.45729
0.50134,2.95554,3.96299,0.32125,-8.68481
1.10987,1.62621,-2.65254,0.2004,-8.39379
0.77486,0.29653,1.61385,0.34675,-4.63141
1.84327,0.17766,3.89831,0.17131,-1.13711
1.16182,-2.09024,-1.915,0.31151,7.77179
1.75874,-0.33663,2.99452,0.38286,1.47177
0.90233,-2.23116,4.40216,0.47791,6.00234
1.68939,-2.61643,1.43877,0.31945,2.75024
0.30177,-2.45586,-3.35735,0.17579,27.06677
0.73661,0.66986,-2.3914,0.36062,-6.67925
0.34072,-1.92546,1.7998,0.40224,20.76404
0.25697,-2.20323,3.66175,0.20732,19.29582
1.85395,2.30675,-4.76243,0.18128,-3.67075
1.49036,-2.37496,-1.73669,0.07623,4.62582
1.3252,1.29204,-2.6643,0.33845,-6.60345
1.15849,-0.5215,-0.77939,0.22243,4.34776
1.2252,0.49687,2.68478,0.06645,-3.93556
1.34964,-2.99485,0.02806,0.28073,1.05849
1.68784,-3.14147,0.18291,0.49494,-0.03107
1.2744,1.99333,1.09026,0.02566,-7.03797
1.54745,-0.15431,0.15674,0.25776,0.95748
0.70576,-2.69356,1.88261,0.46791,4.25284
1.95817,-0.98359,-3.92963,0.47956,4.66208
0.25741,0.03993,-4.77199,0.17086,10.78364
0.89584,-2.29026,3.2679,0.0858,7.88722
1.78769,0.29115,-0.21092,0.21036,-1.56133
0.52494,0.18065,-2.01526,0.15926,-2.19281
0.45441,0.64613,-0.45695,0.24129,-12.46453
0.85778,1.94943,1.50092,0.29798,-11.23436
0.97075,-0.54803,-3.78297,0.38412,6.80705
1.88011,2.44139,0.23612,0.31708,-3.38336
1.70502,-0.15913,-3.89292,0.44603,1.50899
1.03536,-0.26924,3.59569,0.36786,1.28645
1.95136,0.9782,0.62384,0.25932,-4.21258
1.3561,0.73841,3.1086,0.05965,-4.9701
1.77259,-3.06974,2.21005,0.40188,0.11461
0.6429,3.0312,3.15256,0.35708,-4.40463
1.08014,2.78153,-1.58193,0.16808,-2.97208
0.25349,-1.37422,-3.60537,0.11598,44.46163
0.21598,0.36809,3.91605,0.32904,-43.96544
1.46982,1.69951,3.8464,0.04211,-6.69408
0.41293,2.64188,3.83273,0.39363,-20.23177
1.18605,0.53977,4.89272,0.11344,-4.64539
1.45281,-3.02259,0.96167,0.29674,0.66647
0.25802,1.13523,0.12497,0.15178,-34.75505
1.00773,-2.55677,2.97331,0.23862,4.67545
1.43147,1.07554,-3.89865,0.40031,-5.26803
1.80152,0.54932,2.83047,0.14351,-2.96827
0.73861,0.88385,3.12226,0.01655,-10.36389
1.95359,-1.95245,0.77192,0.0387,4.6524
1.72017,-0.04015,-1.1208,0.03724,0.24302
1.37114,0.74114,1.56227,0.22951,-5.02103
0.90547,-1.2548,4.15018,0.04164,10.08697
1.48,-2.00042,-3.42036,0.20633,6.34821
1.66915,-1.74245,-1.88897,0.34893,6.02745
0.74594,2.24949,1.7142,0.43993,-11.59217
1.98709,-0.22278,3.33217,0.11072,0.99732
1.83551,1.01205,1.52069,0.43833,-4.72961
1.0739,0.09355,0.90843,0.48904,-1.23854
1.50109,2.09938,-4.14259,0.31285,-5.06814
1.14322,0.05337,-0.66283,0.36861,-0.27085
1.56967,-2.55521,3.90175,0.24152,3.07581
1.68857,-1.89762,-1.38359,0.03742,5.5203
0.2418,-3.05824,-1.18994,0.47997,13.14607
0.34244,2.08303,-1.42443,0.47263,-19.22954
0.80564,1.02587,-1.37251,0.16139,-10.07178
1.8517,1.62861,-0.95241,0.09787,-5.26178
0.91689,1.35101,2.73364,0.03274,-10.54828
1.79752,2.03877,-0.44937,0.24891,-4.83614
1.03238,3.05972,1.07086,0.46238,-1.24169
0.71994,0.96429,-0.5758,0.02047,-11.17316
1.82116,-1.55656,3.73834,0.30577,5.04147
1.20921,-2.50454,-3.21251,0.41778,5.74359
0.84887,0.5639,-3.77098,0.18985,-5.18329
0.27993,1.70122,-0.92274,0.30599,-31.14342
0.39968,0.38687,4.74288,0.22191,-15.84894
0.45076,-1.2343,1.99796,0.0327,20.22123
0.85671,1.38063,1.1627,0.25223,-11.64401
1.2932,-0.3269,-1.09665,0.04453,2.46507
0.75366,-1.3409,-2.04848,0.34248,13.90913
0.31795,2.1431,4.56578,0.15505,-32.9403
0.67666,0.48078,-0.7308,0.40125,-6.06437
0.93563,-1.36064,2.11085,0.29352,9.54649
1.98609,-1.07691,3.10438,0.46752,3.98116
0.90738,0.45029,1.57523,0.36887,-5.4111
0.36055,-0.48429,-2.67394,0.36243,20.12235
1.24601,-2.13302,-2.12016,0.15231,6.86924
1.85535,0.6941,-4.77017,0.22096,-3.07614
1.61605,1.18821,4.69379,0.37278,-6.30148
1.70519,-3.14091,3.34653,0.361,-0.41156
1.87082,0.23166,-0.95988,0.34614,-1.10897
1.34578,0.48482,3.92421,0.00398,-3.40586
1.99086,-1.05517,-3.4632,0.00866,4.29443
0.25991,-1.01328,-4.57962,0.03373,34.31571
1.70271,-1.14568,-3.64707,0.01579,5.26845
1.74262,-0.34351,3.83419,0.38642,1.40809
1.85006,1.95998,-3.39509,0.27345,-4.63477
1.06071,-0.19461,-4.31874,0.25245,2.7576
1.61796,3.10169,-3.14453,0.0428,-0.19048
0.55114,-0.77812,-0.84937,0.38731,13.57706
1.28563,1.252,-0.03569,0.04642,-7.245
0.84556,0.30766,-2.64083,0.11091,-3.10371
1.27311,1.64801,3.05717,0.40945,-8.45488
1.41601,2.44017,4.59844,0.34629,-5.26482
0.82472,0.07341,-2.09164,0.04631,-0.73
0.58923,-0.03469,4.31088,0.03695,0.11865
0.77904,2.78169,3.17919,0.20325,-5.4996
1.39512,2.72476,3.8602,0.3017,-3.4452
1.41837,3.12272,-4.40301,0.12338,0.13953
1.53437,-2.15843,3.34042,0.29259,4.9059
0.42777,-3.11917,0.85925,0.1797,-0.32965
1.67333,-0.39389,-4.61741,0.29432,2.7353
1.43867,1.46612,2.5365,0.36276,-7.22605
0.25491,-2.68382,-2.58285,0.42158,33.76552
0.80408,-0.79418,2.97076,0.09792,8.25246
1.04008,0.51182,1.25989,0.04256,-4.66905
0.84911,-1.80612,-0.07668,0.05919,11.24113
0.41135,1.45231,-4.76617,0.08269,-21.35192
0.57322,-1.69937,3.89675,0.16218,15.04921
0.24421,2.14051,-3.52436,0.01432,-32.97958
0.36754,-0.95333,3.29695,0.41627,11.60277
0.67934,0.61983,1.88163,0.42453,-10.11926
1.67595,0.27743,-4.30427,0.35658,-1.05672
1.14795,-1.27896,0.42215,0.17824,8.12726
0.9641,-0.38282,4.61754,0.35337,2.0454
1.39189,2.17381,4.22809,0.2873,-6.4319
1.17472,0.30376,-3.53702,0.33117,-1.64898
0.43673,-2.79233,-3.26817,0.04394,8.43979
0.60072,1.33852,-3.46366,0.43736,-11.69396
0.60054,-1.99521,2.56174,0.17434,13.64767
1.27991,-0.08757,-3.39246,0.13461,0.9491
1.03092,-0.19768,-4.35419,0.19541,2.66937
0.89765,-0.08491,-1.09668,0.12365,1.09506
1.20195,-2.94673,4.66889,0.49708,-0.02606
1.94621,-1.43013,-1.9174,0.32311,5.15434
0.76555,-2.82281,2.24236,0.44821,2.30123
1.13635,-0.53434,-3.56039,0.47551,5.70762
1.06467,0.76238,1.21146,0.29062,-6.67432
1.48996,0.96808,0.81166,0.40026,-5.57029
1.51452,-2.73603,4.04173,0.45264,1.75797
1.51233,-2.39459,2.16557,0.075,4.33631
0.56274,1.01478,-3.79215,0.13458,-13.1951
1.00837,0.19596,-0.952,0.20081,-1.70621
1.66011,2.09489,-4.99444,0.31142,-4.55172
0.88675,-1.85265,-2.59003,0.38415,11.89162
1.97166,-2.38546,4.71326,0.1725,3.20461
0.85662,-0.86693,-0.44259,0.42134,8.98453
1.0958,0.86122,3.67578,0.32718,-7.79314
1.05415,-0.08817,-4.76271,0.18601,1.6167
0.98059,-2.52211,3.80058,0.34036,4.46326
1.72214,-2.69365,3.89396,0.42602,1.90783
0.4795,1.11648,1.53433,0.16798,-19.50466
1.2218,-1.27569,-3.83749,0.19349,8.17947
1.31348,1.06489,3.76016,0.34592,-7.28706
1.7322,-1.28859,3.99864,0.21491,5.1529
1.29656,-1.16368,-2.98953,0.08883,7.10575
1.92804,-1.82329,4.40164,0.42708,4.42105
1.7699,3.03928,3.81042,0.10077,-0.68866
0.82773,-3.04062,-2.95124,0.12317,1.72522
1.74783,-2.34204,-1.06179,0.43391,4.17534
1.92526,2.11297,-1.63321,0.32098,-4.22324
0.66295,-2.2735,-0.01774,0.2158,11.30059
1.29838,-1.37792,3.89,0.1909,6.97497
0.70725,-1.49047,3.74347,0.09162,13.14029
1.36922,1.2377,-3.24327,0.03396,-6.71209
0.36856,-0.55794,0.51133,0.45471,12.38056
1.52154,2.13998,0.34034,0.02237,-5.43423
0.95568,1.55463,-0.49602,0.03084,-10.2469
1.25715,0.19542,2.1471,0.37605,-2.02609
0.24655,-1.57669,1.4597,0.44687,29.05733
1.45179,1.83732,-2.24892,0.35486,-6.13994
1.09278,2.29959,-1.51829,0.12104,-6.54283
1.32545,2.11293,3.88368,0.13533,-6.63915
0.7682,-2.81667,-1.74228,0.48069,5.49587
0.46248,1.24381,-0.55915,0.35004,-19.17289
0.98377,1.28138,4.72897,0.4139,-11.57955
1.89916,2.78393,3.57281,0.22318,-2.02945
0.61003,-1.48611,1.98963,0.38826,13.94772
1.41651,1.79917,-1.95977,0.49039,-6.26669
0.28972,1.18813,1.2875,0.17836,-34.14725
1.49258,2.37961,1.4202,0.16026,-4.63954
0.62919,1.21459,-0.88438,0.02147,-14.56484
1.01273,2.21454,-4.63882,0.36851,-6.0812
0.86196,-0.88231,-1.33472,0.12033,9.00479
0.40311,-2.15121,0.08133,0.12696,20.28679
0.82205,-0.85858,4.50142,0.316,6.92779
0.83022,1.97953,2.27496,0.36941,-12.06199
1.13979,-2.31441,-3.92073,0.20374,6.94974
1.95023,0.86674,-1.98578,0.47227,-3.58752
1.04603,3.06341,0.21684,0.08086,-0.74854
1.84597,2.48195,-0.48885,0.26367,-3.21895
1.0308,1.07558,-4.94877,0.30866,-6.93595
0.39358,1.83865,4.351,0.30869,-32.70701
0.61428,-2.40975,4.0404,0.32843,7.15515
0.93353,-0.00733,4.23745,0.31694,-1.46408
0.78566,0.20051,-0.71445,0.39585,-2.02872
1.75849,1.77623,3.33376,0.40704,-5.90016
1.42156,-1.36601,2.08537,0.48873,6.25232
1.24096,-2.47253,0.11745,0.46985,4.8674
1.08421,1.24479,-4.22868,0.25996,-7.63629
0.91509,-0.04653,-3.32148,0.35297,1.89873
1.30195,2.1507,-2.61767,0.20121,-5.99232
0.42429,-0.1163,3.95911,0.32532,-4.47156
0.49256,2.17568,1.65368,0.00372,-16.4079
0.74561,0.04923,4.83031,0.1838,-2.24438
0.50813,1.77625,0.66432,0.45727,-20.07648
1.41878,1.38698,-4.15295,0.3375,-6.10161
0.24458,-1.46975,-0.22237,0.00864,39.9366
0.48832,-1.19759,-3.88216,0.26134,22.96116
1.82469,2.50822,4.01363,0.18294,-3.40255
1.99558,-1.69013,-2.21566,0.40439,5.1059
1.07766,1.24093,-3.0273,0.05742,-8.46257
1.09167,-2.22978,0.11632,0.30203,7.07522
1.59212,1.60321,3.07087,0.35604,-6.58969
0.26514,-1.73862,0.10348,0.29773,36.04108
0.96864,0.59103,-4.61783,0.13722,-4.96793
0.37969,0.40365,2.42956,0.3966,-16.8319
0.92167,-1.86287,-4.65929,0.3968,12.36937
1.97088,-0.05401,1.04378,0.18046,0.22023
1.55654,2.38289,1.16933,0.13334,-4.40033
1.97308,1.1343,-2.91481,0.33195,-4.2572
1.54289,3.09544,-0.53425,0.18391,-0.25208
1.2946,1.78791,-4.93808,0.17267,-6.89098
1.5576,0.90136,-2.16321,0.22528,-4.73796
1.38637,0.39711,1.19351,0.22905,-2.87893
1.03532,2.74845,-2.15831,0.41481,-2.79473
0.72658,0.16973,-4.52369,0.47641,1.80164
1.13632,-0.61153,1.74264,0.35673,4.47498
0.66529,2.10169,2.42395,0.04412,-12.95749
1.07602,2.76614,3.62986,0.16889,-3.87265
0.46304,-0.13247,3.75546,0.09481,1.1377
1.21771,-2.2793,-0.03683,0.33163,6.12554
0.64151,0.68093,-0.92641,0.29907,-8.9533
0.72849,1.51351,0.85865,0.49123,-14.23881
1.09825,-0.79397,2.92669,0.22385,5.82689
0.49255,1.55747,-0.24668,0.05273,-19.86149
1.93228,0.1951,4.95167,0.2992,-1.38103
1.0045,-1.24812,1.37516,0.18347,9.01197
0.8341,0.81381,-1.91893,0.08899,-8.30379
0.25255,-0.69776,2.93709,0.18549,16.41534
1.71786,1.80218,-3.49234,0.11909,-5.41748
1.3265,-3.12224,4.35787,0.09861,-0.1011
0.94953,1.99917,-1.59648,0.24182,-8.96971
0.64196,-1.21532,1.85048,0.40501,12.50742
1.54125,2.88792,1.25308,0.44283,-1.83097
1.90185,1.62838,-4.04127,0.13016,-5.00415
0.88546,-1.62709,2.2162,0.2242,10.42772
0.44278,3.00838,-1.88181,0.42145,1.10267
0.39655,-0.00264,-1.18819,0.49434,3.80039
0.21145,0.14403,-4.03476,0.42497,31.68942
1.53912,2.57308,3.10084,0.24702,-3.75486
1.96651,2.6289,3.60272,0.43507,-2.8523
1.98707,1.23705,-3.65733,0.35331,-4.33724
1.61156,3.00619,3.12612,0.05676,-0.89005
0.49193,-1.07524,3.98,0.04207,16.85099
1.95988,-1.68178,-4.02706,0.46813,5.46541
0.79006,-2.95777,4.97428,0.46222,-1.41378
0.80052,-0.96544,-4.9545,0.22918,11.84889
1.43721,0.64486,3.42406,0.33091,-4.65143
0.28829,-1.22284,0.58291,0.1524,30.92028
1.68639,0.50027,4.57284,0.3507,-3.35418
1.99514,-2.83758,-1.619,0.22309,1.56265
1.59513,-0.91677,-1.39152,0.17424,4.97618
1.60702,1.55826,3.40378,0.2203,-6.39436
0.90256,-2.48609,2.10686,0.22778,6.03622
0.31866,1.34986,1.00518,0.47138,-34.70325
1.6268,1.65443,1.44385,0.44249,-6.25057
1.27488,0.43204,1.82638,0.09722,-3.33126
1.83681,2.42586,-4.52158,0.13923,-3.31787
0.40873,2.85611,-3.82217,0.14969,-3.33461
0.74922,-2.92371,-3.18743,0.00579,2.86323
0.84918,1.12521,-3.23213,0.26522,-9.23559
1.4299,-1.65138,3.42907,0.24135,6.43357
1.61794,-0.5769,-1.0549,0.0623,3.33219
1.92984,0.7738,-0.10576,0.49512,-3.53847
0.73173,1.33375,-4.10603,0.38064,-10.11261
1.08855,2.13748,3.70593,0.09154,-7.88961
0.25213,1.29048,-4.89736,0.35267,-10.22066
0.65538,1.74295,-4.16704,0.17032,-13.09485
0.87321,0.62248,3.12109,0.31642,-7.84551
1.26885,-2.40609,-3.69403,0.23525,5.72723
1.04752,-3.00694,2.93358,0.06943,1.07158
0.85606,0.18713,-1.49582,0.23004,-1.6624
1.32334,1.35428,2.76098,0.48084,-7.99808
1.69151,-2.45757,-4.49645,0.37407,4.25269
0.63503,-0.44425,-1.58738,0.31329,7.87252
0.81718,-1.53198,-0.18726,0.42176,12.11398
1.46886,0.42156,1.25705,0.41436,-2.9742
1.60029,-0.68799,3.3622,0.4441,3.3095
1.68571,-1.87574,-2.55531,0.05443,5.59996
0.5768,-3.11399,1.58888,0.06473,0.16024
1.17068,-1.12139,-3.4823,0.39945,8.56264
1.82002,0.10155,2.95168,0.49767,-0.98988
0.90551,2.6968,4.33221,0.28127,-6.14751
0.97379,-1.71232,-4.52721,0.48213,12.27513
1.97268,0.077,-4.20142,0.33141,-0.02474
0.40349,0.41781,2.87541,0.04266,-10.61849
1.47008,0.93763,3.8023,0.46313,-6.19437
1.73033,-1.07715,1.48218,0.41961,4.78484
0.47143,-2.51653,-0.38813,0.26792,12.64431
1.48602,2.64746,2.69067,0.37195,-3.58412
1.04553,2.84475,-2.00291,0.17578,-2.42246
1.7352,-0.38811,4.91754,0.30789,1.63663
1.83341,0.50627,3.47993,0.20662,-2.80853
1.77047,-2.95921,3.87133,0.26357,0.67943
0.31589,-2.84493,3.54883,0.31828,-2.2407
1.56234,-2.65988,4.32886,0.02693,2.86132
1.85875,1.50009,-4.35505,0.04801,-5.20403
1.31843,-1.71384,4.08628,0.04121,7.26783
1.28158,-1.98268,-2.51397,0.29746,7.46978
0.28101,-3.08922,-1.40827,0.20645,5.50933
1.74086,-2.99772,-1.2943,0.25003,0.91471
0.28353,-0.59449,-2.67566,0.25014,27.70485
0.76432,0.26187,-0.61574,0.02024,-3.30149
1.86655,0.49674,0.0552,0.39803,-2.51098
1.90954,-0.26445,-3.51336,0.35034,1.68037
1.98542,-0.25408,-1.40481,0.34395,1.36455
1.05752,1.59054,-1.51854,0.01713,-9.25132
0.51937,-1.32217,1.7467,0.32586,16.19733
1.0783,-1.64797,0.80784,0.25023,8.89672
0.38416,2.22628,2.16109,0.38028,-25.81233
1.77056,1.18918,2.83944,0.04844,-5.1859
1.20897,-0.14535,1.67006,0.37335,0.74869
0.92811,-1.41117,-2.58756,0.48084,11.87991
0.34316,-2.28342,0.0212,0.42549,21.55415
0.92943,-2.90647,-0.33425,0.44709,2.63188
1.75914,2.21398,-4.2595,0.0379,-4.41016
1.46613,0.58676,3.94482,0.26482,-4.19061
0.34842,-2.85364,-4.08565,0.12333,12.14676
0.48783,-2.14516,4.76443,0.27246,11.42783
0.90616,-1.38504,-4.68254,0.35329,12.65442
0.38248,-1.48867,2.29679,0.37341,19.6995
1.88127,0.30405,-2.12425,0.4958,-1.26358
1.37413,-0.63181,4.04717,0.47881,3.19014
0.37068,2.40154,3.24032,0.12358,-20.76018
1.6185,1.3786,-4.74989,0.45781,-5.11943
0.86313,2.58071,-4.78049,0.44201,-3.20948
0.64077,2.27966,1.03191,0.36172,-12.53081
1.22597,2.64754,-3.50408,0.12883,-3.49409
0.22407,3.016,-4.85841,0.09413,3.62412
1.03772,-1.18315,4.67762,0.2178,7.80592
1.71885,-1.82413,1.32863,0.01953,5.51636
1.8705,-2.10391,-4.89167,0.14196,4.71525
0.8166,0.8048,-0.0948,0.03669,-8.65267
1.35639,1.13705,-3.42463,0.26225,-6.07454
0.60828,-2.58969,3.05182,0.30827,5.91303
1.20838,2.01735,-4.71318,0.05565,-7.14257
0.65725,1.77856,-1.29084,0.43697,-13.2991
1.22844,0.80723,-2.61972,0.0484,-5.68464
0.5091,-0.40456,4.80873,0.19811,3.90912
1.89422,-2.17614,-4.21888,0.25049,4.5532
1.79645,0.03514,2.19889,0.29106,-0.39015
0.80645,-2.1415,-0.21972,0.15955,10.29047
1.59799,0.6596,3.1649,0.35654,-4.20386
0.37191,-1.19403,-2.85755,0.17068,28.05356
1.53265,-1.58772,3.55295,0.12635,6.20866
0.70843,-0.37039,4.50367,0.22659,2.97911
0.44416,0.50713,-2.86892,0.05672,-9.90219
1.42074,-0.83275,-2.57255,0.48308,5.72375
1.04565,2.91291,4.63668,0.27505,-3.2932
1.15425,-3.10454,-0.65873,0.07203,0.35048
1.13695,2.59408,3.35243,0.39803,-5.52386
0.30701,-3.13729,3.4243,0.36019,-12.94869
0.29248,-1.77995,-1.89147,0.21525,37.56861
1.2821,3.11867,-3.21215,0.49185,0.78573
1.32296,1.43317,-1.3347,0.25031,-7.15421
0.28491,0.90791,0.91903,0.10638,-28.34383
0.88119,1.42058,-0.02914,0.39563,-10.99245
1.30313,-0.57619,2.36797,0.46437,3.45399
1.38203,1.78574,0.48809,0.13119,-6.96846
1.6909,-2.16853,3.05515,0.00336,4.79214
0.95732,1.84658,-3.96062,0.30464,-8.5436
1.18686,2.76163,-0.60906,0.36639,-2.90715
1.24141,2.24741,-4.83937,0.13043,-5.75183
0.76168,1.50583,-3.79193,0.48183,-9.70299
0.29689,0.95113,-1.68493,0.08382,-25.29714
0.20761,0.13253,4.01513,0.40058,-43.56072
1.70503,-0.65833,-1.19845,0.43816,3.70066
0.56042,2.29747,-2.26533,0.08544,-12.46662
1.33446,0.92651,1.70789,0.25067,-6.11798
1.23869,-0.40903,2.03471,0.01402,3.13124
0.91934,1.7894,-0.18671,0.32094,-10.34585
1.70029,-2.80165,-2.11481,0.27324,2.12367
1.45712,1.96739,-1.9819,0.38914,-5.84666
0.24093,1.9522,-3.14454,0.25064,-24.21359
1.59805,-1.7057,-1.37411,0.17694,6.17817
1.1126,-2.9049,-3.31747,0.06834,2.25072
0.82463,1.34277,1.42923,0.02554,-11.6419
1.50839,-1.88576,3.9469,0.26442,5.72499
1.43492,3.1166,-2.45747,0.45944,0.37749
0.75906,-3.0839,-2.57785,0.383,2.45883
1.96947,-1.69777,3.98153,0.19656,4.73917
1.36768,-2.87731,0.68033,0.49186,1.69477
1.2904,1.77598,2.29775,0.092,-7.56976
0.32578,0.49446,3.89134,0.49881,-32.57823
0.70277,2.18928,1.64973,0.11507,-11.75756
1.00455,2.90669,2.42459,0.08411,-2.47504
1.33513,0.69187,-1.13053,0.42917,-4.41545
1.12297,-1.68544,4.38168,0.23443,7.86385
1.57346,-2.55946,2.039,0.44593,3.06061
0.67262,2.30129,-4.28305,0.37402,-7.32255
1.46388,-1.6015,0.95217,0.07837,6.66338
1.66987,2.47255,-4.05343,0.06096,-3.55508
1.57709,2.37685,0.22119,0.22338,-4.32651
1.58752,0.80305,-4.11513,0.28077,-3.98751
1.79931,0.65343,1.27241,0.21161,-3.39754
0.35152,2.83263,-0.43634,0.10599,-8.11159
1.45494,1.60859,0.53079,0.10877,-6.76498
1.94362,1.15159,1.48951,0.25495,-4.71078
1.23257,-0.40375,-2.49652,0.00715,3.13861
0.59117,-0.10054,-1.80479,0.21947,2.79899
1.99776,-0.69793,-0.17932,0.01661,3.1564
0.51442,2.80432,0.66311,0.43657,-7.40457
0.804,0.86783,4.23646,0.31006,-11.34082
0.50971,1.76158,-1.48097,0.08009,-18.44041
1.03612,-2.90786,0.9173,0.38428,1.86453
0.95398,2.21436,4.22545,0.24631,-9.36984
1.08423,-0.51749,2.17827,0.25535,4.00285
1.87037,1.49012,-1.71658,0.12806,-5.16505
1.06098,-2.89011,-0.85294,0.19688,2.45002
1.12633,2.47478,3.78784,0.43908,-6.69784
1.79603,1.00434,-0.62313,0.0736,-4.5947
1.67196,-0.26703,-2.47956,0.31185,1.82482
0.6315,-1.23428,0.23071,0.10845,14.6004
0.22327,-1.18737,-3.14002,0.2224,54.75755
1.3331,-1.23529,0.82045,0.26651,6.82544
1.72073,-2.31833,4.91502,0.06089,4.07989
1.19513,-0.22739,4.6928,0.03926,1.72148
0.58012,-0.29225,1.13799,0.24203,4.05364
1.53444,-0.55332,3.86279,0.20467,3.02394
1.40517,1.27608,3.15153,0.4605,-7.41536
1.21706,-0.50382,4.50669,0.349,2.82951
1.75401,-2.58237,3.73096,0.44841,2.42342
1.61164,2.21206,3.99832,0.46415,-5.59226
1.40231,-0.47061,-2.70453,0.00953,3.18509
1.39657,0.97569,-3.41981,0.43993,-5.04543
1.39196,2.70112,-4.56028,0.47924,-1.87693
1.1453,1.68022,1.59306,0.22632,-8.78911
1.03506,0.24378,4.33506,0.31799,-3.57438
1.47728,0.28288,4.9385,0.17299,-2.24501
1.29889,2.19617,3.52343,0.04933,-6.22626
1.08197,2.03344,3.3101,0.1313,-8.48495
0.42799,-2.01908,0.18883,0.04027,20.61474
1.46347,0.79483,-0.48042,0.2434,-4.7298
1.3628,2.29786,1.40316,0.32679,-5.62506
0.81605,1.90574,-4.77293,0.00261,-11.33461
0.84138,-2.35798,2.94324,0.11443,7.75395
0.6441,-0.40405,1.57484,0.03688,5.84786
1.93145,0.11456,-3.29951,0.48287,-0.15351
1.74836,-1.52173,1.35697,0.40156,5.42595
1.20989,1.12783,0.99469,0.01549,-7.33614
0.92298,-0.14937,2.88,0.40699,0.2058
1.52629,-1.27229,3.37478,0.41363,5.54391
1.14991,-1.02501,-2.46581,0.40262,8.0425
1.95653,2.24101,3.14478,0.43921,-4.2902
0.29922,2.3009,-3.17904,0.23421,-16.11219
0.26171,1.96271,-1.05787,0.11971,-32.79272
1.2235,2.60041,-0.07353,0.43522,-4.10905
0.5659,2.84193,3.04931,0.41732,-9.09104
1.28775,-0.05135,4.01081,0.13735,0.05877
1.60656,-2.53399,-4.82783,0.29036,4.02918
0.4486,1.8854,2.37245,0.27847,-24.07775
0.99309,0.83838,3.77521,0.24376,-8.27814
1.4396,-0.75073,4.54305,0.30431,3.98153
1.70095,2.98786,-2.32111,0.04198,-0.84944
1.09342,-1.01357,-3.2704,0.22732,8.23647
0.57108,2.56124,-0.01055,0.13994,-9.41454
1.25444,0.58173,4.01003,0.00119,-4.29998
1.01813,-2.91136,-1.84386,0.25959,2.66052
1.58947,2.26405,0.05061,0.18235,-4.75088
1.20004,1.64753,4.95555,0.21562,-8.89267
0.70296,0.89528,-0.43968,0.05568,-10.84088
1.55791,0.71997,1.28251,0.25281,-4.28554
1.13194,-1.76661,4.95596,0.13506,7.97847
0.51958,-1.79394,-1.32741,0.00029,18.41383
1.21353,-2.9583,-2.2707,0.39001,2.07481
1.90698,-2.17312,-2.1726,0.31392,4.42654
1.46993,-1.02742,1.17013,0.26396,5.5696
0.73785,0.25588,-3.37296,0.31103,-1.43807
1.47957,-2.3197,-3.3548,0.16183,5.10428
0.70869,0.36174,-2.39867,0.06152,-4.60501
1.17684,-1.4871,0.40935,0.17846,8.25396
1.14787,-1.54591,3.44176,0.39444,7.51328
0.6453,2.81452,0.29271,0.30413,-5.09786
0.82619,3.09349,2.82641,0.39562,-2.20909
1.89593,1.95683,4.57557,0.45114,-5.36775
0.65108,-2.79984,2.40002,0.12483,4.34294
1.64185,1.43654,1.42789,0.45721,-6.16339
1.40127,-2.02051,-4.91806,0.3313,7.13452
1.15873,0.43493,-0.51589,0.28039,-3.45945
0.44753,2.47378,-2.31951,0.2516,-10.66086
0.56823,-0.75275,0.12423,0.23436,11.71252
0.52216,2.69449,4.51084,0.03695,-8.73407
1.25623,1.30924,-1.79553,0.02732,-7.5124
1.95209,-1.25028,-3.39218,0.16549,4.91677
1.77903,-2.54521,3.25896,0.10178,2.99229
0.24545,1.98141,4.90583,0.04331,-40.17095
0.69271,-0.26352,2.80071,0.01222,3.61757
0.48306,-2.68485,-3.61608,0.48919,16.53713
1.95622,-2.49366,0.50695,0.10605,3.01258
0.6241,2.934,-0.9481,0.49234,-2.04118
0.56236,-1.61477,1.33433,0.27225,16.27869
1.31758,2.93168,1.68612,0.09592,-1.64462
1.20114,1.13826,3.0709,0.07265,-7.56975
0.60653,-1.25355,-2.59913,0.1004,16.07616
1.40666,-0.73056,4.64679,0.18189,4.22649
0.37461,1.74068,-2.85311,0.1025,-23.72622
0.23486,-0.4058,-3.75902,0.41401,44.70157
0.34835,-2.67192,3.28871,0.18352,7.77213
0.85676,-1.69763,-0.36751,0.26347,11.49002
1.95503,2.26411,-0.0977,0.25062,-3.85295
1.18504,1.2326,-1.81265,0.32977,-7.3836
1.55851,0.00638,-4.53587,0.4987,0.8911
0.77869,-1.5991,-3.06399,0.22178,13.71368
1.49481,-0.15965,2.61634,0.16133,0.85441
1.93913,1.81489,-2.75594,0.48704,-4.55205
0.84397,-2.62924,4.92666,0.49881,2.2481
1.99831,3.10872,2.86227,0.39047,-0.44124
1.34914,2.26045,3.4859,0.39883,-6.37338
1.54746,-1.14375,3.73281,0.20366,5.45262
0.6539,2.3284,2.18904,0.26945,-12.27836
1.35756,1.14175,-0.33817,0.17591,-6.53893
1.11981,1.04524,4.17012,0.30943,-8.60713
1.92152,-2.26377,-0.73473,0.41287,4.00993
1.82842,2.55031,-4.04181,0.18703,-2.76463
0.91401,-0.31201,0.96443,0.2676,2.9858
1.90437,1.90524,-3.94435,0.38748,-4.44448
1.79266,-1.25963,1.55388,0.10443,5.15901
1.26269,-1.20635,4.97527,0.30518,6.30653
0.34781,2.91973,1.75208,0.38788,-11.82417
0.48942,-0.02099,-2.89448,0.02607,0.73569
0.33837,-2.76529,-3.6214,0.12686,14.66632
0.39439,2.10931,-1.43614,0.01263,-21.23707
1.95851,-1.71386,-3.54235,0.00321,4.96069
0.5819,2.37978,0.69693,0.23881,-12.12786
1.44354,2.61657,2.83098,0.35034,-3.88224
1.34575,-2.68439,1.58138,0.19152,3.05069
1.33606,0.51792,1.17199,0.31054,-3.83895
0.57207,3.02551,-0.64394,0.09574,-1.79785
1.24282,2.70755,-3.27271,0.41821,-2.43338
1.32597,0.15861,1.3778,0.1813,-1.3106
1.22673,1.13407,-0.80652,0.3536,-7.05679
0.53509,0.6551,-1.94539,0.06497,-10.72787
1.50151,-1.86451,1.59286,0.40905,5.96462
0.33184,0.96131,-1.21464,0.25903,-21.38246
1.26416,-1.0484,-3.3167,0.48513,7.73196
0.98527,-1.01805,-0.16486,0.20269,8.50844
0.65052,-0.50273,-2.10817,0.4365,9.44057
1.6533,2.21279,2.33489,0.20605,-4.92823
0.51661,-1.64402,-4.52933,0.05395,19.85395
1.87937,-1.56582,3.52844,0.34382,4.87631
1.79222,-3.09547,-0.38654,0.09148,0.26335
0.84906,-2.16766,-4.84056,0.39993,12.24171
0.74928,3.00763,-3.66638,0.16743,-0.65524
0.44748,-0.41551,4.4544,0.37821,0.43562
1.84939,-1.91534,0.37007,0.24072,4.96667
1.32956,2.92597,2.68545,0.2685,-1.98658
0.25721,-2.97121,3.82777,0.36732,-14.78529
1.1198,-0.09949,-1.79695,0.33253,1.34663
0.35444,1.91387,0.46917,0.33211,-27.30499
1.23275,1.71421,1.50324,0.32947,-8.20202
1.11613,-1.95271,3.41585,0.29263,7.35366
0.34912,1.30558,-0.79911,0.40359,-24.47056
1.66855,0.76836,4.51753,0.15001,-4.32932
0.67217,1.10129,1.07121,0.09078,-13.23051
1.17467,-1.46961,3.73872,0.36758,7.31259
1.35027,1.9524,-4.16642,0.26991,-6.12581
1.93215,0.3722,-0.36658,0.45031,-1.80221
1.08886,1.41421,-3.20831,0.48254,-7.59341
1.85117,2.76192,4.11883,0.43357,-2.48514
0.83874,2.23366,-2.65013,0.27378,-8.18791
1.74339,1.77398,2.1298,0.37706,-5.77545
0.62449,-1.32168,-4.37131,0.16717,17.09771
1.47346,-2.80178,-2.99155,0.00738,2.22929
0.3595,0.469,-1.80148,0.39023,-6.89463
1.97489,-2.92474,2.81873,0.39075,0.78636
1.91709,1.34579,-2.48833,0.00402,-4.98544
0.99598,1.48799,3.16884,0.4318,-11.19516
1.14308,0.39528,2.88611,0.44072,-4.27815
1.27599,-2.08506,4.92203,0.16032,6.20902
0.69507,2.36073,1.7714,0.00862,-9.96619
1.41405,0.60269,1.37438,0.43801,-4.23368
1.45741,0.09357,1.01536,0.03526,-0.64576
1.14514,0.42469,-3.90381,0.1161,-3.18417
0.46593,-2.6208,0.13222,0.27129,10.31087
1.85453,1.51071,3.51483,0.40827,-5.69742
0.40708,-2.75973,-4.79143,0.39091,20.2829
1.33251,0.49253,-3.73345,0.34059,-2.76503
0.38556,-2.07812,1.00549,0.41434,19.43636
0.46298,-1.83656,3.47016,0.34272,14.8966
0.23697,-1.67601,-1.92668,0.31884,52.10861
0.85406,-3.05171,3.71478,0.08385,0.60403
1.35125,2.462,-1.62473,0.21996,-4.367
1.13878,1.91157,-0.34542,0.22569,-8.05902
1.41417,-2.94501,4.53031,0.00925,1.33393
1.41503,-2.78354,-0.82408,0.20276,2.51303
0.45231,1.77737,0.99481,0.11354,-21.77955
0.30321,-3.09885,4.35466,0.04483,-0.74104
1.32564,-0.19479,-2.35618,0.27316,1.79859
1.3758,-2.46742,-4.08064,0.11851,4.7066
1.20207,0.57574,4.5803,0.09519,-4.74502
0.64237,3.13117,0.5983,0.3934,-0.72963
1.65938,-2.06075,4.65841,0.40505,4.5311
0.33623,2.86943,3.66745,0.33043,-18.56202
1.33816,2.29637,0.94627,0.09483,-5.53454
0.41674,3.05272,-0.28659,0.31635,-1.56734
1.37801,1.67251,-0.1975,0.35666,-7.04509
0.95191,2.24306,-3.33984,0.11665,-7.63329
1.49259,0.59437,-0.46438,0.06647,-3.66668
0.29395,2.30771,3.21732,0.21676,-32.78585
1.19915,-2.44094,4.88788,0.21215,4.55315
0.46078,1.51836,4.60342,0.07665,-22.92265
1.42829,0.80879,4.62179,0.09586,-5.18613
0.41592,-2.76557,-4.80989,0.24981,15.60733
0.33245,-1.30948,0.15772,0.26371,28.13006
1.48362,-1.78375,-2.99869,0.26893,6.82921
0.31436,-0.5958,1.15284,0.49102,11.78399
0.60416,-1.8953,4.45837,0.0198,15.14818
1.68452,-1.41479,3.76651,0.39315,5.23104
1.65744,-1.28158,3.66582,0.1759,5.43822
1.73743,0.62713,-1.34282,0.37645,-3.14591
0.78698,-2.29416,0.01171,0.36772,9.33692
1.15049,-1.62671,-2.18056,0.30992,9.02408
1.59203,-1.14889,0.53854,0.31558,5.55457
0.44657,-0.32002,-1.96612,0.3318,10.18162
1.5039,-2.90227,3.08731,0.3738,1.03597
0.37548,3.13664,-0.35581,0.06581,0.03664
1.84385,-1.25417,2.00399,0.18042,4.94958
1.34716,-1.33615,3.72667,0.421,6.21794
1.08795,0.34476,-2.00251,0.27394,-2.58402
1.07251,2.22445,1.22092,0.06847,-7.33398
0.52645,-0.27137,3.45813,0.48082,-1.00444
0.82265,-1.57809,4.50733,0.49392,8.63495
1.50882,0.41391,-3.36933,0.25634,-2.23556
1.1737,-0.10718,1.8142,0.2666,0.54298
1.15275,-0.48334,-0.64781,0.14601,4.02611
0.55144,3.04033,-2.14477,0.25808,0.02185
1.44265,3.11615,-3.4227,0.48439,0.6236
0.90566,0.3892,0.85381,0.12728,-4.24268
0.52896,-2.71431,-1.65912,0.15231,8.58857
1.89881,0.42046,1.67944,0.44875,-2.31783
1.11224,2.84297,-2.19003,0.1922,-2.25467
1.15047,2.67471,-4.99408,0.48626,-2.00331
1.96647,-1.78756,2.67228,0.17479,4.7511
0.85953,-1.94704,-3.38673,0.00232,10.62549
1.89744,-2.18494,-2.47497,0.47686,4.55319
1.45087,2.00926,-2.64646,0.11849,-5.97289
1.33957,-0.06249,-1.57759,0.34706,0.76242
0.62195,-1.01758,-0.14658,0.02369,13.4292
0.29316,-1.10077,3.12452,0.37413,16.23241
0.98801,-1.41112,1.5022,0.11003,9.6334
0.21831,2.40407,-3.54002,0.40013,-0.49684
0.3278,-0.5675,-3.16324,0.4833,30.31333
1.27159,-1.60838,3.47063,0.02261,7.66078
1.50405,1.32201,-2.50145,0.184,-6.11813
0.50231,0.85109,-2.81317,0.35789,-10.69611
1.5185,1.35318,-4.9643,0.49822,-5.23533
1.90951,2.02291,2.74076,0.18152,-4.75772
1.53772,-2.50552,2.38452,0.49749,3.28804
1.61249,-3.1291,-1.52386,0.44959,0.33951
1.46128,-2.82388,-4.92685,0.35966,2.92705
0.60453,1.29932,2.85575,0.19095,-17.12536
0.8496,2.73002,-4.00635,0.26846,-3.12918
1.90868,-1.0612,-0.39532,0.36017,4.52571
1.39018,1.7668,3.40148,0.34286,-7.525
1.62024,1.44001,-2.55718,0.1442,-5.86247
1.94365,3.00375,-1.20331,0.27861,-0.60478
0.61659,-0.18351,1.60856,0.41751,1.13683
0.77904,-2.09813,1.73163,0.23754,10.2041
1.36064,1.6665,-0.37294,0.28312,-7.1198
0.24384,2.0032,-0.66247,0.16377,-34.70335
1.22819,1.3025,-0.80491,0.08005,-7.65887
1.65564,2.28194,-0.13967,0.03299,-4.48736
1.2988,-0.80938,-1.53355,0.20303,5.652
0.73171,1.19578,-2.43586,0.31588,-11.03809
1.50339,-1.48378,-1.83949,0.38001,6.80985
0.46286,-0.33653,-0.22233,0.04203,7.04224
1.81059,-1.61797,-1.17859,0.15924,5.46934
0.38165,-2.17063,0.85538,0.40395,18.84489
1.75428,-2.91569,1.31141,0.05613,1.22861
1.09606,1.07709,4.96144,0.49664,-9.93253
0.97156,2.35791,1.15169,0.31634,-7.51345
1.10119,-1.16604,2.34633,0.47001,7.27927
0.56037,-0.44463,-4.01968,0.36514,12.20393
1.02383,-3.11931,2.60449,0.48194,-0.98392
1.7295,-0.54755,0.08903,0.33267,2.94301
1.64172,-1.37399,3.66558,0.13404,5.6778
0.49349,0.46621,4.70909,0.40014,-16.67305
1.41216,2.56679,-2.69634,0.11303,-3.62394
1.74231,0.03866,4.28675,0.2825,-0.61654
1.67558,1.1029,1.71641,0.18652,-5.33946
0.96614,1.29109,2.39114,0.39955,-10.78274
0.28657,-2.18383,-0.27639,0.37974,29.27723
1.8761,-0.96403,-1.45206,0.43195,4.47372
0.91259,-2.43068,3.00034,0.12347,6.56957
0.84976,-0.3723,-4.78028,0.49878,7.50135
1.56713,2.43339,0.40596,0.40269,-4.13843
0.67515,-0.11979,-4.2617,0.19335,3.54416
1.70255,-0.2755,-2.45365,0.06383,1.62144
0.33689,-1.82637,2.25199,0.17471,24.70656
1.53328,-1.19244,2.54739,0.05309,5.88801
1.93842,2.74324,3.89043,0.30769,-2.28169
1.99238,-1.23782,2.15437,0.05646,4.62266
1.86285,1.45384,1.74746,0.21526,-5.33855
1.76737,-2.87681,4.45117,0.33378,0.97695
0.70198,-2.33537,0.3741,0.22654,9.91321
1.93997,-1.18452,1.53882,0.44083,4.50395
1.87021,2.5222,3.68063,0.1205,-3.17195
1.16187,-1.76374,2.63695,0.26195,7.77492
0.92374,1.42468,2.69926,0.45659,-11.95105
0.39668,-2.08901,0.36756,0.1766,21.0708
1.26314,0.70901,0.27845,0.23635,-5.09777
1.46098,0.54556,1.48707,0.46642,-3.80916
0.92719,0.76622,2.00546,0.24966,-7.91897
0.93085,-1.34286,0.46102,0.43212,10.03623
1.23196,-2.12307,-3.14533,0.47023,7.75361
0.25001,2.42836,-2.51588,0.12805,-20.51869
1.92416,0.43633,-0.06925,0.39292,-2.14728
0.72183,-1.80929,-2.95935,0.32688,15.06236
0.4536,-0.54457,-0.76513,0.49336,13.03838
0.20988,-2.72004,-3.52859,0.29279,42.57901
1.7424,-0.15472,-3.53768,0.39639,1.3295
1.75377,-0.47821,3.43215,0.17285,2.38126
0.37155,-2.30765,0.4225,0.3032,18.62563
0.47403,-0.34952,2.80435,0.38929,2.2285
1.00622,0.87671,-4.88461,0.48346,-5.16132
0.53427,2.69228,-2.14369,0.12592,-7.02954
1.52448,1.27665,-4.82319,0.03945,-6.07674
0.30447,0.0153,-4.96618,0.48815,25.65777
1.18948,1.69678,-4.67984,0.30132,-7.1853
0.88902,-1.38271,0.21524,0.00863,10.8376
1.0369,1.06049,-4.09178,0.25999,-7.26602
0.96456,-3.10979,2.98374,0.46802,-1.17752
0.47569,-2.68574,0.16188,0.49221,8.72662
0.59651,0.78078,-2.54647,0.16286,-10.40963
0.31665,-1.93177,3.38657,0.39095,15.77931
0.40751,1.18582,0.09638,0.22935,-22.44397
1.96021,0.85925,-1.49201,0.199,-3.71294
0.70362,-2.74156,0.67951,0.3791,4.90943
0.75265,-0.67546,1.72609,0.13498,7.73833
0.42879,0.71001,0.58804,0.21319,-15.59489
1.5593,1.34134,4.32785,0.12327,-6.34583
1.86346,1.98602,-1.46026,0.07132,-4.78709
1.62155,-1.06536,-0.90051,0.18965,5.35827
1.30271,2.11565,3.58854,0.47961,-7.45426
1.66382,-0.91575,1.37488,0.20944,4.57167
0.92761,-3.09769,4.66267,0.34161,-1.387
1.7471,0.69119,2.92165,0.14254,-3.71575
1.63733,-1.62314,0.12928,0.43268,5.96237
0.2031,-2.36008,1.34718,0.31245,23.81647
1.07803,-1.51828,-0.93916,0.47523,9.47143
0.67631,2.06034,-3.72354,0.16298,-11.47474
0.35522,2.60125,-0.92889,0.26902,-12.22655
1.72315,2.90093,-2.18514,0.09552,-1.28665
0.21431,-1.23885,1.7808,0.06794,40.64179
1.51429,-0.27691,1.69197,0.29268,1.55509
1.97875,1.90083,4.37368,0.40171,-5.13885
1.06764,-1.14415,-4.20543,0.0999,8.73343
0.86823,-0.72167,-0.32432,0.35146,7.61562
1.2905,-1.65075,-1.01361,0.33578,7.78179
1.64846,0.4547,0.27438,0.24127,-2.63799
0.63245,1.0007,-3.80437,0.38346,-9.41091
0.65126,-1.14078,-0.08573,0.29695,13.75171
1.29292,-2.98935,1.57011,0.47325,0.70619
1.89178,1.48225,-1.86214,0.38185,-4.96658
0.73719,0.7326,1.50442,0.4433,-10.12714
0.87816,-1.76558,-2.34328,0.18068,11.50888
1.988,-1.1646,-1.30695,0.4055,4.66718
0.5172,2.87213,4.07288,0.49601,-12.60169
0.33854,0.81809,-4.74942,0.08173,-17.76184
1.26156,0.5999,-2.27177,0.25559,-4.02527
0.24368,0.8777,4.35726,0.43117,-62.60774
0.52478,2.85536,-3.52957,0.19831,-2.73628
1.31998,-1.0062,-1.02592,0.25412,6.42816
1.38712,-1.37655,-0.45904,0.37381,7.02837
1.11877,-0.77445,1.52647,0.41235,5.62919
0.89075,1.89092,1.11773,0.09977,-10.59427
1.23716,-2.38159,1.26762,0.19555,5.30087
1.35809,-1.84207,4.40411,0.19725,6.48819
1.64627,-1.70748,-1.07215,0.07641,5.93358
1.62695,0.85688,-0.10187,0.04558,-4.55552
1.39664,0.88959,4.63974,0.37235,-6.34201
1.80962,-0.80496,-3.71848,0.426,4.39122
1.70845,-1.40623,4.48212,0.47596,4.93359
0.43984,1.60003,4.4828,0.47815,-33.37331
1.92202,-2.94225,4.53475,0.49734,0.40022
1.80514,1.50003,-4.32971,0.0415,-5.36575
0.77767,-1.8204,0.77566,0.1984,11.96923
0.23633,2.53072,3.38172,0.04108,-26.29613
1.28716,-0.54228,-1.86298,0.33894,4.3145
0.98915,0.89408,0.90562,0.4862,-8.18209
1.54922,-2.38152,-2.43555,0.01834,4.38135
1.14428,-1.54639,-3.70387,0.26316,9.31495
0.33768,1.26046,3.52256,0.26663,-35.8999
0.64044,0.31639,4.8122,0.08164,-5.72375
1.78854,1.69946,-4.30254,0.41673,-4.87906
0.26784,0.39837,-3.78679,0.19736,-3.78999
1.52601,0.43562,0.88607,0.21023,-2.79267
0.7255,2.25101,-4.13689,0.48098,-6.73203
1.01475,-0.47319,1.31165,0.12369,4.24812
1.15581,2.48214,2.19486,0.19273,-5.51686
0.65015,-0.8029,-0.85371,0.38508,11.63225
1.37353,-1.07697,2.56243,0.23999,5.96293
1.4482,1.75566,-3.86371,0.30171,-6.1027
0.35311,-3.06904,-1.98764,0.23891,5.82225
0.87307,-2.05968,3.07639,0.14166,9.34826
1.53988,-2.69068,-4.11652,0.08136,2.91752
1.49895,0.07606,-2.14914,0.42507,-0.09071
1.18029,0.80469,1.21163,0.13761,-6.10914
1.59981,-3.0764,-2.52608,0.49868,0.89167
0.39376,-2.12709,-0.19124,0.00503,21.16332
0.41278,-1.24067,3.37192,0.44097,13.75562
1.38348,-1.29291,-2.30334,0.47368,7.38883
1.448,-2.53129,-0.64149,0.02935,3.89176
1.66615,-2.05556,-4.81748,0.31379,5.754
0.52587,2.18059,2.08369,0.39134,-18.24142
1.13019,1.26029,-1.44941,0.30768,-7.91574
1.3895,-1.28118,3.60054,0.44006,5.94542
0.60266,-1.48655,-4.11438,0.06624,16.97051
1.13047,-2.63769,2.8223,0.47438,3.14244
1.3492,-0.94935,3.13795,0.27525,5.43709
0.58601,-0.64045,2.76069,0.17219,8.61905
0.87601,2.53955,2.34379,0.26259,-7.14401
0.58941,1.52754,-2.62211,0.16966,-15.34767
1.8253,-0.13098,-0.83268,0.22772,0.75885
0.62624,-2.29426,-1.14048,0.07823,11.96867
0.4175,0.98119,-2.58962,0.42232,-13.25541
0.26328,2.73955,-0.0831,0.19481,-14.3467
0.28092,-2.65122,1.97533,0.23351,10.60135
0.54486,2.19037,-0.21273,0.45479,-14.3323
1.29478,-2.0099,4.74464,0.4535,5.57434
0.23177,1.26469,2.08758,0.39404,-55.67226
0.71614,-1.98639,-0.57301,0.01501,12.54916
0.3047,0.6284,-0.96042,0.45319,-14.2382
0.92659,-1.64855,0.83607,0.09437,10.46337
0.28744,0.262,-0.68236,0.21915,-7.02984
1.29358,0.62931,-2.78062,0.4515,-3.71337
1.43916,0.74469,0.21046,0.04752,-4.62462
1.51641,1.14856,1.72715,0.06655,-5.95106
0.60382,-2.70787,-1.41555,0.28803,7.94599
1.7633,1.27792,-2.16676,0.23386,-5.16356
1.44252,-2.17023,-2.82607,0.19484,5.87958
0.30197,1.11233,-1.37178,0.40483,-23.04158
0.99338,-2.36224,-2.55632,0.44734,8.09943
1.58196,-0.12934,2.63099,0.49571,0.27869
0.75961,-0.71145,1.38714,0.06148,8.28457
0.88681,2.93642,-2.13068,0.33812,-1.33764
1.33329,0.8219,4.91831,0.43567,-6.5945
0.29987,-2.58738,1.45672,0.12026,15.26868
1.94048,1.26221,-3.57527,0.24002,-4.58874
0.51407,-1.92179,3.29337,0.00358,17.87505
0.24801,-1.34366,2.53702,0.06731,35.76279
0.20958,-0.76376,0.00029,0.06278,32.37385
0.9192,1.73558,-2.66536,0.35378,-9.41176
1.79166,2.79024,3.10876,0.31112,-2.18575
1.67557,2.66618,-3.75482,0.01935,-2.65388
1.84168,-2.06916,-0.81965,0.29785,4.75074
1.16081,-2.762,3.17323,0.03407,3.05119
1.00774,2.06423,3.01441,0.1011,-8.87347
0.89455,-1.33066,1.29892,0.45068,9.9202
0.28355,0.52041,-4.92258,0.22363,-3.51105
1.83714,3.00731,-1.66878,0.39067,-0.52175
1.09312,-1.97027,3.53198,0.15716,7.80322
1.01912,-0.7863,2.21366,0.05539,6.69468
1.1273,2.30969,3.10595,0.4441,-7.51818
1.62948,0.94236,-4.37019,0.08191,-4.7353
0.60405,2.74923,4.40769,0.17482,-8.32179
1.47782,0.82762,-2.7095,0.35062,-4.45282
1.47939,-1.23421,-1.67707,0.2959,6.48578
1.7292,1.91705,3.40583,0.464,-5.86496
0.21563,1.629,-0.93781,0.49384,-35.45707
0.50671,2.72451,1.43077,0.07332,-8.25126
1.04788,-0.14975,0.52364,0.11329,1.34263
1.73097,0.01784,3.66076,0.31958,-0.49156
1.93721,-1.10695,-3.43876,0.07337,4.59615
1.27076,-1.45293,-4.02209,0.27111,8.34146
0.58184,3.11978,1.32354,0.18641,-1.0966
0.53225,2.99868,3.44642,0.44406,-8.0273
1.351,0.18627,4.23102,0.45905,-2.40891
0.57812,2.85939,-1.00074,0.12942,-4.33785
1.19556,-0.9038,2.34857,0.04783,6.36824
1.70266,2.19908,-1.09213,0.49554,-4.47465
0.90168,0.8474,-1.81125,0.07495,-7.98809
0.88125,1.36387,-4.75788,0.08672,-10.36315
0.26505,1.37101,-2.49889,0.12609,-31.79042
0.65735,0.85344,-3.29828,0.17043,-9.94466
1.45674,2.21374,-2.31387,0.07389,-5.30903
0.8487,-0.6785,-2.11273,0.16112,7.72718
0.48494,2.19402,3.58909,0.01101,-16.59437
0.39038,-1.98916,-2.96624,0.40049,30.75703
0.3711,-1.88521,3.19299,0.13178,22.08394
1.38644,1.36561,3.59342,0.40889,-7.69164
1.30272,1.57161,-0.36224,0.32346,-7.46136
1.13334,2.52773,2.24516,0.24027,-5.40599
1.10059,-1.41571,-1.81392,0.48615,9.53445
0.47565,-2.7893,-4.82229,0.19334,11.23749
1.10109,0.04695,2.09652,0.08919,-0.57235
0.30789,2.35833,1.06413,0.28872,-25.7228
1.86655,2.96231,-0.38636,0.07007,-0.92946
0.30445,2.24829,3.9869,0.13841,-31.05915
0.96235,-0.06311,2.27258,0.45387,-0.47088
0.20103,2.2832,-0.74419,0.44608,-28.71644
1.61507,-1.79717,-4.46621,0.23286,6.31777
0.49911,2.64629,3.76086,0.23914,-12.95241
1.86485,0.42001,4.84643,0.28339,-2.53997
0.27916,-0.69515,1.34521,0.04209,21.78135
1.67742,0.51297,2.68201,0.12658,-2.99078
1.38195,1.78448,0.06025,0.28999,-6.94638
0.64952,-1.63286,-2.63357,0.16058,16.07671
0.56436,-2.50146,4.12067,0.1067,9.00225
0.84382,1.46474,1.88351,0.32368,-12.41659
1.69113,2.84295,0.48563,0.28322,-1.75486
1.75152,0.86066,1.82084,0.16354,-4.34403
0.51551,-2.24571,0.11861,0.4687,14.64829
0.83621,0.90092,-4.41616,0.38884,-6.74052
0.62748,-2.40877,1.60441,0.29807,9.24398
0.42076,-1.23449,-4.94783,0.10473,24.93608
1.36361,-2.94306,-2.79654,0.32405,1.90628
0.82257,-0.07853,-3.44021,0.34387,2.68396
0.60569,-1.12246,-1.59878,0.29063,15.86228
1.7588,-2.52884,4.08316,0.31898,2.78678
1.54697,-1.19992,-4.20298,0.08111,6.05272
1.59277,0.92721,-1.42594,0.1675,-4.83281
0.27055,-1.32524,2.59562,0.44537,19.37856
1.84723,-2.24264,3.63092,0.06856,4.08355
1.23453,0.28147,2.36129,0.29485,-2.66406
1.10685,1.59107,4.65212,0.44883,-10.56555
0.21905,2.07434,1.95917,0.00708,-39.51394
1.81579,-0.17532,2.44801,0.48356,0.5833
1.179,1.32621,-0.77932,0.44167,-7.82532
1.68528,2.09436,-1.97947,0.35753,-4.79205
1.37992,1.0863,-0.38125,0.35457,-6.21991
1.63405,0.17135,2.67917,0.43386,-1.45901
1.44728,-2.76498,1.50263,0.0855,2.4315
1.85774,-1.31925,2.71899,0.34997,4.83872
0.60587,-1.13213,1.27587,0.17172,14.0617
0.56378,-0.65966,2.33101,0.43782,7.453
1.48257,2.83304,-3.44331,0.26667,-1.59165
1.10251,-1.82919,-1.76341,0.38291,9.15798
1.27849,0.2611,0.61192,0.08351,-2.01201
1.47538,3.08641,-4.83453,0.12102,-0.09792
1.18537,0.74641,4.12297,0.41908,-6.84909
1.61785,-1.82897,-2.6051,0.19762,6.05934
0.77396,2.89146,-4.11498,0.26391,-1.32446
1.74618,-1.0286,1.6425,0.36277,4.61682
0.39382,-2.84081,-3.06261,0.08484,9.05539
1.34121,-0.43127,0.61935,0.15126,3.00546
1.80224,-1.62951,-2.51023,0.16282,5.55969
0.65485,2.00348,-3.34058,0.45834,-10.02951
0.7883,-1.75957,2.34996,0.06879,11.96324
0.7498,2.0097,-1.11627,0.18566,-11.47484
1.21567,-2.91432,0.74438,0.47966,1.57662
0.94317,2.69647,-2.83876,0.41744,-3.14624
0.39433,-2.87648,0.52415,0.33523,5.38836
1.80432,2.75543,-0.7877,0.27447,-1.98136
0.56842,-2.67858,-4.48776,0.41937,13.53332
1.16134,2.34101,2.26692,0.4732,-6.85835
1.27065,2.08182,0.52364,0.46204,-6.88398
0.27335,0.59328,4.2734,0.31956,-38.3402
0.37228,-2.91549,3.0795,0.36394,-2.17906
1.94904,0.76116,0.71119,0.38765,-3.54432
1.39612,0.74045,-4.5694,0.40467,-3.79162
0.26042,0.35938,2.51919,0.36654,-26.8641
1.62956,0.8264,0.49044,0.08997,-4.44433
1.11538,2.94121,3.35032,0.37979,-2.77347
0.33536,3.11336,0.77745,0.19519,-2.17494
1.42535,0.12878,-4.97973,0.0999,-0.63901
1.09883,-2.56479,3.14912,0.05127,4.73494
0.56886,-2.29984,2.99274,0.12016,11.75038
1.77986,1.38451,-4.00597,0.25387,-5.09526
0.72448,3.02827,1.83823,0.12344,-1.96354
0.7122,-0.40178,0.26101,0.33296,5.21513
0.69099,-2.5256,0.89917,0.4822,7.29453
1.58142,-0.92335,3.89353,0.02202,4.91361
1.47101,-0.7225,-2.50431,0.06533,4.48548
1.82566,3.1202,-4.8684,0.12364,0.06566
0.61281,1.17234,-2.91438,0.40218,-11.63298
1.61546,-2.40102,4.15126,0.13564,3.88149
1.23148,-1.02368,-2.88577,0.09576,6.98541
0.75562,-2.83649,1.74511,0.07643,3.66627
0.26382,0.96171,2.89686,0.07496,-33.61777
1.67411,1.08535,3.1321,0.35991,-5.58507
0.63393,-2.78033,-4.89563,0.35406,9.78297
1.33714,-1.03346,-4.90598,0.15557,6.72952
1.18796,2.53111,4.8901,0.22472,-5.5126
0.20801,2.05345,0.27427,0.3141,-43.76507
1.98982,0.46629,-4.36297,0.48753,-1.67923
1.66579,-0.09661,-4.73191,0.37157,1.20172
1.07565,3.09668,3.10771,0.40151,-1.48792
1.42461,1.3961,4.04955,0.48886,-7.7567
1.05787,2.84399,0.24492,0.19055,-2.76091
1.54026,-2.69181,-1.28286,0.03455,2.78777
0.44179,-1.80861,2.02357,0.37345,17.70829
1.00343,-2.94612,-4.77612,0.06055,2.18613
0.80397,2.31169,3.98916,0.2193,-10.35684
1.02738,1.22039,-2.43909,0.36919,-8.11521
1.01085,-2.02537,-3.09091,0.27918,9.56364
0.45757,2.97943,-1.89208,0.18357,-1.80255
1.95768,2.86386,-4.36272,0.25718,-1.08116
0.22789,-1.7304,-1.1044,0.12261,45.10823
0.21813,0.92369,2.14748,0.03707,-37.55385
0.87219,1.05622,-0.01794,0.20624,-9.7861
1.31668,-3.11635,1.67979,0.02916,0.15977
0.52338,1.18614,-2.86228,0.48983,-12.2557
1.15975,-1.75087,-1.0211,0.22382,8.49187
1.50099,2.52156,0.19481,0.44118,-3.83579
0.36931,2.1269,0.72558,0.47589,-25.09223
1.97196,2.54653,-3.13604,0.22469,-2.60743
0.80606,1.61826,3.07669,0.21018,-13.15185
1.35635,-2.10546,-4.09784,0.44671,7.21831
0.3993,-0.87616,-4.01713,0.01734,19.31243
1.47708,1.31276,-2.50299,0.2436,-6.14214
1.71282,-1.11008,1.54274,0.13431,5.0596
0.38951,1.31968,-4.22913,0.37638,-13.90397
0.42655,-1.02945,-4.92274,0.41836,31.02892
0.70589,-2.02489,-0.27818,0.31,12.66216
0.22148,0.11413,-1.53343,0.20347,1.31628
1.97489,1.1701,-3.43254,0.2775,-4.32967
1.27709,0.10804,1.55924,0.28707,-1.10277
1.29366,0.89138,1.41431,0.31757,-6.16758
1.92613,-0.38924,-3.78107,0.4611,2.40268
1.69765,1.74881,-2.70199,0.12456,-5.57047
1.66564,0.94227,-1.35021,0.10079,-4.71504
0.8111,0.46877,4.9004,0.09511,-6.17265
0.80275,-0.40607,2.68591,0.34863,3.37404
0.72513,0.22448,-1.62835,0.45244,-1.61036
0.82405,-2.82109,4.65438,0.16339,2.63055
0.86512,1.04753,-0.45068,0.21034,-9.69554
0.45201,-1.85724,-1.19668,0.48409,23.65437
0.84071,2.26288,4.44286,0.07264,-9.44059
1.00414,1.96251,2.36175,0.43978,-10.0596
0.75683,0.17564,0.47844,0.47964,-2.66566
0.49762,2.18109,1.00697,0.39975,-17.78051
0.87214,1.07319,4.72811,0.1682,-10.92967
1.06563,-2.25403,-3.47098,0.32679,8.13828
