t,split,x_ddot_actual,x_ddot_pinn,x_ddot_error,theta_ddot_actual,theta_ddot_pinn,theta_ddot_error
1.000000000e-03,train,8.306860000e+00,8.268660274e+00,-3.819972608e-02,1.519476000e+01,1.508067134e+01,-1.140886573e-01
6.000000000e-03,train,8.263804000e+00,8.225459685e+00,-3.834431474e-02,1.511564000e+01,1.500261844e+01,-1.130215557e-01
1.100000000e-02,train,8.220071000e+00,8.181606788e+00,-3.846421155e-02,1.503013000e+01,1.491819546e+01,-1.119345396e-01
1.600000000e-02,train,8.175651000e+00,8.137095461e+00,-3.855553898e-02,1.493822000e+01,1.482740658e+01,-1.108134178e-01
2.100000000e-02,train,8.130529000e+00,8.091910387e+00,-3.861861270e-02,1.483990000e+01,1.473024871e+01,-1.096512858e-01
2.600000000e-02,train,8.084679000e+00,8.046027583e+00,-3.865141740e-02,1.473513000e+01,1.462668468e+01,-1.084453216e-01
3.100000000e-02,train,8.038072000e+00,7.999421808e+00,-3.865019198e-02,1.462387000e+01,1.451668360e+01,-1.071864017e-01
3.600000000e-02,train,7.990672000e+00,7.952055983e+00,-3.861601664e-02,1.450605000e+01,1.440017632e+01,-1.058736777e-01
4.100000000e-02,test,7.942440000e+00,7.903891797e+00,-3.854820299e-02,1.438162000e+01,1.427710107e+01,-1.045189282e-01
4.600000000e-02,validation,7.893330000e+00,7.854887353e+00,-3.844264670e-02,1.425048000e+01,1.414740046e+01,-1.030795399e-01
5.100000000e-02,train,7.843293000e+00,7.804993590e+00,-3.829941032e-02,1.411256000e+01,1.401098794e+01,-1.015720579e-01
5.600000000e-02,validation,7.792275000e+00,7.754159433e+00,-3.811556702e-02,1.396777000e+01,1.386777082e+01,-9.999917535e-02
6.100000000e-02,train,7.740220000e+00,7.702330374e+00,-3.788962569e-02,1.381600000e+01,1.371764856e+01,-9.835143865e-02
6.600000000e-02,validation,7.687070000e+00,7.649452764e+00,-3.761723625e-02,1.365715000e+01,1.356054922e+01,-9.660077562e-02
7.100000000e-02,train,7.632766000e+00,7.595471379e+00,-3.729462092e-02,1.349112000e+01,1.339638330e+01,-9.473670264e-02
7.600000000e-02,train,7.577246000e+00,7.540327764e+00,-3.691823637e-02,1.331780000e+01,1.322505609e+01,-9.274390600e-02
8.100000000e-02,test,7.520448000e+00,7.483964046e+00,-3.648395423e-02,1.313709000e+01,1.304645966e+01,-9.063034174e-02
8.600000000e-02,validation,7.462311000e+00,7.426329428e+00,-3.598157160e-02,1.294889000e+01,1.286055743e+01,-8.833256683e-02
9.100000000e-02,train,7.402777000e+00,7.367365378e+00,-3.541162156e-02,1.275311000e+01,1.266722913e+01,-8.588087323e-02
9.600000000e-02,test,7.341786000e+00,7.307025178e+00,-3.476082169e-02,1.254965000e+01,1.246645016e+01,-8.319984497e-02
1.010000000e-01,train,7.279283000e+00,7.245259676e+00,-3.402332405e-02,1.233844000e+01,1.225815103e+01,-8.028896521e-02
1.060000000e-01,train,7.215217000e+00,7.182025045e+00,-3.319195501e-02,1.211941000e+01,1.204228966e+01,-7.712034452e-02
1.110000000e-01,train,7.149539000e+00,7.117289010e+00,-3.224999013e-02,1.189250000e+01,1.181887749e+01,-7.362251427e-02
1.160000000e-01,train,7.082208000e+00,7.051013274e+00,-3.119472648e-02,1.165767000e+01,1.158787626e+01,-6.979373918e-02
1.210000000e-01,train,7.013185000e+00,6.983174720e+00,-3.001027964e-02,1.141490000e+01,1.134932312e+01,-6.557688252e-02
1.260000000e-01,train,6.942443000e+00,6.913755911e+00,-2.868708890e-02,1.116418000e+01,1.110325518e+01,-6.092482282e-02
1.310000000e-01,train,6.869956000e+00,6.842738182e+00,-2.721781788e-02,1.090553000e+01,1.084969823e+01,-5.583176743e-02
1.360000000e-01,train,6.795710000e+00,6.770125168e+00,-2.558483234e-02,1.063898000e+01,1.058876598e+01,-5.021402479e-02
1.410000000e-01,train,6.719700000e+00,6.695916674e+00,-2.378332624e-02,1.036460000e+01,1.032054166e+01,-4.405834332e-02
1.460000000e-01,train,6.641928000e+00,6.620120616e+00,-2.180738445e-02,1.008247000e+01,1.004512694e+01,-3.734306078e-02
1.510000000e-01,validation,6.562406000e+00,6.542765611e+00,-1.964038902e-02,9.792712000e+00,9.762709369e+00,-3.000263135e-02
1.560000000e-01,validation,6.481158000e+00,6.463874633e+00,-1.728336708e-02,9.495457000e+00,9.473425512e+00,-2.203148818e-02
1.610000000e-01,test,6.398217000e+00,6.383483127e+00,-1.473387324e-02,9.190880000e+00,9.177452364e+00,-1.342763614e-02
1.660000000e-01,train,6.313628000e+00,6.301639281e+00,-1.198871878e-02,8.879180000e+00,8.875022417e+00,-4.157583129e-03
1.710000000e-01,test,6.227446000e+00,6.218394261e+00,-9.051738745e-03,8.560589000e+00,8.566345201e+00,5.756201416e-03
1.760000000e-01,train,6.139739000e+00,6.133808130e+00,-5.930869777e-03,8.235366000e+00,8.251662444e+00,1.629644436e-02
1.810000000e-01,train,6.050584000e+00,6.047945358e+00,-2.638641812e-03,7.903802000e+00,7.931224599e+00,2.742259896e-02
1.860000000e-01,test,5.960071000e+00,5.960880500e+00,8.094996428e-04,7.566215000e+00,7.605299735e+00,3.908473520e-02
1.910000000e-01,validation,5.868300000e+00,5.872695744e+00,4.395744465e-03,7.222955000e+00,7.274184179e+00,5.122917857e-02
1.960000000e-01,test,5.775380000e+00,5.783477754e+00,8.097754465e-03,6.874398000e+00,6.938182098e+00,6.378409812e-02
2.010000000e-01,train,5.681433000e+00,5.693313334e+00,1.188033353e-02,6.520947000e+00,6.597564303e+00,7.661730343e-02
2.060000000e-01,train,5.586587000e+00,5.602307907e+00,1.572090693e-02,6.163028000e+00,6.252695955e+00,8.966795522e-02
2.110000000e-01,train,5.490981000e+00,5.510560221e+00,1.957922137e-02,5.801093000e+00,5.903882153e+00,1.027891533e-01
2.160000000e-01,train,5.394762000e+00,5.418177800e+00,2.341580047e-02,5.435611000e+00,5.551457571e+00,1.158465708e-01
2.210000000e-01,train,5.298081000e+00,5.325266927e+00,2.718592684e-02,5.067070000e+00,5.195738092e+00,1.286680919e-01
2.260000000e-01,train,5.201098000e+00,5.231951195e+00,3.085319535e-02,4.695976000e+00,4.837116987e+00,1.411409871e-01
2.310000000e-01,train,5.103976000e+00,5.138351005e+00,3.437500498e-02,4.322842000e+00,4.475950645e+00,1.531086449e-01
2.360000000e-01,validation,5.006883000e+00,5.044588823e+00,3.770582339e-02,3.948195000e+00,4.112600008e+00,1.644050081e-01
2.410000000e-01,test,4.909987000e+00,4.950793015e+00,4.080601456e-02,3.572565000e+00,3.747438106e+00,1.748731058e-01
2.460000000e-01,train,4.813461000e+00,4.857094384e+00,4.363338410e-02,3.196487000e+00,3.380845768e+00,1.843587682e-01
2.510000000e-01,train,4.717474000e+00,4.763636387e+00,4.616238749e-02,2.820494000e+00,3.013261093e+00,1.927670930e-01
2.560000000e-01,train,4.622196000e+00,4.670553668e+00,4.835766796e-02,2.445117000e+00,2.645064008e+00,1.999470085e-01
2.610000000e-01,train,4.527795000e+00,4.577992020e+00,5.019702013e-02,2.070877000e+00,2.276690923e+00,2.058139227e-01
2.660000000e-01,train,4.434435000e+00,4.486102353e+00,5.166735269e-02,1.698288000e+00,1.908593457e+00,2.103054574e-01
2.710000000e-01,train,4.342273000e+00,4.395021394e+00,5.274839408e-02,1.327851000e+00,1.541156788e+00,2.133057884e-01
2.760000000e-01,train,4.251465000e+00,4.304912399e+00,5.344739890e-02,9.600502000e-01,1.174899202e+00,2.148490017e-01
2.810000000e-01,test,4.162155000e+00,4.215922392e+00,5.376739218e-02,5.953521000e-01,8.102526771e-01,2.149005771e-01
2.860000000e-01,train,4.074483000e+00,4.128196745e+00,5.371374523e-02,2.342028000e-01,4.476525990e-01,2.134497990e-01
2.910000000e-01,train,3.988580000e+00,4.041895231e+00,5.331523087e-02,-1.229739000e-01,8.761320995e-02,2.105871100e-01
2.960000000e-01,train,3.904565000e+00,3.957159473e+00,5.259447344e-02,-4.757788000e-01,-2.694262222e-01,2.063525778e-01
3.010000000e-01,train,3.822551000e+00,3.874135646e+00,5.158464555e-02,-8.238382000e-01,-6.229991251e-01,2.008390749e-01
3.060000000e-01,train,3.742639000e+00,3.792964148e+00,5.032514821e-02,-1.166805000e+00,-9.726465591e-01,1.941584409e-01
3.110000000e-01,train,3.664919000e+00,3.713770074e+00,4.885107402e-02,-1.504361000e+00,-1.317967263e+00,1.863937366e-01
3.160000000e-01,validation,3.589470000e+00,3.636686315e+00,4.721631459e-02,-1.836216000e+00,-1.658498654e+00,1.777173464e-01
3.210000000e-01,train,3.516361000e+00,3.561826713e+00,4.546571293e-02,-2.162108000e+00,-1.993844957e+00,1.682630431e-01
3.260000000e-01,train,3.445649000e+00,3.489297208e+00,4.364820813e-02,-2.481804000e+00,-2.323628007e+00,1.581759929e-01
3.310000000e-01,train,3.377380000e+00,3.419196477e+00,4.181647662e-02,-2.795100000e+00,-2.647470396e+00,1.476296036e-01
3.360000000e-01,train,3.311588000e+00,3.351600101e+00,4.001210089e-02,-3.101820000e+00,-2.965088925e+00,1.367310749e-01
3.410000000e-01,train,3.248297000e+00,3.286580630e+00,3.828362974e-02,-3.401816000e+00,-3.276180738e+00,1.256352615e-01
3.460000000e-01,train,3.187521000e+00,3.224198828e+00,3.667782776e-02,-3.694966000e+00,-3.580454830e+00,1.145111705e-01
3.510000000e-01,validation,3.129262000e+00,3.164494065e+00,3.523206459e-02,-3.981175000e+00,-3.877714281e+00,1.034607190e-01
3.560000000e-01,train,3.073514000e+00,3.107494713e+00,3.398071341e-02,-4.260371000e+00,-4.167773543e+00,9.259745716e-02
3.610000000e-01,validation,3.020261000e+00,3.053218090e+00,3.295708988e-02,-4.532506000e+00,-4.450459602e+00,8.204639784e-02
3.660000000e-01,validation,2.969478000e+00,3.001664478e+00,3.218647778e-02,-4.797554000e+00,-4.725670310e+00,7.188369001e-02
3.710000000e-01,train,2.921130000e+00,2.952821635e+00,3.169163484e-02,-5.055511000e+00,-4.993317447e+00,6.219355279e-02
3.760000000e-01,validation,2.875178000e+00,2.906667498e+00,3.148949837e-02,-5.306389000e+00,-5.253339758e+00,5.304924184e-02
3.810000000e-01,train,2.831571000e+00,2.863162061e+00,3.159106147e-02,-5.550220000e+00,-5.505745165e+00,4.447483509e-02
3.860000000e-01,train,2.790255000e+00,2.822257331e+00,3.200233116e-02,-5.787052000e+00,-5.750531374e+00,3.652062623e-02
3.910000000e-01,train,2.751169000e+00,2.783894340e+00,3.272534026e-02,-6.016945000e+00,-5.987753679e+00,2.919132053e-02
3.960000000e-01,train,2.714246000e+00,2.748005977e+00,3.375997737e-02,-6.239975000e+00,-6.217455636e+00,2.251936382e-02
4.010000000e-01,test,2.679414000e+00,2.714514810e+00,3.510081011e-02,-6.456229000e+00,-6.439734816e+00,1.649418441e-02
4.060000000e-01,train,2.646597000e+00,2.683336720e+00,3.673971962e-02,-6.665802000e+00,-6.654688735e+00,1.111326498e-02
4.110000000e-01,validation,2.615715000e+00,2.654378034e+00,3.866303418e-02,-6.868799000e+00,-6.862464328e+00,6.334671831e-03
4.160000000e-01,train,2.586686000e+00,2.627541522e+00,4.085552172e-02,-7.065335000e+00,-7.063201691e+00,2.133308818e-03
4.210000000e-01,train,2.559424000e+00,2.602728809e+00,4.330480930e-02,-7.255526000e+00,-7.257015653e+00,-1.489652893e-03
4.260000000e-01,train,2.533840000e+00,2.579830360e+00,4.599035976e-02,-7.439498000e+00,-7.444113501e+00,-4.615501143e-03
4.310000000e-01,validation,2.509845000e+00,2.558740062e+00,4.889506153e-02,-7.617379000e+00,-7.624623557e+00,-7.244556602e-03
4.360000000e-01,train,2.487348000e+00,2.539345784e+00,5.199778414e-02,-7.789299000e+00,-7.798742149e+00,-9.443148892e-03
4.410000000e-01,validation,2.466258000e+00,2.521536260e+00,5.527825997e-02,-7.955392000e+00,-7.966633819e+00,-1.124181873e-02
4.460000000e-01,train,2.446481000e+00,2.505198463e+00,5.871746316e-02,-8.115791000e+00,-8.128478579e+00,-1.268757937e-02
4.510000000e-01,validation,2.427925000e+00,2.490218692e+00,6.229369174e-02,-8.270633000e+00,-8.284469396e+00,-1.383639575e-02
4.560000000e-01,train,2.410499000e+00,2.476487062e+00,6.598806215e-02,-8.420050000e+00,-8.434748593e+00,-1.469859300e-02
4.610000000e-01,train,2.394110000e+00,2.463890339e+00,6.978033925e-02,-8.564178000e+00,-8.579530840e+00,-1.535283958e-02
4.660000000e-01,train,2.378666000e+00,2.452320369e+00,7.365436923e-02,-8.703149000e+00,-8.718949708e+00,-1.580070829e-02
4.710000000e-01,train,2.364079000e+00,2.441669316e+00,7.759031595e-02,-8.837092000e+00,-8.853177165e+00,-1.608516540e-02
4.760000000e-01,train,2.350260000e+00,2.431830538e+00,8.157053759e-02,-8.966137000e+00,-8.982393098e+00,-1.625609818e-02
4.810000000e-01,test,2.337120000e+00,2.422702157e+00,8.558215739e-02,-9.090410000e+00,-9.106725776e+00,-1.631577558e-02
4.860000000e-01,train,2.324575000e+00,2.414183762e+00,8.960876203e-02,-9.210033000e+00,-9.226352469e+00,-1.631946858e-02
4.910000000e-01,test,2.312541000e+00,2.406179161e+00,9.363816127e-02,-9.325126000e+00,-9.341386241e+00,-1.626024144e-02
4.960000000e-01,validation,2.300937000e+00,2.398594786e+00,9.765778554e-02,-9.435805000e+00,-9.451960345e+00,-1.615534513e-02
5.010000000e-01,validation,2.289681000e+00,2.391338451e+00,1.016574506e-01,-9.542184000e+00,-9.558228592e+00,-1.604459214e-02
5.060000000e-01,train,2.278699000e+00,2.384323705e+00,1.056247054e-01,-9.644371000e+00,-9.660307163e+00,-1.593616346e-02
5.110000000e-01,test,2.267913000e+00,2.377466954e+00,1.095539537e-01,-9.742473000e+00,-9.758291860e+00,-1.581885982e-02
5.160000000e-01,train,2.257252000e+00,2.370688699e+00,1.134366991e-01,-9.836592000e+00,-9.852309843e+00,-1.571784344e-02
5.210000000e-01,train,2.246646000e+00,2.363910849e+00,1.172648494e-01,-9.926826000e+00,-9.942456320e+00,-1.563032017e-02
5.260000000e-01,train,2.236026000e+00,2.357060754e+00,1.210347544e-01,-1.001327000e+01,-1.002883039e+01,-1.556038813e-02
5.310000000e-01,validation,2.225329000e+00,2.350068888e+00,1.247398876e-01,-1.009601000e+01,-1.011151154e+01,-1.550154147e-02
5.360000000e-01,train,2.214491000e+00,2.342868247e+00,1.283772471e-01,-1.017514000e+01,-1.019059924e+01,-1.545923973e-02
5.410000000e-01,validation,2.203453000e+00,2.335396943e+00,1.319439427e-01,-1.025075000e+01,-1.026617184e+01,-1.542184050e-02
5.460000000e-01,train,2.192159000e+00,2.327595097e+00,1.354360968e-01,-1.032290000e+01,-1.033829028e+01,-1.539027539e-02
5.510000000e-01,train,2.180553000e+00,2.319406629e+00,1.388536288e-01,-1.039168000e+01,-1.040703471e+01,-1.535470698e-02
5.560000000e-01,train,2.168584000e+00,2.310779271e+00,1.421952708e-01,-1.045716000e+01,-1.047247901e+01,-1.531901349e-02
5.610000000e-01,train,2.156204000e+00,2.301661948e+00,1.454579480e-01,-1.051942000e+01,-1.053466879e+01,-1.524878979e-02
5.660000000e-01,train,2.143366000e+00,2.292009605e+00,1.486436046e-01,-1.057851000e+01,-1.059366714e+01,-1.515714227e-02
5.710000000e-01,train,2.130028000e+00,2.281777608e+00,1.517496081e-01,-1.063450000e+01,-1.064953498e+01,-1.503498133e-02
5.760000000e-01,test,2.116147000e+00,2.270926630e+00,1.547796295e-01,-1.068746000e+01,-1.070230214e+01,-1.484213614e-02
5.810000000e-01,train,2.101687000e+00,2.259418372e+00,1.577313717e-01,-1.073743000e+01,-1.075204543e+01,-1.461542912e-02
5.860000000e-01,test,2.086612000e+00,2.247217979e+00,1.606059791e-01,-1.078448000e+01,-1.079878825e+01,-1.430824958e-02
5.910000000e-01,train,2.070889000e+00,2.234293645e+00,1.634046447e-01,-1.082866000e+01,-1.084258697e+01,-1.392697402e-02
5.960000000e-01,train,2.054489000e+00,2.220616028e+00,1.661270281e-01,-1.087001000e+01,-1.088347058e+01,-1.346057983e-02
6.010000000e-01,train,2.037384000e+00,2.206157692e+00,1.687736919e-01,-1.090859000e+01,-1.092147789e+01,-1.288788759e-02
6.060000000e-01,train,2.019550000e+00,2.190895427e+00,1.713454270e-01,-1.094444000e+01,-1.095664341e+01,-1.220340842e-02
6.110000000e-01,validation,2.000963000e+00,2.174807197e+00,1.738441969e-01,-1.097760000e+01,-1.098901208e+01,-1.141208146e-02
6.160000000e-01,train,1.981605000e+00,2.157873033e+00,1.762680330e-01,-1.100811000e+01,-1.101860279e+01,-1.049279449e-02
6.210000000e-01,train,1.961459000e+00,2.140076957e+00,1.786179569e-01,-1.103601000e+01,-1.104545458e+01,-9.444583202e-03
6.260000000e-01,train,1.940511000e+00,2.121403705e+00,1.808927046e-01,-1.106133000e+01,-1.106960560e+01,-8.275603374e-03
6.310000000e-01,train,1.918748000e+00,2.101840920e+00,1.830929199e-01,-1.108411000e+01,-1.109105587e+01,-6.945871705e-03
6.360000000e-01,test,1.896161000e+00,2.081378657e+00,1.852176574e-01,-1.110437000e+01,-1.110986239e+01,-5.492385205e-03
6.410000000e-01,train,-1.146158000e+01,-1.132587362e+01,1.357063757e-01,-2.361577000e+01,-2.339111604e+01,2.246539579e-01
6.460000000e-01,validation,-1.143311000e+01,-1.130098887e+01,1.321211252e-01,-2.358148000e+01,-2.335816297e+01,2.233170264e-01
6.510000000e-01,validation,-1.140997000e+01,-1.128194817e+01,1.280218290e-01,-2.355556000e+01,-2.333291005e+01,2.226499452e-01
6.560000000e-01,validation,-1.139210000e+01,-1.126868418e+01,1.234158243e-01,-2.353787000e+01,-2.331524861e+01,2.226213908e-01
6.610000000e-01,train,-1.137942000e+01,-1.126110055e+01,1.183194549e-01,-2.352826000e+01,-2.330503801e+01,2.232219861e-01
6.660000000e-01,validation,-1.137187000e+01,-1.125913020e+01,1.127398027e-01,-2.352659000e+01,-2.330218108e+01,2.244089169e-01
6.710000000e-01,train,-1.136939000e+01,-1.126269468e+01,1.066953214e-01,-2.353270000e+01,-2.330657780e+01,2.261221981e-01
6.760000000e-01,test,-1.137190000e+01,-1.127169518e+01,1.002048182e-01,-2.354646000e+01,-2.331811648e+01,2.283435211e-01
6.810000000e-01,train,-1.137931000e+01,-1.128606758e+01,9.324242300e-02,-2.356769000e+01,-2.333673211e+01,2.309578880e-01
6.860000000e-01,train,-1.139156000e+01,-1.130569485e+01,8.586515089e-02,-2.359623000e+01,-2.336229957e+01,2.339304320e-01
6.910000000e-01,train,-1.140854000e+01,-1.133049158e+01,7.804842416e-02,-2.363190000e+01,-2.339474444e+01,2.371555576e-01
6.960000000e-01,train,-1.143016000e+01,-1.136035050e+01,6.980949638e-02,-2.367450000e+01,-2.343397157e+01,2.405284255e-01
7.010000000e-01,train,-1.145631000e+01,-1.139513791e+01,6.117208869e-02,-2.372382000e+01,-2.347986222e+01,2.439577796e-01
7.060000000e-01,train,-1.148687000e+01,-1.143474364e+01,5.212635870e-02,-2.377962000e+01,-2.353232372e+01,2.472962774e-01
7.110000000e-01,train,-1.152172000e+01,-1.147900799e+01,4.271201100e-02,-2.384164000e+01,-2.359120189e+01,2.504381130e-01
7.160000000e-01,train,-1.156069000e+01,-1.152777750e+01,3.291249553e-02,-2.390959000e+01,-2.365636164e+01,2.532283551e-01
7.210000000e-01,train,-1.160364000e+01,-1.158085931e+01,2.278068538e-02,-2.398313000e+01,-2.372760414e+01,2.555258629e-01
7.260000000e-01,train,-1.165036000e+01,-1.163807820e+01,1.228180025e-02,-2.406189000e+01,-2.380474484e+01,2.571451648e-01
7.310000000e-01,validation,-1.170067000e+01,-1.169918054e+01,1.489461025e-03,-2.414546000e+01,-2.388749665e+01,2.579633455e-01
7.360000000e-01,train,-1.175432000e+01,-1.176391984e+01,-9.599844249e-03,-2.423334000e+01,-2.397554954e+01,2.577904576e-01
7.410000000e-01,train,-1.181105000e+01,-1.183201446e+01,-2.096445861e-02,-2.432500000e+01,-2.406852945e+01,2.564705454e-01
7.460000000e-01,train,-1.187057000e+01,-1.190311594e+01,-3.254593996e-02,-2.441983000e+01,-2.416594889e+01,2.538811139e-01
7.510000000e-01,test,-1.193256000e+01,-1.197686743e+01,-4.430743078e-02,-2.451711000e+01,-2.426724899e+01,2.498610073e-01
7.560000000e-01,test,-1.199664000e+01,-1.205285094e+01,-5.621094248e-02,-2.461605000e+01,-2.437175491e+01,2.442950862e-01
7.610000000e-01,train,-1.206239000e+01,-1.213058331e+01,-6.819330856e-02,-2.471576000e+01,-2.447863316e+01,2.371268426e-01
7.660000000e-01,train,-1.212936000e+01,-1.220954164e+01,-8.018164296e-02,-2.481520000e+01,-2.458692140e+01,2.282785952e-01
7.710000000e-01,train,-1.219703000e+01,-1.228913531e+01,-9.210530740e-02,-2.491324000e+01,-2.469547640e+01,2.177636031e-01
7.760000000e-01,train,-1.226481000e+01,-1.236868513e+01,-1.038751292e-01,-2.500855000e+01,-2.480293957e+01,2.056104276e-01
7.810000000e-01,test,-1.233207000e+01,-1.244746162e+01,-1.153916160e-01,-2.509970000e+01,-2.490776310e+01,1.919368979e-01
7.860000000e-01,train,-1.239809000e+01,-1.252463619e+01,-1.265461909e-01,-2.518504000e+01,-2.500813873e+01,1.769012660e-01
7.910000000e-01,validation,-1.246210000e+01,-1.259929982e+01,-1.371998156e-01,-2.526274000e+01,-2.510201569e+01,1.607243079e-01
7.960000000e-01,train,-1.252321000e+01,-1.267046304e+01,-1.472530369e-01,-2.533078000e+01,-2.518708121e+01,1.436987902e-01
8.010000000e-01,train,-1.258048000e+01,-1.273702807e+01,-1.565480741e-01,-2.538690000e+01,-2.526072793e+01,1.261720677e-01
8.060000000e-01,validation,-1.263288000e+01,-1.279781791e+01,-1.649379129e-01,-2.542862000e+01,-2.532008349e+01,1.085365095e-01
8.110000000e-01,test,-1.267927000e+01,-1.285156296e+01,-1.722929554e-01,-2.545321000e+01,-2.536199634e+01,9.121366135e-02
8.160000000e-01,train,-1.271842000e+01,-1.289692308e+01,-1.785030815e-01,-2.545770000e+01,-2.538307328e+01,7.462672190e-02
8.210000000e-01,train,-1.274903000e+01,-1.293246093e+01,-1.834309328e-01,-2.543886000e+01,-2.537964847e+01,5.921153366e-02
8.260000000e-01,train,-1.276968000e+01,-1.295668120e+01,-1.870011964e-01,-2.539322000e+01,-2.534786365e+01,4.535634668e-02
8.310000000e-01,train,-1.277888000e+01,-1.296801891e+01,-1.891389072e-01,-2.531705000e+01,-2.528365888e+01,3.339112467e-02
8.360000000e-01,train,-1.277508000e+01,-1.296488701e+01,-1.898070117e-01,-2.520642000e+01,-2.518287122e+01,2.354877577e-02
8.410000000e-01,train,-1.275663000e+01,-1.294566243e+01,-1.890324283e-01,-2.505720000e+01,-2.504122693e+01,1.597307436e-02
8.460000000e-01,validation,-1.272185000e+01,-1.290873048e+01,-1.868804833e-01,-2.486510000e+01,-2.485445175e+01,1.064824606e-02
8.510000000e-01,train,-1.266904000e+01,-1.285250854e+01,-1.834685399e-01,-2.462573000e+01,-2.461831334e+01,7.416655113e-03
8.560000000e-01,train,-1.259649000e+01,-1.277545252e+01,-1.789625186e-01,-2.433467000e+01,-2.432868090e+01,5.989098164e-03
8.610000000e-01,test,-1.250252000e+01,-1.267608533e+01,-1.735653310e-01,-2.398756000e+01,-2.398157039e+01,5.989610005e-03
8.660000000e-01,train,-1.238553000e+01,-1.255309473e+01,-1.675647260e-01,-2.358016000e+01,-2.357334880e+01,6.811203964e-03
8.710000000e-01,test,-1.224402000e+01,-1.240526600e+01,-1.612459990e-01,-2.310853000e+01,-2.310064443e+01,7.885573436e-03
8.760000000e-01,train,-1.207667000e+01,-1.223159276e+01,-1.549227634e-01,-2.256909000e+01,-2.256054297e+01,8.547031928e-03
8.810000000e-01,validation,-1.188234000e+01,-1.203128057e+01,-1.489405671e-01,-2.195883000e+01,-2.195063798e+01,8.192019718e-03
8.860000000e-01,train,-1.166020000e+01,-1.180381775e+01,-1.436177493e-01,-2.127536000e+01,-2.126921078e+01,6.149221182e-03
8.910000000e-01,validation,-1.140972000e+01,-1.154894500e+01,-1.392249986e-01,-2.051717000e+01,-2.051512654e+01,2.043459277e-03
8.960000000e-01,train,-1.113073000e+01,-1.126676088e+01,-1.360308779e-01,-1.968369000e+01,-1.968814637e+01,-4.456365240e-03
9.010000000e-01,train,-1.082350000e+01,-1.095772394e+01,-1.342239375e-01,-1.877544000e+01,-1.878893793e+01,-1.349793411e-02
9.060000000e-01,test,-1.048875000e+01,-1.062266128e+01,-1.339112814e-01,-1.779414000e+01,-1.781910652e+01,-2.496651593e-02
9.110000000e-01,train,-1.012770000e+01,-1.026279180e+01,-1.350917976e-01,-1.674278000e+01,-1.678128450e+01,-3.850449741e-02
9.160000000e-01,train,-9.742031000e+00,-9.879789669e+00,-1.377586686e-01,-1.562568000e+01,-1.567934849e+01,-5.366848669e-02
9.210000000e-01,train,-9.333957000e+00,-9.475684577e+00,-1.417275769e-01,-1.444841000e+01,-1.451814463e+01,-6.973463215e-02
9.260000000e-01,train,-8.906140000e+00,-9.052962732e+00,-1.468227320e-01,-1.321781000e+01,-1.330383466e+01,-8.602466387e-02
9.310000000e-01,test,-8.461675000e+00,-8.614438586e+00,-1.527635860e-01,-1.194184000e+01,-1.204353434e+01,-1.016943405e-01
9.360000000e-01,train,-8.004030000e+00,-8.163297380e+00,-1.592673798e-01,-1.062939000e+01,-1.074546765e+01,-1.160776503e-01
9.410000000e-01,train,-7.536962000e+00,-7.702980482e+00,-1.660184817e-01,-9.290119000e+00,-9.418646749e+00,-1.285277494e-01
9.460000000e-01,train,-7.064437000e+00,-7.237156201e+00,-1.727192012e-01,-7.934194000e+00,-8.072791898e+00,-1.385978976e-01
9.510000000e-01,train,-6.590526000e+00,-6.769617772e+00,-1.790917722e-01,-6.572020000e+00,-6.718020840e+00,-1.460008398e-01
9.560000000e-01,test,-6.119311000e+00,-6.304185723e+00,-1.848747235e-01,-5.213974000e+00,-5.364540736e+00,-1.505667361e-01
9.610000000e-01,test,-5.654776000e+00,-5.844649261e+00,-1.898732612e-01,-3.870133000e+00,-4.022461950e+00,-1.523289503e-01
9.660000000e-01,train,-5.200725000e+00,-5.394629295e+00,-1.939042948e-01,-2.550023000e+00,-2.701365409e+00,-1.513424086e-01
9.710000000e-01,train,-4.760686000e+00,-4.957539773e+00,-1.968537728e-01,-1.262401000e+00,-1.410164843e+00,-1.477638430e-01
9.760000000e-01,test,-4.337854000e+00,-4.536454275e+00,-1.986002752e-01,-1.507532000e-02,-1.567091078e-01,-1.416337878e-01
9.810000000e-01,train,-3.935028000e+00,-4.134136470e+00,-1.991084695e-01,1.185229000e+00,1.052115048e+00,-1.331139520e-01
9.860000000e-01,train,-3.554582000e+00,-3.752943145e+00,-1.983611455e-01,2.332954000e+00,2.210667276e+00,-1.222867243e-01
9.910000000e-01,train,-3.198442000e+00,-3.394815900e+00,-1.963738996e-01,3.423748000e+00,3.314538786e+00,-1.092092139e-01
9.960000000e-01,train,-2.868087000e+00,-3.061290805e+00,-1.932038048e-01,4.454455000e+00,4.360482967e+00,-9.397203336e-02
1.001000000e+00,train,-2.564559000e+00,-2.753522844e+00,-1.889638444e-01,5.423071000e+00,5.346307462e+00,-7.676353791e-02
1.006000000e+00,train,-2.288487000e+00,-2.472260855e+00,-1.837738549e-01,6.328665000e+00,6.270902093e+00,-5.776290716e-02
1.011000000e+00,train,-2.040121000e+00,-2.217924330e+00,-1.778033299e-01,7.171280000e+00,7.133990712e+00,-3.728928773e-02
1.016000000e+00,train,-1.819373000e+00,-1.990602226e+00,-1.712292259e-01,7.951810000e+00,7.936091864e+00,-1.571813584e-02
1.021000000e+00,train,-1.625856000e+00,-1.790103006e+00,-1.642470064e-01,8.671880000e+00,8.678368353e+00,6.488353439e-03
1.026000000e+00,train,-1.458932000e+00,-1.615982014e+00,-1.570500141e-01,9.333716000e+00,9.362546252e+00,2.883025229e-02
1.031000000e+00,train,-1.317758000e+00,-1.467570948e+00,-1.498129478e-01,9.940020000e+00,9.990823092e+00,5.080309185e-02
1.036000000e+00,validation,-1.201324000e+00,-1.344027008e+00,-1.427030075e-01,1.049385000e+01,1.056574785e+01,7.189785274e-02
1.041000000e+00,test,-1.108497000e+00,-1.244367056e+00,-1.358700561e-01,1.099852000e+01,1.109013092e+01,9.161092079e-02
1.046000000e+00,train,-1.038053000e+00,-1.167475269e+00,-1.294222687e-01,1.145749000e+01,1.156705053e+01,1.095605312e-01
1.051000000e+00,validation,-9.887126000e-01,-1.112171354e+00,-1.234587535e-01,1.187430000e+01,1.199967121e+01,1.253712064e-01
1.056000000e+00,train,-9.591635000e-01,-1.077203886e+00,-1.180403855e-01,1.225249000e+01,1.239129728e+01,1.388072785e-01
1.061000000e+00,validation,-9.480859000e-01,-1.061294777e+00,-1.132088772e-01,1.259554000e+01,1.274523089e+01,1.496908906e-01
1.066000000e+00,train,-9.541708000e-01,-1.063146720e+00,-1.089759202e-01,1.290684000e+01,1.306480807e+01,1.579680669e-01
1.071000000e+00,validation,-9.761341000e-01,-1.081480647e+00,-1.053465468e-01,1.318962000e+01,1.335326730e+01,1.636472996e-01
1.076000000e+00,train,-1.012729000e+00,-1.115025681e+00,-1.022966814e-01,1.344697000e+01,1.361383051e+01,1.668605104e-01
1.081000000e+00,train,-1.062752000e+00,-1.162552757e+00,-9.980075659e-02,1.368178000e+01,1.384954706e+01,1.677670618e-01
1.086000000e+00,train,-1.125053000e+00,-1.222869827e+00,-9.781682657e-02,1.389676000e+01,1.406337003e+01,1.666100276e-01
1.091000000e+00,train,-1.198536000e+00,-1.294835022e+00,-9.629902182e-02,1.409441000e+01,1.425808430e+01,1.636743048e-01
1.096000000e+00,train,-1.282161000e+00,-1.377362210e+00,-9.520121036e-02,1.427703000e+01,1.443632558e+01,1.592955811e-01
1.101000000e+00,train,-1.374946000e+00,-1.469419033e+00,-9.447303301e-02,1.444672000e+01,1.460051597e+01,1.537959656e-01
1.106000000e+00,train,-1.475965000e+00,-1.570031083e+00,-9.406608324e-02,1.460539000e+01,1.475291858e+01,1.475285845e-01
1.111000000e+00,train,-1.584349000e+00,-1.678281552e+00,-9.393255229e-02,1.475476000e+01,1.489559345e+01,1.408334543e-01
1.116000000e+00,test,-1.699282000e+00,-1.793307981e+00,-9.402598140e-02,1.489636000e+01,1.503041181e+01,1.340518089e-01
1.121000000e+00,train,-1.819997000e+00,-1.914307213e+00,-9.431021272e-02,1.503156000e+01,1.515903263e+01,1.274726341e-01
1.126000000e+00,train,-1.945778000e+00,-2.040523606e+00,-9.474560587e-02,1.516156000e+01,1.528293851e+01,1.213785116e-01
1.131000000e+00,train,-2.075951000e+00,-2.171250648e+00,-9.529964785e-02,1.528742000e+01,1.540342330e+01,1.160033046e-01
1.136000000e+00,train,-2.209887000e+00,-2.305831698e+00,-9.594469844e-02,1.541004000e+01,1.552159728e+01,1.115572817e-01
1.141000000e+00,train,-2.346994000e+00,-2.443646177e+00,-9.665217665e-02,1.553021000e+01,1.563839260e+01,1.081825988e-01
1.146000000e+00,train,-2.486718000e+00,-2.584125436e+00,-9.740743591e-02,1.564858000e+01,1.575459062e+01,1.060106240e-01
1.151000000e+00,train,-2.628538000e+00,-2.726724026e+00,-9.818602596e-02,1.576570000e+01,1.587079693e+01,1.050969276e-01
1.156000000e+00,train,-2.771963000e+00,-2.870940218e+00,-9.897721791e-02,1.588200000e+01,1.598748748e+01,1.054874816e-01
1.161000000e+00,train,-2.916531000e+00,-3.016297387e+00,-9.976638700e-02,1.599785000e+01,1.610499998e+01,1.071499825e-01
1.166000000e+00,test,-3.061806000e+00,-3.162354293e+00,-1.005482927e-01,1.611349000e+01,1.622354916e+01,1.100591645e-01
1.171000000e+00,test,-3.207378000e+00,-3.308688193e+00,-1.013101925e-01,1.622911000e+01,1.634324071e+01,1.141307114e-01
1.176000000e+00,train,8.911896000e+00,8.828550796e+00,-8.334520357e-02,1.589698000e+01,1.596046086e+01,6.348086303e-02
1.181000000e+00,train,8.728102000e+00,8.646179282e+00,-8.192271846e-02,1.555947000e+01,1.562234932e+01,6.287931697e-02
1.186000000e+00,validation,8.550387000e+00,8.470543424e+00,-7.984357591e-02,1.523280000e+01,1.529545235e+01,6.265234736e-02
1.191000000e+00,test,8.378615000e+00,8.301447198e+00,-7.716780244e-02,1.491640000e+01,1.497912248e+01,6.272247865e-02
1.196000000e+00,train,8.212649000e+00,8.138683439e+00,-7.396556116e-02,1.460973000e+01,1.467271598e+01,6.298597661e-02
1.201000000e+00,validation,8.052346000e+00,7.982048166e+00,-7.029783409e-02,1.431226000e+01,1.437561052e+01,6.335051863e-02
1.206000000e+00,train,7.897565000e+00,7.831336385e+00,-6.622861508e-02,1.402348000e+01,1.408722227e+01,6.374227400e-02
1.211000000e+00,test,7.748162000e+00,7.686343267e+00,-6.181873341e-02,1.374290000e+01,1.380699350e+01,6.409350266e-02
1.216000000e+00,train,7.603996000e+00,7.546868029e+00,-5.712797085e-02,1.347005000e+01,1.353437799e+01,6.432798546e-02
1.221000000e+00,train,7.464925000e+00,7.412712926e+00,-5.221207421e-02,1.320449000e+01,1.326888669e+01,6.439668763e-02
1.226000000e+00,test,7.330807000e+00,7.283682612e+00,-4.712438847e-02,1.294579000e+01,1.301004390e+01,6.425389568e-02
1.231000000e+00,train,7.140629000e+00,7.098802070e+00,-4.182692954e-02,1.271845000e+01,1.278199015e+01,6.354015418e-02
1.236000000e+00,train,6.942366000e+00,6.905903192e+00,-3.646280832e-02,1.250643000e+01,1.256905732e+01,6.262731598e-02
1.241000000e+00,test,6.746199000e+00,6.715096200e+00,-3.110280031e-02,1.230554000e+01,1.236714018e+01,6.160018064e-02
1.246000000e+00,validation,6.552449000e+00,6.526657603e+00,-2.579139709e-02,1.211529000e+01,1.217574552e+01,6.045551505e-02
1.251000000e+00,train,6.361403000e+00,6.340828897e+00,-2.057410306e-02,1.193517000e+01,1.199439126e+01,5.922126026e-02
1.256000000e+00,train,6.173318000e+00,6.157830165e+00,-1.548783519e-02,1.176468000e+01,1.182256291e+01,5.788291197e-02
1.261000000e+00,train,5.988424000e+00,5.977857624e+00,-1.056637623e-02,1.160328000e+01,1.165976457e+01,5.648456500e-02
1.266000000e+00,train,5.806924000e+00,5.801081247e+00,-5.842752737e-03,1.145045000e+01,1.150546729e+01,5.501729406e-02
1.271000000e+00,train,5.628996000e+00,5.627652624e+00,-1.343375725e-03,1.130566000e+01,1.135915434e+01,5.349433562e-02
1.276000000e+00,train,5.454795000e+00,5.457702802e+00,2.907802157e-03,1.116839000e+01,1.122031211e+01,5.192210664e-02
1.281000000e+00,train,5.284453000e+00,5.291347710e+00,6.894710171e-03,1.103814000e+01,1.108845959e+01,5.031959069e-02
1.286000000e+00,train,5.118084000e+00,5.128682757e+00,1.059875702e-02,1.091441000e+01,1.096309855e+01,4.868854689e-02
1.291000000e+00,train,4.955779000e+00,4.969790465e+00,1.401146452e-02,1.079671000e+01,1.084375469e+01,4.704468847e-02
1.296000000e+00,train,4.797615000e+00,4.814736336e+00,1.712133620e-02,1.068458000e+01,1.072996912e+01,4.538912294e-02
1.301000000e+00,train,4.643650000e+00,4.663573803e+00,1.992380293e-02,1.057756000e+01,1.062128381e+01,4.372380509e-02
1.306000000e+00,train,4.493925000e+00,4.516344072e+00,2.241907232e-02,1.047523000e+01,1.051731365e+01,4.208364993e-02
1.311000000e+00,train,4.348469000e+00,4.373072172e+00,2.460317239e-02,1.037718000e+01,1.041762550e+01,4.044549735e-02
1.316000000e+00,train,4.207296000e+00,4.233777415e+00,2.648141510e-02,1.028303000e+01,1.032184401e+01,3.881401358e-02
1.321000000e+00,train,4.070407000e+00,4.098465858e+00,2.805885805e-02,1.019240000e+01,1.022963009e+01,3.723009122e-02
1.326000000e+00,test,3.937791000e+00,3.967132279e+00,2.934127910e-02,1.010495000e+01,1.014063238e+01,3.568238055e-02
1.331000000e+00,train,3.809427000e+00,3.839764678e+00,3.033767780e-02,1.002037000e+01,1.005454253e+01,3.417252670e-02
1.336000000e+00,train,3.685284000e+00,3.716340637e+00,3.105663673e-02,9.938353000e+00,9.971068363e+00,3.271536262e-02
1.341000000e+00,train,3.565319000e+00,3.596831265e+00,3.151226487e-02,9.858627000e+00,9.889943446e+00,3.131644599e-02
1.346000000e+00,train,3.449485000e+00,3.481199440e+00,3.171443956e-02,9.780939000e+00,9.810920697e+00,2.998169726e-02
1.351000000e+00,train,3.337725000e+00,3.369401426e+00,3.167642620e-02,9.705058000e+00,9.733777553e+00,2.871955272e-02
1.356000000e+00,train,3.229974000e+00,3.261386138e+00,3.141213818e-02,9.630772000e+00,9.658310117e+00,2.753811712e-02
1.361000000e+00,validation,3.126164000e+00,3.157098878e+00,3.093487845e-02,9.557893000e+00,9.584334999e+00,2.644199926e-02
1.366000000e+00,train,3.026217000e+00,3.056478706e+00,3.026170638e-02,9.486252000e+00,9.511687250e+00,2.543524986e-02
1.371000000e+00,train,2.930056000e+00,2.959458605e+00,2.940260462e-02,9.415696000e+00,9.440224502e+00,2.452850159e-02
1.376000000e+00,test,2.837594000e+00,2.865970913e+00,2.837691291e-02,9.346094000e+00,9.369816352e+00,2.372235203e-02
1.381000000e+00,test,2.748744000e+00,2.775939920e+00,2.719592003e-02,9.277331000e+00,9.300354796e+00,2.302379552e-02
1.386000000e+00,train,2.663416000e+00,2.689291264e+00,2.587526357e-02,9.209307000e+00,9.231740192e+00,2.243319229e-02
1.391000000e+00,test,2.581515000e+00,2.605944919e+00,2.442991890e-02,9.141940000e+00,9.163895282e+00,2.195528210e-02
1.396000000e+00,train,2.502947000e+00,2.525819373e+00,2.287237322e-02,9.075160000e+00,9.096753226e+00,2.159322619e-02
1.401000000e+00,train,2.427614000e+00,2.448831288e+00,2.121728789e-02,9.008912000e+00,9.030257862e+00,2.134586170e-02
1.406000000e+00,train,2.355418000e+00,2.374895102e+00,1.947710245e-02,8.943153000e+00,8.964369868e+00,2.121686847e-02
1.411000000e+00,train,2.286260000e+00,2.303924816e+00,1.766481625e-02,8.877852000e+00,8.899055523e+00,2.120352268e-02
1.416000000e+00,train,2.220043000e+00,2.235834636e+00,1.579163624e-02,8.812989000e+00,8.834294136e+00,2.130513562e-02
1.421000000e+00,train,2.156666000e+00,2.170536582e+00,1.387058202e-02,8.748552000e+00,8.770074322e+00,2.152232249e-02
1.426000000e+00,test,2.096031000e+00,2.107943662e+00,1.191266208e-02,8.684540000e+00,8.706388310e+00,2.184831027e-02
1.431000000e+00,train,2.038041000e+00,2.047968230e+00,9.927230384e-03,8.620960000e+00,8.643241258e+00,2.228125758e-02
1.436000000e+00,train,1.982599000e+00,1.990523647e+00,7.924646661e-03,8.557824000e+00,8.580643345e+00,2.281934486e-02
1.441000000e+00,train,1.929609000e+00,1.935524039e+00,5.915039043e-03,8.495152000e+00,8.518608076e+00,2.345607572e-02
1.446000000e+00,train,1.878977000e+00,1.882882056e+00,3.905056037e-03,8.432970000e+00,8.457159189e+00,2.418918898e-02
1.451000000e+00,train,1.830610000e+00,1.832516109e+00,1.906108615e-03,8.371309000e+00,8.396317693e+00,2.500869339e-02
1.456000000e+00,train,1.784419000e+00,1.784340131e+00,-7.886946323e-05,8.310203000e+00,8.336116867e+00,2.591386723e-02
1.461000000e+00,validation,1.740314000e+00,1.738274767e+00,-2.039233348e-03,8.249692000e+00,8.276586622e+00,2.689462231e-02
1.466000000e+00,test,1.698209000e+00,1.694238825e+00,-3.970174587e-03,8.189816000e+00,8.217761973e+00,2.794597306e-02
1.471000000e+00,train,1.658018000e+00,1.652152650e+00,-5.865349820e-03,8.130620000e+00,8.159683009e+00,2.906300883e-02
1.476000000e+00,train,1.619661000e+00,1.611940523e+00,-7.720477448e-03,8.072151000e+00,8.102386241e+00,3.023524096e-02
1.481000000e+00,train,1.583057000e+00,1.573527461e+00,-9.529539290e-03,8.014456000e+00,8.045913614e+00,3.145761395e-02
1.486000000e+00,train,1.548128000e+00,1.536838767e+00,-1.128923340e-02,7.957586000e+00,7.990309769e+00,3.272376864e-02
1.491000000e+00,train,1.514801000e+00,1.501804148e+00,-1.299685214e-02,7.901590000e+00,7.935615793e+00,3.402579260e-02
1.496000000e+00,train,1.483001000e+00,1.468354271e+00,-1.464672866e-02,7.846519000e+00,7.881876720e+00,3.535772041e-02
1.501000000e+00,train,1.452660000e+00,1.436422626e+00,-1.623737415e-02,7.792425000e+00,7.829134159e+00,3.670915941e-02
1.506000000e+00,train,1.423710000e+00,1.405942476e+00,-1.776752398e-02,7.739356000e+00,7.777436426e+00,3.808042612e-02
1.511000000e+00,train,1.396085000e+00,1.376851104e+00,-1.923389646e-02,7.687366000e+00,7.726824646e+00,3.945864550e-02
1.516000000e+00,validation,1.369724000e+00,1.349089194e+00,-2.063480581e-02,7.636502000e+00,7.677341993e+00,4.083999342e-02
1.521000000e+00,train,1.344567000e+00,1.322596288e+00,-2.197071194e-02,7.586815000e+00,7.629034591e+00,4.221959057e-02
1.526000000e+00,train,1.320555000e+00,1.297316758e+00,-2.323824166e-02,7.538352000e+00,7.581941521e+00,4.358952110e-02
1.531000000e+00,train,1.297633000e+00,1.273194839e+00,-2.443816117e-02,7.491162000e+00,7.536107514e+00,4.494551445e-02
1.536000000e+00,train,1.275750000e+00,1.250180236e+00,-2.556976380e-02,7.445289000e+00,7.491568778e+00,4.627977789e-02
1.541000000e+00,train,1.254854000e+00,1.228220450e+00,-2.663354955e-02,7.400779000e+00,7.448370057e+00,4.759105661e-02
1.546000000e+00,train,1.234898000e+00,1.207268236e+00,-2.762976375e-02,7.357676000e+00,7.406547403e+00,4.887140293e-02
1.551000000e+00,train,1.215835000e+00,1.187276875e+00,-2.855812490e-02,7.316020000e+00,7.366140021e+00,5.012002075e-02
1.556000000e+00,train,1.197621000e+00,1.168203361e+00,-2.941763867e-02,7.275853000e+00,7.327180324e+00,5.132732419e-02
1.561000000e+00,train,1.180216000e+00,1.150003223e+00,-3.021277667e-02,7.237213000e+00,7.289709173e+00,5.249617294e-02
1.566000000e+00,train,1.163579000e+00,1.132638565e+00,-3.094043481e-02,7.200137000e+00,7.253755148e+00,5.361814779e-02
1.571000000e+00,train,1.147673000e+00,1.116069376e+00,-3.160362394e-02,7.164663000e+00,7.219353171e+00,5.469017138e-02
1.576000000e+00,train,1.132463000e+00,1.100259203e+00,-3.220379730e-02,7.130822000e+00,7.186533976e+00,5.571197601e-02
1.581000000e+00,train,1.117915000e+00,1.085174212e+00,-3.274078839e-02,7.098649000e+00,7.155326675e+00,5.667767455e-02
1.586000000e+00,train,1.103998000e+00,1.070780632e+00,-3.321736768e-02,7.068174000e+00,7.125759381e+00,5.758538074e-02
1.591000000e+00,train,1.090681000e+00,1.057047019e+00,-3.363398083e-02,7.039426000e+00,7.097861633e+00,5.843563337e-02
1.596000000e+00,train,1.077936000e+00,1.043944954e+00,-3.399104568e-02,7.012433000e+00,7.071656387e+00,5.922338735e-02
1.601000000e+00,train,1.065737000e+00,1.031446787e+00,-3.429021280e-02,6.987222000e+00,7.047167241e+00,5.994524147e-02
1.606000000e+00,train,1.054060000e+00,1.019524867e+00,-3.453513315e-02,6.963816000e+00,7.024418045e+00,6.060204500e-02
1.611000000e+00,train,1.042880000e+00,1.008155748e+00,-3.472425192e-02,6.942239000e+00,7.003431244e+00,6.119224364e-02
1.616000000e+00,train,1.032177000e+00,9.973164205e-01,-3.486057948e-02,6.922512000e+00,6.984224661e+00,6.171266051e-02
1.621000000e+00,test,1.021930000e+00,9.869852925e-01,-3.494470753e-02,6.904656000e+00,6.966818441e+00,6.216244088e-02
1.626000000e+00,train,1.012122000e+00,9.771418623e-01,-3.498013772e-02,6.888689000e+00,6.951229893e+00,6.254089278e-02
1.631000000e+00,train,1.002734000e+00,9.677691963e-01,-3.496480366e-02,6.874628000e+00,6.937472858e+00,6.284485762e-02
1.636000000e+00,train,9.937510000e-01,9.588483943e-01,-3.490260565e-02,6.862489000e+00,6.925565252e+00,6.307625208e-02
1.641000000e+00,train,9.851592000e-01,9.503661254e-01,-3.479307459e-02,6.852287000e+00,6.915517277e+00,6.323027703e-02
1.646000000e+00,test,9.769452000e-01,9.423055093e-01,-3.463969073e-02,6.844034000e+00,6.907342556e+00,6.330855596e-02
1.651000000e+00,test,9.690976000e-01,9.346565258e-01,-3.444107417e-02,6.837742000e+00,6.901050739e+00,6.330873904e-02
1.656000000e+00,train,9.616061000e-01,9.274049686e-01,-3.420113139e-02,6.833421000e+00,6.896652942e+00,6.323194167e-02
1.661000000e+00,test,9.544617000e-01,9.205427033e-01,-3.391899666e-02,6.831081000e+00,6.894155945e+00,6.307494546e-02
1.666000000e+00,train,9.476566000e-01,9.140609990e-01,-3.359560101e-02,6.830729000e+00,6.893564379e+00,6.283537870e-02
1.671000000e+00,train,9.411843000e-01,9.079505405e-01,-3.323375952e-02,6.832370000e+00,6.894889116e+00,6.251911639e-02
1.676000000e+00,train,9.350397000e-01,9.022063427e-01,-3.283335727e-02,6.836011000e+00,6.898129230e+00,6.211823022e-02
1.681000000e+00,validation,-6.727048000e+00,-6.755217379e+00,-2.816937937e-02,1.743295000e+01,1.747234840e+01,3.939839932e-02
1.686000000e+00,validation,-6.686076000e+00,-6.713812621e+00,-2.773662062e-02,1.737309000e+01,1.741393153e+01,4.084152540e-02
1.691000000e+00,train,-6.636866000e+00,-6.663997489e+00,-2.713148886e-02,1.730539000e+01,1.734768033e+01,4.229032709e-02
1.696000000e+00,train,-6.579647000e+00,-6.606012845e+00,-2.636584509e-02,1.723022000e+01,1.727394263e+01,4.372262620e-02
1.701000000e+00,train,-6.514674000e+00,-6.540130797e+00,-2.545679716e-02,1.714796000e+01,1.719311298e+01,4.515298327e-02
1.706000000e+00,test,-6.442227000e+00,-6.466646891e+00,-2.441989140e-02,1.705907000e+01,1.710562568e+01,4.655568405e-02
1.711000000e+00,train,-6.362611000e+00,-6.385885542e+00,-2.327454245e-02,1.696401000e+01,1.701195994e+01,4.794994187e-02
1.716000000e+00,train,-6.276151000e+00,-6.298191300e+00,-2.204030037e-02,1.686329000e+01,1.691262651e+01,4.933651346e-02
1.721000000e+00,train,-6.183190000e+00,-6.203928462e+00,-2.073846152e-02,1.675745000e+01,1.680816973e+01,5.071972941e-02
1.726000000e+00,train,-6.084086000e+00,-6.103478870e+00,-1.939287017e-02,1.664704000e+01,1.669916117e+01,5.212117338e-02
1.731000000e+00,train,-5.979210000e+00,-5.997235892e+00,-1.802589173e-02,1.653265000e+01,1.658618975e+01,5.353974660e-02
1.736000000e+00,train,-5.868942000e+00,-5.885603878e+00,-1.666187808e-02,1.641484000e+01,1.646986327e+01,5.502326933e-02
1.741000000e+00,validation,-5.753668000e+00,-5.768992999e+00,-1.532499931e-02,1.629424000e+01,1.635079874e+01,5.655873806e-02
1.746000000e+00,test,-5.633779000e+00,-5.647818800e+00,-1.403980011e-02,1.617143000e+01,1.622962067e+01,5.819066942e-02
1.751000000e+00,test,-5.509666000e+00,-5.522496942e+00,-1.283094188e-02,1.604702000e+01,1.610695197e+01,5.993196765e-02
1.756000000e+00,train,-5.381720000e+00,-5.393440381e+00,-1.172038095e-02,1.592160000e+01,1.598341251e+01,6.181250998e-02
1.761000000e+00,validation,-5.250328000e+00,-5.261057366e+00,-1.072936606e-02,1.579576000e+01,1.585961162e+01,6.385161524e-02
1.766000000e+00,validation,-5.115868000e+00,-5.125747885e+00,-9.879884754e-03,1.567008000e+01,1.573614608e+01,6.606608425e-02
1.771000000e+00,validation,-4.978713000e+00,-4.987900779e+00,-9.187779466e-03,1.554512000e+01,1.561359060e+01,6.847059531e-02
1.776000000e+00,test,-4.839223000e+00,-4.847894407e+00,-8.671406717e-03,1.542141000e+01,1.549250214e+01,7.109214473e-02
1.781000000e+00,train,-4.697748000e+00,-4.706091847e+00,-8.343847419e-03,1.529947000e+01,1.537341090e+01,7.394090141e-02
1.786000000e+00,train,-4.554622000e+00,-4.562839193e+00,-8.217192711e-03,1.517981000e+01,1.525681881e+01,7.700880805e-02
1.791000000e+00,train,-4.410164000e+00,-4.418463688e+00,-8.299687580e-03,1.506287000e+01,1.514319223e+01,8.032223195e-02
1.796000000e+00,validation,-4.264677000e+00,-4.273276761e+00,-8.599760886e-03,1.494910000e+01,1.503297128e+01,8.387127504e-02
1.801000000e+00,train,-4.118446000e+00,-4.127566324e+00,-9.120323869e-03,1.483891000e+01,1.492655555e+01,8.764555168e-02
1.806000000e+00,test,-3.971738000e+00,-3.981601130e+00,-9.863129799e-03,1.473267000e+01,1.482430975e+01,9.163974646e-02
1.811000000e+00,test,-3.824800000e+00,-3.835627410e+00,-1.082740969e-02,1.463071000e+01,1.472655872e+01,9.584872345e-02
1.816000000e+00,train,-3.677860000e+00,-3.689870701e+00,-1.201070095e-02,1.453336000e+01,1.463359388e+01,1.002338754e-01
1.821000000e+00,train,-3.531126000e+00,-3.544534398e+00,-1.340839765e-02,1.444088000e+01,1.454566465e+01,1.047846513e-01
1.826000000e+00,validation,-3.384786000e+00,-3.399799471e+00,-1.501347133e-02,1.435352000e+01,1.446298293e+01,1.094629268e-01
1.831000000e+00,validation,-3.239008000e+00,-3.255825454e+00,-1.681745385e-02,1.427149000e+01,1.438572300e+01,1.142330029e-01
1.836000000e+00,validation,-3.093940000e+00,-3.112749731e+00,-1.880973092e-02,1.419496000e+01,1.431402242e+01,1.190624210e-01
1.841000000e+00,test,-2.949711000e+00,-2.970691430e+00,-2.098042981e-02,1.412407000e+01,1.424798381e+01,1.239138077e-01
1.846000000e+00,train,-2.806430000e+00,-2.829745565e+00,-2.331556531e-02,1.405895000e+01,1.418766988e+01,1.287198826e-01
1.851000000e+00,train,-2.664188000e+00,-2.689991177e+00,-2.580317723e-02,1.399967000e+01,1.413311712e+01,1.334471203e-01
1.856000000e+00,train,-2.523060000e+00,-2.551484990e+00,-2.842498967e-02,1.394629000e+01,1.408432311e+01,1.380331147e-01
1.861000000e+00,train,-2.383099000e+00,-2.414269638e+00,-3.117063794e-02,1.389884000e+01,1.404126041e+01,1.424204064e-01
1.866000000e+00,train,-2.244346000e+00,-2.278366331e+00,-3.402033079e-02,1.385733000e+01,1.400386959e+01,1.465395941e-01
1.871000000e+00,train,-2.106824000e+00,-2.143784270e+00,-3.696027030e-02,1.382173000e+01,1.397206969e+01,1.503396871e-01
1.876000000e+00,train,-1.970541000e+00,-2.010512484e+00,-3.997148393e-02,1.379200000e+01,1.394574926e+01,1.537492577e-01
1.881000000e+00,train,-1.835491000e+00,-1.878530981e+00,-4.303998103e-02,1.376809000e+01,1.392478266e+01,1.566926552e-01
1.886000000e+00,validation,-1.701656000e+00,-1.747802392e+00,-4.614639164e-02,1.374991000e+01,1.390902070e+01,1.591107026e-01
1.891000000e+00,train,-1.569003000e+00,-1.618278561e+00,-4.927556087e-02,1.373737000e+01,1.389830041e+01,1.609304092e-01
1.896000000e+00,train,-1.437489000e+00,-1.489899870e+00,-5.241087031e-02,1.373035000e+01,1.389244523e+01,1.620952301e-01
1.901000000e+00,train,-1.307060000e+00,-1.362597096e+00,-5.553709649e-02,1.372874000e+01,1.389126830e+01,1.625283043e-01
1.906000000e+00,test,-1.177651000e+00,-1.236290040e+00,-5.863903982e-02,1.373240000e+01,1.389457558e+01,1.621755786e-01
1.911000000e+00,train,-1.049189000e+00,-1.110890440e+00,-6.170143954e-02,1.374118000e+01,1.390217047e+01,1.609904661e-01
1.916000000e+00,validation,-9.215907000e-01,-9.863044073e-01,-6.471370731e-02,1.375495000e+01,1.391385640e+01,1.589064005e-01
1.921000000e+00,test,-7.947659000e-01,-8.624295434e-01,-6.766364342e-02,1.377353000e+01,1.392944118e+01,1.559111767e-01
1.926000000e+00,validation,-6.686168000e-01,-7.391575749e-01,-7.054077494e-02,1.379677000e+01,1.394873454e+01,1.519645391e-01
1.931000000e+00,train,-5.430384000e-01,-6.163774435e-01,-7.333904354e-02,1.382451000e+01,1.397156452e+01,1.470545178e-01
1.936000000e+00,test,-4.179196000e-01,-4.939721944e-01,-7.605259439e-02,1.385659000e+01,1.399776501e+01,1.411750128e-01
1.941000000e+00,train,-2.931431000e-01,-3.718181854e-01,-7.867508541e-02,1.389283000e+01,1.402719818e+01,1.343681787e-01
1.946000000e+00,train,-1.685861000e-01,-2.497909161e-01,-8.120481615e-02,1.393308000e+01,1.405974171e+01,1.266617122e-01
1.951000000e+00,train,-4.412032000e-02,-1.277674179e-01,-8.364709795e-02,1.397717000e+01,1.409528748e+01,1.181174797e-01
1.956000000e+00,train,8.038758000e-02,-5.608189844e-03,-8.599576984e-02,1.402496000e+01,1.413377526e+01,1.088152643e-01
1.961000000e+00,train,2.050761000e-01,1.168134020e-01,-8.826269800e-02,1.407630000e+01,1.417514729e+01,9.884729467e-02
1.966000000e+00,train,3.300888000e-01,2.396418999e-01,-9.044690014e-02,1.413103000e+01,1.421940270e+01,8.837270307e-02
1.971000000e+00,train,4.555743000e-01,3.630185730e-01,-9.255572701e-02,1.418903000e+01,1.426655243e+01,7.752242720e-02
1.976000000e+00,train,5.816864000e-01,4.870917349e-01,-9.459466509e-02,1.425018000e+01,1.431664943e+01,6.646942962e-02
1.981000000e+00,train,7.085847000e-01,6.120167658e-01,-9.656793423e-02,1.431435000e+01,1.436976558e+01,5.541557682e-02
1.986000000e+00,train,8.364345000e-01,7.379589763e-01,-9.847552366e-02,1.438146000e+01,1.442602385e+01,4.456385335e-02
1.991000000e+00,validation,9.654076000e-01,8.650900234e-01,-1.003175766e-01,1.445139000e+01,1.448555927e+01,3.416927026e-02
1.996000000e+00,train,1.095683000e+00,9.935886083e-01,-1.020943917e-01,1.452410000e+01,1.454852846e+01,2.442846475e-02
2.001000000e+00,test,1.227446000e+00,1.123654846e+00,-1.037911538e-01,1.459950000e+01,1.461512630e+01,1.562629972e-02
2.006000000e+00,train,1.360894000e+00,1.255496358e+00,-1.053976421e-01,1.467757000e+01,1.468555229e+01,7.982289929e-03
2.011000000e+00,train,1.496230000e+00,1.389332816e+00,-1.068971844e-01,1.475828000e+01,1.476002006e+01,1.740063595e-03
2.016000000e+00,train,1.633671000e+00,1.525412270e+00,-1.082587302e-01,1.484164000e+01,1.483876213e+01,-2.877867078e-03
2.021000000e+00,validation,1.773446000e+00,1.663990018e+00,-1.094559823e-01,1.492766000e+01,1.492200302e+01,-5.656978062e-03
2.026000000e+00,train,1.915796000e+00,1.805345281e+00,-1.104507191e-01,1.501639000e+01,1.500996899e+01,-6.421010362e-03
2.031000000e+00,train,2.060981000e+00,1.949778978e+00,-1.112020220e-01,1.510792000e+01,1.510288010e+01,-5.039902974e-03
2.036000000e+00,train,2.209278000e+00,2.097612478e+00,-1.116655223e-01,1.520236000e+01,1.520095127e+01,-1.408730397e-03
2.041000000e+00,train,2.360986000e+00,2.249193061e+00,-1.117929393e-01,1.529986000e+01,1.530437959e+01,4.519589759e-03
2.046000000e+00,validation,5.084624000e+00,4.970637874e+00,-1.139861264e-01,1.545844000e+01,1.545480231e+01,-3.637688083e-03
2.051000000e+00,train,5.260041000e+00,5.149044895e+00,-1.109961054e-01,1.567840000e+01,1.568645751e+01,8.057507860e-03
2.056000000e+00,validation,5.427492000e+00,5.320101271e+00,-1.073907295e-01,1.590362000e+01,1.592487328e+01,2.125328077e-02
2.061000000e+00,train,5.585709000e+00,5.482472401e+00,-1.032365993e-01,1.613243000e+01,1.616816256e+01,3.573255858e-02
2.066000000e+00,train,5.733360000e+00,5.634729988e+00,-9.863001201e-02,1.636285000e+01,1.641407040e+01,5.122040166e-02
2.071000000e+00,train,5.869051000e+00,5.775359676e+00,-9.369132432e-02,1.659255000e+01,1.665997328e+01,6.742328133e-02
2.076000000e+00,train,5.991329000e+00,5.902766744e+00,-8.856225568e-02,1.681887000e+01,1.690285703e+01,8.398703186e-02
2.081000000e+00,test,6.098686000e+00,6.015275261e+00,-8.341073915e-02,1.703875000e+01,1.713929755e+01,1.005475508e-01
2.086000000e+00,train,6.189566000e+00,6.111153047e+00,-7.841295320e-02,1.724876000e+01,1.736547331e+01,1.167133084e-01
2.091000000e+00,test,6.262377000e+00,6.188613459e+00,-7.376354091e-02,1.744510000e+01,1.757715495e+01,1.320549482e-01
2.096000000e+00,test,6.315498000e+00,6.245840644e+00,-6.965735597e-02,1.762355000e+01,1.776970435e+01,1.461543486e-01
2.101000000e+00,test,6.347297000e+00,6.281010201e+00,-6.628679941e-02,1.777952000e+01,1.793810677e+01,1.585867678e-01
2.106000000e+00,train,6.356153000e+00,6.292319509e+00,-6.383349068e-02,1.790808000e+01,1.807700186e+01,1.689218572e-01
2.111000000e+00,train,6.340473000e+00,6.278013091e+00,-6.245990927e-02,1.800393000e+01,1.818072314e+01,1.767931438e-01
2.116000000e+00,train,6.298726000e+00,6.236429963e+00,-6.229603697e-02,1.806152000e+01,1.824335827e+01,1.818382723e-01
2.121000000e+00,train,6.229473000e+00,6.166032845e+00,-6.344015547e-02,1.807507000e+01,1.825881578e+01,1.837457794e-01
2.126000000e+00,test,6.131406000e+00,6.065459820e+00,-6.594617991e-02,1.803864000e+01,1.822094647e+01,1.823064672e-01
2.131000000e+00,train,6.003388000e+00,5.933571279e+00,-6.981672066e-02,1.794628000e+01,1.812363893e+01,1.773589303e-01
2.136000000e+00,train,5.844506000e+00,5.769506302e+00,-7.499969790e-02,1.779212000e+01,1.796097746e+01,1.688574627e-01
2.141000000e+00,test,5.654113000e+00,5.572729015e+00,-8.138398460e-02,1.757051000e+01,1.772739508e+01,1.568850790e-01
2.146000000e+00,test,5.431890000e+00,5.343085512e+00,-8.880448750e-02,1.727621000e+01,1.741785419e+01,1.416441877e-01
2.151000000e+00,validation,5.177892000e+00,5.080864982e+00,-9.702701849e-02,1.690455000e+01,1.702806134e+01,1.235113386e-01
2.156000000e+00,train,4.892607000e+00,4.786838852e+00,-1.057681479e-01,1.645163000e+01,1.655464952e+01,1.030195220e-01
2.161000000e+00,train,4.576995000e+00,4.462316006e+00,-1.146789936e-01,1.591453000e+01,1.599540782e+01,8.087781888e-02
2.166000000e+00,validation,4.232533000e+00,4.109172769e+00,-1.233602314e-01,1.529151000e+01,1.534945579e+01,5.794579306e-02
2.171000000e+00,train,3.861240000e+00,3.729883193e+00,-1.313568068e-01,1.458216000e+01,1.461743386e+01,3.527385794e-02
2.176000000e+00,train,3.465691000e+00,3.327487693e+00,-1.382033065e-01,1.378760000e+01,1.380153512e+01,1.393511630e-02
2.181000000e+00,train,3.049006000e+00,2.905626474e+00,-1.433795263e-01,1.291056000e+01,1.290570899e+01,-4.851011188e-03
2.186000000e+00,train,2.614826000e+00,2.468419310e+00,-1.464066901e-01,1.195547000e+01,1.193547167e+01,-1.999832783e-02
2.191000000e+00,train,2.167260000e+00,2.020429638e+00,-1.468303622e-01,1.092845000e+01,1.089793225e+01,-3.051774578e-02
2.196000000e+00,train,1.710807000e+00,1.566533939e+00,-1.442730610e-01,9.837239000e+00,9.801589195e+00,-3.564980512e-02
2.201000000e+00,train,1.250260000e+00,1.111782153e+00,-1.384778466e-01,8.691062000e+00,8.656081358e+00,-3.498064216e-02
2.206000000e+00,validation,7.905841000e-01,6.612575932e-01,-1.293265068e-01,7.500386000e+00,7.471933631e+00,-2.845236874e-02
2.211000000e+00,train,3.367870000e-01,2.198867272e-01,-1.169002728e-01,6.276647000e+00,6.260168053e+00,-1.647894650e-02
2.216000000e+00,train,-1.062248000e-01,-2.076686668e-01,-1.014438668e-01,5.031906000e+00,5.032081860e+00,1.758598363e-04
2.221000000e+00,train,-5.337862000e-01,-6.172125626e-01,-8.342636259e-02,3.778469000e+00,3.798762562e+00,2.029356209e-02
2.226000000e+00,train,-9.416065000e-01,-1.005086152e+00,-6.347965237e-02,2.528499000e+00,2.570896851e+00,4.239785127e-02
2.231000000e+00,train,-1.325886000e+00,-1.368223896e+00,-4.233789607e-02,1.293637000e+00,1.358578564e+00,6.494156412e-02
2.236000000e+00,train,-1.683411000e+00,-1.704286073e+00,-2.087507313e-02,8.466337000e-02,1.708645809e-01,8.620121094e-02
2.241000000e+00,train,-2.011616000e+00,-2.011514198e+00,1.018021809e-04,-1.088795000e+00,-9.839698732e-01,1.048251268e-01
2.246000000e+00,train,-2.308621000e+00,-2.288844267e+00,1.977673323e-02,-2.218481000e+00,-2.098897047e+00,1.195839533e-01
2.251000000e+00,train,-2.573233000e+00,-2.535774571e+00,3.745842868e-02,-3.297645000e+00,-3.167978599e+00,1.296664011e-01
2.256000000e+00,validation,-2.804924000e+00,-2.752318790e+00,5.260520985e-02,-4.321104000e+00,-4.186432556e+00,1.346714441e-01
2.261000000e+00,validation,-3.003773000e+00,-2.938916590e+00,6.485641022e-02,-5.285231000e+00,-5.150592827e+00,1.346381730e-01
2.266000000e+00,test,-3.170402000e+00,-3.096440591e+00,7.396140913e-02,-6.187868000e+00,-6.058103533e+00,1.297644668e-01
2.271000000e+00,train,-3.305892000e+00,-3.226023027e+00,7.986897277e-02,-7.028195000e+00,-6.907602166e+00,1.205928343e-01
2.276000000e+00,test,-3.411690000e+00,-3.329086364e+00,8.260363606e-02,-7.806563000e+00,-7.698904604e+00,1.076583962e-01
2.281000000e+00,test,-3.489522000e+00,-3.407206147e+00,8.231585335e-02,-8.524304000e+00,-8.432704047e+00,9.159995291e-02
2.286000000e+00,validation,-3.541305000e+00,-3.462130273e+00,7.917472733e-02,-9.183536000e+00,-9.110649617e+00,7.288638313e-02
2.291000000e+00,validation,-3.569067000e+00,-3.495625738e+00,7.344126183e-02,-9.786973000e+00,-9.734915669e+00,5.205733094e-02
2.296000000e+00,train,-3.574879000e+00,-3.509482349e+00,6.539665108e-02,-1.033775000e+01,-1.030818010e+01,2.956989800e-02
2.301000000e+00,train,-3.560800000e+00,-3.505446359e+00,5.535364067e-02,-1.083925000e+01,-1.083338936e+01,5.860644985e-03
2.306000000e+00,train,-3.528827000e+00,-3.485162439e+00,4.366456108e-02,-1.129502000e+01,-1.131354622e+01,-1.852622444e-02
2.311000000e+00,test,-3.480865000e+00,-3.450124940e+00,3.074005988e-02,-1.170859000e+01,-1.175152302e+01,-4.293301935e-02
2.316000000e+00,train,-3.418700000e+00,-3.401709133e+00,1.699086718e-02,-1.208347000e+01,-1.215010160e+01,-6.663160208e-02
2.321000000e+00,train,-3.343985000e+00,-3.341148132e+00,2.836868153e-03,-1.242302000e+01,-1.251187702e+01,-8.885702320e-02
2.326000000e+00,train,-3.258232000e+00,-3.269547120e+00,-1.131511950e-02,-1.273044000e+01,-1.283927130e+01,-1.088312997e-01
2.331000000e+00,test,-3.162811000e+00,-3.187888636e+00,-2.507763644e-02,-1.300873000e+01,-1.313454113e+01,-1.258111329e-01
2.336000000e+00,train,-3.058952000e+00,-3.097061773e+00,-3.810977321e-02,-1.326070000e+01,-1.339984347e+01,-1.391434704e-01
2.341000000e+00,train,-2.947747000e+00,-2.997905032e+00,-5.015803220e-02,-1.348891000e+01,-1.363734869e+01,-1.484386932e-01
2.346000000e+00,train,-2.830164000e+00,-2.891193334e+00,-6.102933401e-02,-1.369574000e+01,-1.384919520e+01,-1.534552037e-01
2.351000000e+00,train,-2.707052000e+00,-2.777653660e+00,-7.060166001e-02,-1.388335000e+01,-1.403753165e+01,-1.541816486e-01
2.356000000e+00,train,-2.579153000e+00,-2.657990465e+00,-7.883746501e-02,-1.405370000e+01,-1.420457394e+01,-1.508739443e-01
2.361000000e+00,train,-2.447110000e+00,-2.532854293e+00,-8.574429296e-02,-1.420858000e+01,-1.435249650e+01,-1.439164976e-01
2.366000000e+00,train,-2.311478000e+00,-2.402865082e+00,-9.138708184e-02,-1.434961000e+01,-1.448349567e+01,-1.338856655e-01
2.371000000e+00,train,-2.172732000e+00,-2.268592844e+00,-9.586084427e-02,-1.447826000e+01,-1.459970506e+01,-1.214450626e-01
2.376000000e+00,validation,-2.031280000e+00,-2.130559859e+00,-9.927985916e-02,-1.459585000e+01,-1.470318836e+01,-1.073383575e-01
2.381000000e+00,test,-1.887465000e+00,-1.989237486e+00,-1.017724863e-01,-1.470359000e+01,-1.479590798e+01,-9.231798433e-02
2.386000000e+00,train,-1.741576000e+00,-1.845022373e+00,-1.034463730e-01,-1.480259000e+01,-1.487964858e+01,-7.705858285e-02
2.391000000e+00,train,-1.593855000e+00,-1.698271402e+00,-1.044164018e-01,-1.489382000e+01,-1.495609372e+01,-6.227371560e-02
2.396000000e+00,train,-1.444501000e+00,-1.549269689e+00,-1.047686894e-01,-1.497822000e+01,-1.502672148e+01,-4.850147813e-02
2.401000000e+00,train,-1.293676000e+00,-1.398248515e+00,-1.045725154e-01,-1.505660000e+01,-1.509283809e+01,-3.623808831e-02
2.406000000e+00,train,-1.141510000e+00,-1.245389674e+00,-1.038796744e-01,-1.512974000e+01,-1.515558432e+01,-2.584431807e-02
2.411000000e+00,train,-9.881054000e-01,-1.090829932e+00,-1.027245324e-01,-1.519834000e+01,-1.521594617e+01,-1.760616745e-02
2.416000000e+00,train,-8.335397000e-01,-9.346607184e-01,-1.011210184e-01,-1.526304000e+01,-1.527472306e+01,-1.168305539e-02
2.421000000e+00,train,-6.778696000e-01,-7.769427507e-01,-9.907315067e-02,-1.532447000e+01,-1.533259685e+01,-8.126851318e-03
2.426000000e+00,train,-5.211331000e-01,-6.177089544e-01,-9.657585435e-02,-1.538317000e+01,-1.539010741e+01,-6.937406190e-03
2.431000000e+00,train,-3.633530000e-01,-4.569697857e-01,-9.361678574e-02,-1.543967000e+01,-1.544768062e+01,-8.010618362e-03
2.436000000e+00,train,-2.045381000e-01,-2.947211122e-01,-9.018301222e-02,-1.549448000e+01,-1.550565182e+01,-1.117182196e-02
2.441000000e+00,validation,-4.468607000e-02,-1.309496551e-01,-8.626358513e-02,-1.554805000e+01,-1.556427596e+01,-1.622596037e-02
2.446000000e+00,train,1.162152000e-01,3.436309267e-02,-8.185210733e-02,-1.560082000e+01,-1.562373776e+01,-2.291775616e-02
2.451000000e+00,validation,2.781857000e-01,2.012383171e-01,-7.694738292e-02,-1.565322000e+01,-1.568417590e+01,-3.095590359e-02
2.456000000e+00,train,4.412520000e-01,3.696927676e-01,-7.155923241e-02,-1.570564000e+01,-1.574569287e+01,-4.005287319e-02
2.461000000e+00,train,6.054456000e-01,5.397379177e-01,-6.570768225e-02,-1.575846000e+01,-1.580836075e+01,-4.990075150e-02
2.466000000e+00,train,7.708019000e-01,7.113784218e-01,-5.942347815e-02,-1.581204000e+01,-1.587224101e+01,-6.020101415e-02
2.471000000e+00,train,9.373586000e-01,8.846126779e-01,-5.274592206e-02,-1.586673000e+01,-1.593738748e+01,-7.065747910e-02
2.476000000e+00,train,1.105155000e+00,1.059424203e+00,-4.573079719e-02,-1.592285000e+01,-1.600385119e+01,-8.100119008e-02
2.481000000e+00,train,1.274229000e+00,1.235791629e+00,-3.843737065e-02,-1.598073000e+01,-1.607169146e+01,-9.096146200e-02
2.486000000e+00,test,1.444620000e+00,1.413681980e+00,-3.093802002e-02,-1.604066000e+01,-1.614097322e+01,-1.003132201e-01
2.491000000e+00,train,1.616363000e+00,1.593054327e+00,-2.330867259e-02,-1.610294000e+01,-1.621178108e+01,-1.088410797e-01
2.496000000e+00,validation,1.789490000e+00,1.773855115e+00,-1.563488482e-02,-1.616783000e+01,-1.628420122e+01,-1.163712205e-01
2.501000000e+00,test,1.964028000e+00,1.956028547e+00,-7.999453231e-03,-1.623559000e+01,-1.635834036e+01,-1.227503582e-01
2.506000000e+00,validation,-9.968177000e+00,-1.004056451e+01,-7.238751222e-02,-1.586627000e+01,-1.602540491e+01,-1.591349084e-01
2.511000000e+00,test,-9.765667000e+00,-9.832399697e+00,-6.673269659e-02,-1.548491000e+01,-1.562874094e+01,-1.438309393e-01
2.516000000e+00,train,-9.558166000e+00,-9.619806838e+00,-6.164083786e-02,-1.511765000e+01,-1.524415620e+01,-1.265061979e-01
2.521000000e+00,train,-9.346597000e+00,-9.403740807e+00,-5.714380723e-02,-1.476495000e+01,-1.487231764e+01,-1.073676365e-01
2.526000000e+00,train,-9.131813000e+00,-9.185073847e+00,-5.326084733e-02,-1.442707000e+01,-1.451373398e+01,-8.666397752e-02
2.531000000e+00,train,-8.914602000e+00,-8.964596590e+00,-4.999458950e-02,-1.410415000e+01,-1.416872269e+01,-6.457269172e-02
2.536000000e+00,train,-8.695688000e+00,-8.743033015e+00,-4.734501478e-02,-1.379619000e+01,-1.383751058e+01,-4.132057941e-02
2.541000000e+00,train,-8.475738000e+00,-8.521037421e+00,-4.529942145e-02,-1.350307000e+01,-1.352018203e+01,-1.711202724e-02
2.546000000e+00,train,-8.255367000e+00,-8.299201493e+00,-4.383449320e-02,-1.322457000e+01,-1.321671013e+01,7.859871001e-03
2.551000000e+00,train,-8.035138000e+00,-8.078064361e+00,-4.292636084e-02,-1.296042000e+01,-1.292700300e+01,3.341699593e-02
2.556000000e+00,train,-7.815567000e+00,-7.858108123e+00,-4.254112295e-02,-1.271024000e+01,-1.265086678e+01,5.937321519e-02
2.561000000e+00,train,-7.597126000e+00,-7.639772958e+00,-4.264695844e-02,-1.247363000e+01,-1.238804809e+01,8.558191019e-02
2.566000000e+00,train,-7.380246000e+00,-7.423448966e+00,-4.320296605e-02,-1.225010000e+01,-1.213821443e+01,1.118855676e-01
2.571000000e+00,validation,-7.165321000e+00,-7.209494039e+00,-4.417303882e-02,-1.203915000e+01,-1.190102632e+01,1.381236815e-01
2.576000000e+00,train,-6.952708000e+00,-6.998222949e+00,-4.551494917e-02,-1.184026000e+01,-1.167606670e+01,1.641933002e-01
2.581000000e+00,train,-6.742731000e+00,-6.789920195e+00,-4.718919545e-02,-1.165285000e+01,-1.146289612e+01,1.899538839e-01
2.586000000e+00,test,-6.535681000e+00,-6.584836564e+00,-4.915556422e-02,-1.147636000e+01,-1.126104569e+01,2.153143130e-01
2.591000000e+00,train,-6.331821000e+00,-6.383198529e+00,-5.137752877e-02,-1.131020000e+01,-1.107005374e+01,2.401462561e-01
2.596000000e+00,test,-6.131385000e+00,-6.185200364e+00,-5.381536379e-02,-1.115378000e+01,-1.088939398e+01,2.643860184e-01
2.601000000e+00,train,-5.934581000e+00,-5.991014490e+00,-5.643349002e-02,-1.100652000e+01,-1.071857637e+01,2.879436254e-01
2.606000000e+00,train,-5.741593000e+00,-5.800791691e+00,-5.919869106e-02,-1.086782000e+01,-1.055708625e+01,3.107337542e-01
2.611000000e+00,test,-5.552580000e+00,-5.614657956e+00,-6.207795618e-02,-1.073711000e+01,-1.040440865e+01,3.327013480e-01
2.616000000e+00,train,-5.367681000e+00,-5.432721964e+00,-6.504096405e-02,-1.061384000e+01,-1.026007615e+01,3.537638460e-01
2.621000000e+00,train,-5.187014000e+00,-5.255071130e+00,-6.805713049e-02,-1.049743000e+01,-1.012354829e+01,3.738817135e-01
2.626000000e+00,train,-5.010676000e+00,-5.081776973e+00,-7.110097281e-02,-1.038737000e+01,-9.994370697e+00,3.929993027e-01
2.631000000e+00,train,-4.838747000e+00,-4.912894012e+00,-7.414701153e-02,-1.028313000e+01,-9.872068647e+00,4.110613528e-01
2.636000000e+00,train,-4.671289000e+00,-4.748460143e+00,-7.717114343e-02,-1.018421000e+01,-9.756180966e+00,4.280290339e-01
2.641000000e+00,train,-4.508347000e+00,-4.588497799e+00,-8.015079931e-02,-1.009015000e+01,-9.646262534e+00,4.438874663e-01
2.646000000e+00,train,-4.349954000e+00,-4.433018974e+00,-8.306497432e-02,-1.000049000e+01,-9.541912985e+00,4.585770153e-01
2.651000000e+00,test,-4.196124000e+00,-4.282019751e+00,-8.589575136e-02,-9.914799000e+00,-9.442721653e+00,4.720773473e-01
2.656000000e+00,validation,-4.046862000e+00,-4.135483010e+00,-8.862101018e-02,-9.832676000e+00,-9.348297977e+00,4.843780232e-01
2.661000000e+00,train,-3.902157000e+00,-3.993387079e+00,-9.123007910e-02,-9.753742000e+00,-9.258310489e+00,4.954315114e-01
2.666000000e+00,train,-3.761989000e+00,-3.855690750e+00,-9.370175018e-02,-9.677642000e+00,-9.172395910e+00,5.052460902e-01
2.671000000e+00,train,-3.626327000e+00,-3.722350311e+00,-9.602331076e-02,-9.604046000e+00,-9.090250279e+00,5.137957214e-01
2.676000000e+00,test,-3.495127000e+00,-3.593310751e+00,-9.818375135e-02,-9.532650000e+00,-9.011576808e+00,5.210731925e-01
2.681000000e+00,train,-3.368341000e+00,-3.468508549e+00,-1.001675494e-01,-9.463174000e+00,-8.936114488e+00,5.270595115e-01
2.686000000e+00,train,-3.245908000e+00,-3.347874469e+00,-1.019664694e-01,-9.395360000e+00,-8.863591903e+00,5.317680968e-01
2.691000000e+00,train,-3.127762000e+00,-3.231331702e+00,-1.035697024e-01,-9.328978000e+00,-8.793786915e+00,5.351910850e-01
2.696000000e+00,train,-3.013830000e+00,-3.118800334e+00,-1.049703342e-01,-9.263816000e+00,-8.726493703e+00,5.373222971e-01
2.701000000e+00,train,-2.904032000e+00,-3.010189235e+00,-1.061572353e-01,-9.199688000e+00,-8.661502972e+00,5.381850276e-01
2.706000000e+00,train,-2.798284000e+00,-2.905410769e+00,-1.071267694e-01,-9.136425000e+00,-8.598642966e+00,5.377820337e-01
2.711000000e+00,train,-2.696496000e+00,-2.804368772e+00,-1.078727716e-01,-9.073882000e+00,-8.537750158e+00,5.361318419e-01
2.716000000e+00,train,-2.598574000e+00,-2.706965333e+00,-1.083913329e-01,-9.011932000e+00,-8.478689048e+00,5.332429520e-01
2.721000000e+00,train,-2.504421000e+00,-2.613100145e+00,-1.086791451e-01,-8.950466000e+00,-8.421339060e+00,5.291269395e-01
2.726000000e+00,validation,-2.413937000e+00,-2.522671457e+00,-1.087344571e-01,-8.889393000e+00,-8.365566160e+00,5.238268404e-01
2.731000000e+00,train,-2.327019000e+00,-2.435575450e+00,-1.085564498e-01,-8.828638000e+00,-8.311277604e+00,5.173603963e-01
2.736000000e+00,train,-2.243563000e+00,-2.351707966e+00,-1.081449664e-01,-8.768140000e+00,-8.258405530e+00,5.097344705e-01
2.741000000e+00,train,-2.163463000e+00,-2.270964160e+00,-1.075011603e-01,-8.707854000e+00,-8.206840150e+00,5.010138504e-01
2.746000000e+00,train,-2.086613000e+00,-2.193239944e+00,-1.066269437e-01,-8.647747000e+00,-8.156534882e+00,4.912121175e-01
2.751000000e+00,train,-2.012905000e+00,-2.118430585e+00,-1.055255846e-01,-8.587800000e+00,-8.107427317e+00,4.803726833e-01
2.756000000e+00,test,-1.942231000e+00,-2.046432762e+00,-1.042017621e-01,-8.528001000e+00,-8.059476262e+00,4.685247378e-01
2.761000000e+00,train,-1.874485000e+00,-1.977144654e+00,-1.026596541e-01,-8.468353000e+00,-8.012634792e+00,4.557182080e-01
2.766000000e+00,train,-1.809560000e+00,-1.910465372e+00,-1.009053720e-01,-8.408864000e+00,-7.966876603e+00,4.419873970e-01
2.771000000e+00,train,-1.747350000e+00,-1.846296089e+00,-9.894608947e-02,-8.349552000e+00,-7.922168461e+00,4.273835392e-01
2.776000000e+00,train,-1.687751000e+00,-1.784538872e+00,-9.678787158e-02,-8.290444000e+00,-7.878496791e+00,4.119472086e-01
2.781000000e+00,train,-1.630660000e+00,-1.725098805e+00,-9.443880485e-02,-8.231570000e+00,-7.835839192e+00,3.957308076e-01
2.786000000e+00,test,-1.575975000e+00,-1.667883136e+00,-9.190813638e-02,-8.172968000e+00,-7.794190428e+00,3.787775721e-01
2.791000000e+00,train,-1.523597000e+00,-1.612800865e+00,-8.920386527e-02,-8.114681000e+00,-7.753549620e+00,3.611313798e-01
2.796000000e+00,train,-1.473428000e+00,-1.559764209e+00,-8.633620871e-02,-8.056756000e+00,-7.713893394e+00,3.428626062e-01
2.801000000e+00,train,-1.425372000e+00,-1.508687943e+00,-8.331594271e-02,-7.999242000e+00,-7.675226424e+00,3.240155761e-01
2.806000000e+00,train,-1.379337000e+00,-1.459488608e+00,-8.015160827e-02,-7.942193000e+00,-7.637568963e+00,3.046240369e-01
2.811000000e+00,train,-1.335230000e+00,-1.412086774e+00,-7.685677449e-02,-7.885666000e+00,-7.600904384e+00,2.847616160e-01
2.816000000e+00,train,-1.292965000e+00,-1.366404105e+00,-7.343910486e-02,-7.829718000e+00,-7.565244561e+00,2.644734394e-01
2.821000000e+00,train,-1.252455000e+00,-1.322366243e+00,-6.991124347e-02,-7.774408000e+00,-7.530601094e+00,2.438069062e-01
2.826000000e+00,train,-1.213617000e+00,-1.279902190e+00,-6.628518952e-02,-7.719796000e+00,-7.496973194e+00,2.228228057e-01
2.831000000e+00,train,-1.176370000e+00,-1.238942410e+00,-6.257241036e-02,-7.665944000e+00,-7.464386934e+00,2.015570660e-01
2.836000000e+00,validation,-1.140636000e+00,-1.199419967e+00,-5.878396691e-02,-7.612912000e+00,-7.432832594e+00,1.800794063e-01
2.841000000e+00,train,-1.106339000e+00,-1.161272193e+00,-5.493319342e-02,-7.560762000e+00,-7.402322880e+00,1.584391198e-01
2.846000000e+00,train,-1.073408000e+00,-1.124437072e+00,-5.102907244e-02,-7.509556000e+00,-7.372872983e+00,1.366830166e-01
2.851000000e+00,train,-1.041772000e+00,-1.088855805e+00,-4.708380490e-02,-7.459352000e+00,-7.344497318e+00,1.148546825e-01
2.856000000e+00,train,-1.011363000e+00,-1.054474266e+00,-4.311126592e-02,-7.410211000e+00,-7.317206814e+00,9.300418629e-02
2.861000000e+00,train,-9.821168000e-01,-1.021237340e+00,-3.912053956e-02,-7.362191000e+00,-7.290993425e+00,7.119757482e-02
2.866000000e+00,train,-9.539710000e-01,-9.890936723e-01,-3.512267228e-02,-7.315350000e+00,-7.265893815e+00,4.945618513e-02
2.871000000e+00,train,-9.268657000e-01,-9.579965147e-01,-3.113081473e-02,-7.269744000e+00,-7.241905630e+00,2.783837032e-02
2.876000000e+00,train,-9.007436000e-01,-9.278974358e-01,-2.715383578e-02,-7.225429000e+00,-7.219042952e+00,6.386048150e-03
2.881000000e+00,train,-8.755498000e-01,-8.987540201e-01,-2.320422010e-02,-7.182456000e+00,-7.197302579e+00,-1.484657903e-02
2.886000000e+00,train,-8.512317000e-01,-8.705226876e-01,-1.929098762e-02,-7.140880000e+00,-7.176696549e+00,-3.581654859e-02
2.891000000e+00,validation,-8.277391000e-01,-8.431637543e-01,-1.542465428e-02,-7.100749000e+00,-7.157256687e+00,-5.650768691e-02
2.896000000e+00,train,-8.050238000e-01,-8.166395179e-01,-1.161571794e-02,-7.062113000e+00,-7.138956384e+00,-7.684338405e-02
2.901000000e+00,validation,-7.830401000e-01,-7.909137593e-01,-7.873659312e-03,-7.025019000e+00,-7.121837658e+00,-9.681865783e-02
2.906000000e+00,train,-7.617442000e-01,-7.659517570e-01,-4.207556963e-03,-6.989512000e+00,-7.105873564e+00,-1.163615637e-01
2.911000000e+00,test,-7.410942000e-01,-7.417202482e-01,-6.260481674e-04,-6.955635000e+00,-7.091105253e+00,-1.354702529e-01
2.916000000e+00,train,-7.210506000e-01,-7.181886817e-01,2.861918254e-03,-6.923432000e+00,-7.077525920e+00,-1.540939197e-01
2.921000000e+00,train,-7.015754000e-01,-6.953279753e-01,6.247424681e-03,-6.892942000e+00,-7.065128281e+00,-1.721862814e-01
2.926000000e+00,test,-6.826326000e-01,-6.731094291e-01,9.523170925e-03,-6.864205000e+00,-7.053939742e+00,-1.897347420e-01
2.931000000e+00,train,-6.641880000e-01,-6.515066486e-01,1.268135144e-02,-6.837257000e+00,-7.043963290e+00,-2.067062903e-01
2.936000000e+00,train,-6.462091000e-01,-6.304947632e-01,1.571433679e-02,-6.812135000e+00,-7.035189501e+00,-2.230545007e-01
2.941000000e+00,train,-6.286651000e-01,-6.100494929e-01,1.861560710e-02,-6.788872000e+00,-7.027643161e+00,-2.387711615e-01
2.946000000e+00,train,-6.115267000e-01,-5.901495324e-01,2.137716762e-02,-6.767500000e+00,-7.021323299e+00,-2.538232991e-01
2.951000000e+00,train,-5.947663000e-01,-5.707726665e-01,2.399363349e-02,-6.748052000e+00,-7.016220406e+00,-2.681684059e-01
2.956000000e+00,validation,-5.783575000e-01,-5.518973769e-01,2.646012310e-02,-6.730557000e+00,-7.012369248e+00,-2.818122478e-01
2.961000000e+00,test,-5.622756000e-01,-5.335061899e-01,2.876941015e-02,-6.715043000e+00,-7.009755391e+00,-2.947123911e-01
2.966000000e+00,train,-5.464972000e-01,-5.155805973e-01,3.091660271e-02,-6.701536000e+00,-7.008377806e+00,-3.068418060e-01
2.971000000e+00,train,-5.310002000e-01,-4.981028784e-01,3.289732163e-02,-6.690063000e+00,-7.008257389e+00,-3.181943894e-01
2.976000000e+00,train,-5.157639000e-01,-4.810570753e-01,3.470682469e-02,-6.680649000e+00,-7.009402172e+00,-3.287531716e-01
2.981000000e+00,train,-5.007687000e-01,-4.644284415e-01,3.634025848e-02,-6.673315000e+00,-7.011797195e+00,-3.384821951e-01
2.986000000e+00,train,-4.859963000e-01,-4.482024364e-01,3.779386358e-02,-6.668084000e+00,-7.015460885e+00,-3.473768850e-01
2.991000000e+00,train,-4.714295000e-01,-4.323635535e-01,3.906594653e-02,-6.664977000e+00,-7.020402898e+00,-3.554258980e-01
2.996000000e+00,train,-4.570523000e-01,-4.169013800e-01,4.015091999e-02,-6.664013000e+00,-7.026625938e+00,-3.626129384e-01
3.001000000e+00,train,-4.428499000e-01,-4.018016343e-01,4.104826575e-02,-6.665211000e+00,-7.034128187e+00,-3.689171868e-01
3.006000000e+00,train,-4.288084000e-01,-3.870545360e-01,4.175386400e-02,-6.668587000e+00,-7.042923742e+00,-3.743367422e-01
3.011000000e+00,train,-4.149150000e-01,-3.726495594e-01,4.226544056e-02,-6.674159000e+00,-7.053006484e+00,-3.788474842e-01
3.016000000e+00,train,-4.011581000e-01,-3.585745314e-01,4.258356856e-02,-6.681940000e+00,-7.064405942e+00,-3.824659416e-01
3.021000000e+00,test,-3.875269000e-01,-3.448221322e-01,4.270476784e-02,-6.691946000e+00,-7.077101551e+00,-3.851555506e-01
3.026000000e+00,train,-3.740118000e-01,-3.313830789e-01,4.262872106e-02,-6.704188000e+00,-7.091119660e+00,-3.869316595e-01
3.031000000e+00,train,-3.606041000e-01,-3.182487559e-01,4.235534413e-02,-6.718679000e+00,-7.106453585e+00,-3.877745847e-01
3.036000000e+00,train,5.708961000e+00,5.800142714e+00,9.118171374e-02,-1.542009000e+01,-1.592336387e+01,-5.032738653e-01
3.041000000e+00,train,5.685079000e+00,5.774541407e+00,8.946240686e-02,-1.538393000e+01,-1.588665906e+01,-5.027290559e-01
3.046000000e+00,test,5.654937000e+00,5.742321929e+00,8.738492944e-02,-1.534263000e+01,-1.584245472e+01,-4.998247206e-01
3.051000000e+00,test,5.618671000e+00,5.703640126e+00,8.496912629e-02,-1.529640000e+01,-1.579098711e+01,-4.945871124e-01
3.056000000e+00,train,5.576435000e+00,5.658670221e+00,8.223522125e-02,-1.524547000e+01,-1.573254310e+01,-4.870731008e-01
3.061000000e+00,test,5.528402000e+00,5.607606870e+00,7.920487008e-02,-1.519011000e+01,-1.566745642e+01,-4.773464168e-01
3.066000000e+00,train,5.474761000e+00,5.550662922e+00,7.590192231e-02,-1.513060000e+01,-1.559607925e+01,-4.654792541e-01
3.071000000e+00,train,5.415713000e+00,5.488069498e+00,7.235649827e-02,-1.506727000e+01,-1.551881854e+01,-4.515485418e-01
3.076000000e+00,train,5.351474000e+00,5.420070283e+00,6.859628319e-02,-1.500043000e+01,-1.543609000e+01,-4.356600025e-01
3.081000000e+00,validation,5.282273000e+00,5.346926180e+00,6.465317962e-02,-1.493045000e+01,-1.534835450e+01,-4.179045030e-01
3.086000000e+00,test,5.208346000e+00,5.268903614e+00,6.055761381e-02,-1.485768000e+01,-1.525608877e+01,-3.984087737e-01
3.091000000e+00,train,5.129938000e+00,5.186283182e+00,5.634518225e-02,-1.478250000e+01,-1.515978366e+01,-3.772836624e-01
3.096000000e+00,validation,5.047303000e+00,5.099352328e+00,5.204932771e-02,-1.470529000e+01,-1.505995157e+01,-3.546615683e-01
3.101000000e+00,train,4.960697000e+00,5.008402114e+00,4.770511445e-02,-1.462644000e+01,-1.495712144e+01,-3.306814370e-01
3.106000000e+00,test,4.870381000e+00,4.913727211e+00,4.334621057e-02,-1.454636000e+01,-1.485182497e+01,-3.054649693e-01
3.111000000e+00,validation,4.776618000e+00,4.815627251e+00,3.900925064e-02,-1.446543000e+01,-1.474459681e+01,-2.791668053e-01
3.116000000e+00,test,4.679670000e+00,4.714397345e+00,3.472734544e-02,-1.438405000e+01,-1.463598073e+01,-2.519307303e-01
3.121000000e+00,validation,4.579800000e+00,4.610334436e+00,3.053443634e-02,-1.430261000e+01,-1.452651768e+01,-2.239076762e-01
3.126000000e+00,train,4.477265000e+00,4.503730847e+00,2.646584691e-02,-1.422151000e+01,-1.441673498e+01,-1.952249802e-01
3.131000000e+00,train,4.372320000e+00,4.394874355e+00,2.255435478e-02,-1.414111000e+01,-1.430716729e+01,-1.660572928e-01
3.136000000e+00,train,4.265215000e+00,4.284045938e+00,1.883093782e-02,-1.406178000e+01,-1.419832411e+01,-1.365441058e-01
3.141000000e+00,validation,4.156191000e+00,4.171518430e+00,1.532742959e-02,-1.398389000e+01,-1.409071496e+01,-1.068249593e-01
3.146000000e+00,train,4.045485000e+00,4.057556096e+00,1.207109594e-02,-1.390776000e+01,-1.398482825e+01,-7.706824629e-02
3.151000000e+00,validation,3.933321000e+00,3.942414817e+00,9.093816656e-03,-1.383373000e+01,-1.388112897e+01,-4.739897377e-02
3.156000000e+00,test,3.819916000e+00,3.826335861e+00,6.419861458e-03,-1.376211000e+01,-1.378007239e+01,-1.796239108e-02
3.161000000e+00,train,3.705477000e+00,3.709552921e+00,4.075920582e-03,-1.369319000e+01,-1.368209083e+01,1.109916626e-02
3.166000000e+00,test,3.590198000e+00,3.592283897e+00,2.085897378e-03,-1.362723000e+01,-1.358758924e+01,3.964076353e-02
3.171000000e+00,train,3.474263000e+00,3.474731934e+00,4.689341731e-04,-1.356449000e+01,-1.349695349e+01,6.753650730e-02
3.176000000e+00,train,3.357842000e+00,3.357090193e+00,-7.518070798e-04,-1.350521000e+01,-1.341054166e+01,9.466834497e-02
3.181000000e+00,train,3.241095000e+00,3.239533847e+00,-1.561152563e-03,-1.344958000e+01,-1.332868805e+01,1.208919463e-01
3.186000000e+00,train,3.124166000e+00,3.122224545e+00,-1.941455497e-03,-1.339781000e+01,-1.325169296e+01,1.461170351e-01
3.191000000e+00,test,3.007190000e+00,3.005307838e+00,-1.882161883e-03,-1.335005000e+01,-1.317983485e+01,1.702151543e-01
3.196000000e+00,train,2.890286000e+00,2.888915418e+00,-1.370582226e-03,-1.330644000e+01,-1.311336515e+01,1.930748506e-01
3.201000000e+00,validation,2.773561000e+00,2.773162294e+00,-3.987061587e-04,-1.326712000e+01,-1.305250457e+01,2.146154331e-01
3.206000000e+00,train,2.657108000e+00,2.658148292e+00,1.040292148e-03,-1.323219000e+01,-1.299743642e+01,2.347535836e-01
3.211000000e+00,train,2.541009000e+00,2.543956741e+00,2.947741332e-03,-1.320172000e+01,-1.294832889e+01,2.533911071e-01
3.216000000e+00,test,2.425332000e+00,2.430657234e+00,5.325234016e-03,-1.317579000e+01,-1.290531489e+01,2.704751086e-01
3.221000000e+00,train,2.310135000e+00,2.318301786e+00,8.166786068e-03,-1.315442000e+01,-1.286849485e+01,2.859251540e-01
3.226000000e+00,train,2.195460000e+00,2.206926914e+00,1.146691403e-02,-1.313764000e+01,-1.283795618e+01,2.996838245e-01
3.231000000e+00,train,2.081342000e+00,2.096558910e+00,1.521691045e-02,-1.312546000e+01,-1.281372921e+01,3.117307861e-01
3.236000000e+00,train,1.967801000e+00,1.987203738e+00,1.940273825e-02,-1.311788000e+01,-1.279585132e+01,3.220286832e-01
3.241000000e+00,train,1.854849000e+00,1.878855539e+00,2.400653924e-02,-1.311485000e+01,-1.278430915e+01,3.305408534e-01
3.246000000e+00,train,1.742488000e+00,1.771495484e+00,2.900748419e-02,-1.311633000e+01,-1.277907198e+01,3.372580150e-01
3.251000000e+00,train,1.630707000e+00,1.665090264e+00,3.438326388e-02,-1.312229000e+01,-1.278007260e+01,3.422173993e-01
3.256000000e+00,validation,1.519490000e+00,1.559591143e+00,4.010114288e-02,-1.313263000e+01,-1.278724144e+01,3.453885552e-01
3.261000000e+00,train,1.408808000e+00,1.454941841e+00,4.613384094e-02,-1.314729000e+01,-1.280046368e+01,3.468263240e-01
3.266000000e+00,test,1.298629000e+00,1.351069707e+00,5.244070656e-02,-1.316618000e+01,-1.281961340e+01,3.465666006e-01
3.271000000e+00,validation,1.188908000e+00,1.247891984e+00,5.898398373e-02,-1.318919000e+01,-1.284453497e+01,3.446550338e-01
3.276000000e+00,train,1.079596000e+00,1.145317203e+00,6.572120272e-02,-1.321622000e+01,-1.287505365e+01,3.411663469e-01
3.281000000e+00,test,9.706365000e-01,1.043238686e+00,7.260218582e-02,-1.324715000e+01,-1.291098674e+01,3.361632608e-01
3.286000000e+00,train,8.619668000e-01,9.415416971e-01,7.957489706e-02,-1.328188000e+01,-1.295212599e+01,3.297540128e-01
3.291000000e+00,train,7.535181000e-01,8.401059480e-01,8.658784797e-02,-1.332027000e+01,-1.299823210e+01,3.220378976e-01
3.296000000e+00,train,6.452160000e-01,7.387980142e-01,9.358201418e-02,-1.336220000e+01,-1.304907149e+01,3.131285149e-01
3.301000000e+00,test,5.369813000e-01,6.374779392e-01,1.004966392e-01,-1.340753000e+01,-1.310438884e+01,3.031411592e-01
3.306000000e+00,train,4.287297000e-01,5.359969249e-01,1.072672249e-01,-1.345615000e+01,-1.316392394e+01,2.922260594e-01
3.311000000e+00,test,3.203725000e-01,4.342028038e-01,1.138303038e-01,-1.350792000e+01,-1.322739214e+01,2.805278623e-01
3.316000000e+00,validation,2.118168000e-01,3.319349877e-01,1.201181877e-01,-1.356270000e+01,-1.329451509e+01,2.681849052e-01
3.321000000e+00,train,1.029652000e-01,2.290314446e-01,1.260662446e-01,-1.362038000e+01,-1.336499477e+01,2.553852324e-01
3.326000000e+00,validation,-6.283353000e-03,1.253171828e-01,1.316005358e-01,-1.368083000e+01,-1.343855548e+01,2.422745200e-01
3.331000000e+00,train,-1.160339000e-01,2.062564003e-02,1.366595400e-01,-1.374392000e+01,-1.351488930e+01,2.290307000e-01
3.336000000e+00,train,-2.263954000e-01,-8.522554699e-02,1.411698530e-01,-1.380955000e+01,-1.359371188e+01,2.158381192e-01
3.341000000e+00,train,-3.374807000e-01,-1.924117593e-01,1.450689407e-01,-1.387759000e+01,-1.367473468e+01,2.028553195e-01
3.346000000e+00,train,-4.494066000e-01,-3.011139647e-01,1.482926353e-01,-1.394795000e+01,-1.375768114e+01,1.902688647e-01
3.351000000e+00,train,-5.622944000e-01,-4.115147795e-01,1.507796205e-01,-1.402052000e+01,-1.384228468e+01,1.782353155e-01
3.356000000e+00,train,-6.762693000e-01,-5.237953099e-01,1.524739901e-01,-1.409522000e+01,-1.392828630e+01,1.669336986e-01
3.361000000e+00,validation,-7.914618000e-01,-6.381383455e-01,1.533234545e-01,-1.417197000e+01,-1.401545777e+01,1.565122280e-01
3.366000000e+00,train,-9.080070000e-01,-7.547247129e-01,1.532822871e-01,-1.425069000e+01,-1.410357785e+01,1.471121523e-01
3.371000000e+00,train,-1.026046000e+00,-8.737331111e-01,1.523128889e-01,-1.433133000e+01,-1.419245763e+01,1.388723720e-01
3.376000000e+00,train,-1.145726000e+00,-9.953476916e-01,1.503783084e-01,-1.441384000e+01,-1.428193937e+01,1.319006270e-01
3.381000000e+00,validation,-1.267202000e+00,-1.119739907e+00,1.474620927e-01,-1.449818000e+01,-1.437188365e+01,1.262963479e-01
3.386000000e+00,validation,-1.390635000e+00,-1.247097621e+00,1.435373795e-01,-1.458433000e+01,-1.446221061e+01,1.221193936e-01
3.391000000e+00,train,-1.516196000e+00,-1.377588438e+00,1.386075619e-01,-1.467230000e+01,-1.455285763e+01,1.194423660e-01
3.396000000e+00,train,-1.644066000e+00,-1.511387597e+00,1.326784029e-01,-1.476208000e+01,-1.464381504e+01,1.182649645e-01
3.401000000e+00,validation,-1.774437000e+00,-1.648677989e+00,1.257590113e-01,-1.485373000e+01,-1.473512934e+01,1.186006617e-01
3.406000000e+00,validation,-1.907513000e+00,-1.789630205e+00,1.178827950e-01,-1.494728000e+01,-1.482688641e+01,1.203935918e-01
3.411000000e+00,validation,-2.043513000e+00,-1.934429719e+00,1.090832810e-01,-1.504283000e+01,-1.491923459e+01,1.235954088e-01
3.416000000e+00,validation,-2.182673000e+00,-2.083256034e+00,9.941696575e-02,-1.514048000e+01,-1.501237875e+01,1.281012472e-01
3.421000000e+00,train,-2.325248000e+00,-2.236301705e+00,8.894629472e-02,-1.524036000e+01,-1.510658925e+01,1.337707518e-01
3.426000000e+00,train,-2.471512000e+00,-2.393762211e+00,7.774978934e-02,-1.534264000e+01,-1.520219460e+01,1.404454023e-01
3.431000000e+00,validation,-4.187677000e+00,-4.157562268e+00,3.011473152e-02,-1.551743000e+01,-1.531907074e+01,1.983592637e-01
3.436000000e+00,train,-4.358196000e+00,-4.340206691e+00,1.798930928e-02,-1.569781000e+01,-1.549404302e+01,2.037669810e-01
3.441000000e+00,train,-4.520934000e+00,-4.515153786e+00,5.780214010e-03,-1.588198000e+01,-1.567307511e+01,2.089048879e-01
3.446000000e+00,train,-4.674598000e+00,-4.680965868e+00,-6.367867580e-03,-1.606824000e+01,-1.585465770e+01,2.135823015e-01
3.451000000e+00,train,-4.817835000e+00,-4.836143190e+00,-1.830818995e-02,-1.625456000e+01,-1.603697825e+01,2.175817550e-01
3.456000000e+00,train,-4.949235000e+00,-4.979106329e+00,-2.987132902e-02,-1.643855000e+01,-1.621784635e+01,2.207036485e-01
3.461000000e+00,train,-5.067334000e+00,-5.108221250e+00,-4.088725006e-02,-1.661751000e+01,-1.639470210e+01,2.228078967e-01
3.466000000e+00,train,-5.170624000e+00,-5.221799848e+00,-5.117584788e-02,-1.678833000e+01,-1.656460273e+01,2.237272744e-01
3.471000000e+00,train,-5.257557000e+00,-5.318108362e+00,-6.055136209e-02,-1.694755000e+01,-1.672416951e+01,2.233804932e-01
3.476000000e+00,train,-5.326558000e+00,-5.395378635e+00,-6.882063455e-02,-1.709134000e+01,-1.686961309e+01,2.217269123e-01
3.481000000e+00,validation,-5.376039000e+00,-5.451840520e+00,-7.580151994e-02,-1.721548000e+01,-1.699673480e+01,2.187451957e-01
3.486000000e+00,validation,-5.404417000e+00,-5.485728407e+00,-8.131140748e-02,-1.731542000e+01,-1.710092260e+01,2.144973988e-01
3.491000000e+00,train,-5.410134000e+00,-5.495315148e+00,-8.518114837e-02,-1.738626000e+01,-1.717719887e+01,2.090611330e-01
3.496000000e+00,validation,-5.391683000e+00,-5.478950162e+00,-8.726716220e-02,-1.742283000e+01,-1.722026443e+01,2.025655694e-01
3.501000000e+00,train,-5.347640000e+00,-5.435086921e+00,-8.744692069e-02,-1.741974000e+01,-1.722456822e+01,1.951717751e-01
3.506000000e+00,train,-5.276693000e+00,-5.362336807e+00,-8.564380650e-02,-1.737143000e+01,-1.718439273e+01,1.870372657e-01
3.511000000e+00,train,-5.177685000e+00,-5.259507230e+00,-8.182222996e-02,-1.727227000e+01,-1.709396853e+01,1.783014669e-01
3.516000000e+00,train,-5.049659000e+00,-5.125653289e+00,-7.599428861e-02,-1.711669000e+01,-1.694759542e+01,1.690945818e-01
3.521000000e+00,train,-4.891897000e+00,-4.960133263e+00,-6.823626308e-02,-1.689929000e+01,-1.673978891e+01,1.595010928e-01
3.526000000e+00,train,-4.703978000e+00,-4.762649890e+00,-5.867188964e-02,-1.661501000e+01,-1.646542651e+01,1.495834898e-01
3.531000000e+00,train,-4.485819000e+00,-4.533305762e+00,-4.748676169e-02,-1.625927000e+01,-1.611990651e+01,1.393634855e-01
3.536000000e+00,train,-4.237731000e+00,-4.272641136e+00,-3.491013556e-02,-1.582817000e+01,-1.569931362e+01,1.288563849e-01
3.541000000e+00,train,-3.960460000e+00,-3.981671020e+00,-2.121102005e-02,-1.531865000e+01,-1.520056371e+01,1.180862896e-01
3.546000000e+00,validation,-3.655224000e+00,-3.661911248e+00,-6.687247504e-03,-1.472872000e+01,-1.462157152e+01,1.071484764e-01
3.551000000e+00,train,-3.323748000e+00,-3.315391240e+00,8.356760013e-03,-1.405760000e+01,-1.396137141e+01,9.622858874e-02
3.556000000e+00,train,-2.968271000e+00,-2.944661695e+00,2.360930505e-02,-1.330588000e+01,-1.322026605e+01,8.561395024e-02
3.561000000e+00,validation,-2.591553000e+00,-2.552797962e+00,3.875503799e-02,-1.247562000e+01,-1.239999014e+01,7.562985940e-02
3.566000000e+00,train,-2.196847000e+00,-2.143369115e+00,5.347788492e-02,-1.157049000e+01,-1.150378949e+01,6.670051256e-02
3.571000000e+00,train,-1.787866000e+00,-1.720422105e+00,6.744389488e-02,-1.059572000e+01,-1.053657151e+01,5.914849252e-02
3.576000000e+00,train,-1.368710000e+00,-1.288430691e+00,8.027930931e-02,-9.558086000e+00,-9.504953979e+00,5.313202107e-02
3.581000000e+00,train,-9.437906000e-01,-8.522461568e-01,9.154444321e-02,-8.465792000e+00,-8.417319729e+00,4.847227105e-02
3.586000000e+00,train,-5.177181000e-01,-4.169647752e-01,1.007533248e-01,-7.328294000e+00,-7.283622806e+00,4.467119402e-02
3.591000000e+00,train,-9.518780000e-02,1.216855443e-02,1.073563544e-01,-6.156044000e+00,-6.115234230e+00,4.080977042e-02
3.596000000e+00,validation,3.191510000e-01,4.299159784e-01,1.107649784e-01,-4.960192000e+00,-4.924587219e+00,3.560478137e-02
3.601000000e+00,test,7.208261000e-01,8.312966608e-01,1.104705608e-01,-3.752242000e+00,-3.724493024e+00,2.774897636e-02
3.606000000e+00,train,1.105669000e+00,1.211773702e+00,1.061047019e-01,-2.543701000e+00,-2.527583199e+00,1.611780084e-02
3.611000000e+00,test,1.469927000e+00,1.567447685e+00,9.752068459e-02,-1.345717000e+00,-1.345681556e+00,3.544435444e-05
3.616000000e+00,train,1.810364000e+00,1.895247881e+00,8.488388135e-02,-1.687481000e-01,-1.891625537e-01,-2.041445375e-02
3.621000000e+00,test,2.124324000e+00,2.192993866e+00,6.866986577e-02,9.777214000e-01,9.333331272e-01,-4.438827285e-02
3.626000000e+00,train,2.409778000e+00,2.459373851e+00,4.959585106e-02,2.085411000e+00,2.014960224e+00,-7.045077628e-02
3.631000000e+00,train,2.665340000e+00,2.693926067e+00,2.858606722e-02,3.147402000e+00,3.050719733e+00,-9.668226677e-02
3.636000000e+00,train,2.890250000e+00,2.896881430e+00,6.631429621e-03,4.158221000e+00,4.037131170e+00,-1.210898300e-01
3.641000000e+00,test,3.084338000e+00,3.068974861e+00,-1.536313900e-02,5.113852000e+00,4.971829926e+00,-1.420220739e-01
3.646000000e+00,test,3.247966000e+00,3.211386320e+00,-3.657968031e-02,6.011689000e+00,5.853523759e+00,-1.581652414e-01
3.651000000e+00,train,3.381958000e+00,3.325530295e+00,-5.642770506e-02,6.850431000e+00,6.681547522e+00,-1.688834778e-01
3.656000000e+00,train,3.487515000e+00,3.413002106e+00,-7.451289358e-02,7.629934000e+00,7.455856264e+00,-1.740777361e-01
3.661000000e+00,train,3.566136000e+00,3.475504831e+00,-9.063116900e-02,8.351054000e+00,8.176946512e+00,-1.741074877e-01
3.666000000e+00,train,3.619533000e+00,3.514819516e+00,-1.047134837e-01,9.015456000e+00,8.845878423e+00,-1.695775771e-01
3.671000000e+00,train,3.649556000e+00,3.532768866e+00,-1.167871344e-01,9.625446000e+00,9.464252656e+00,-1.611933437e-01
3.676000000e+00,validation,3.658123000e+00,3.531184129e+00,-1.269388709e-01,1.018379000e+01,1.003414431e+01,-1.496456929e-01
3.681000000e+00,train,3.647167000e+00,3.511859376e+00,-1.353076237e-01,1.069358000e+01,1.055798832e+01,-1.355916795e-01
3.686000000e+00,train,3.618585000e+00,3.476553838e+00,-1.420311624e-01,1.115807000e+01,1.103855470e+01,-1.195153016e-01
3.691000000e+00,validation,3.574199000e+00,3.426974430e+00,-1.472245697e-01,1.158060000e+01,1.147885655e+01,-1.017434464e-01
3.696000000e+00,validation,3.515738000e+00,3.364703565e+00,-1.510344349e-01,1.196449000e+01,1.188190414e+01,-8.258586238e-02
3.701000000e+00,train,3.444811000e+00,3.291206500e+00,-1.536045000e-01,1.231297000e+01,1.225065683e+01,-6.231317361e-02
3.706000000e+00,train,3.362900000e+00,3.207845239e+00,-1.550547611e-01,1.262912000e+01,1.258802810e+01,-4.109190470e-02
3.711000000e+00,train,3.271357000e+00,3.115826231e+00,-1.555307690e-01,1.291589000e+01,1.289668149e+01,-1.920850873e-02
3.716000000e+00,validation,3.171401000e+00,3.016234463e+00,-1.551665373e-01,1.317599000e+01,1.317909551e+01,3.105512367e-03
3.721000000e+00,train,3.064127000e+00,2.910029590e+00,-1.540974098e-01,1.341199000e+01,1.343752347e+01,2.553347189e-02
3.726000000e+00,train,2.950503000e+00,2.798041318e+00,-1.524616821e-01,1.362620000e+01,1.367396725e+01,4.776724596e-02
3.731000000e+00,train,2.831387000e+00,2.680988298e+00,-1.503987025e-01,1.382078000e+01,1.389020540e+01,6.942540325e-02
3.736000000e+00,train,2.707532000e+00,2.559495259e+00,-1.480367408e-01,1.399768000e+01,1.408783379e+01,9.015378813e-02
3.741000000e+00,train,2.579594000e+00,2.434107114e+00,-1.454868858e-01,1.415868000e+01,1.426830313e+01,1.096231269e-01
3.746000000e+00,train,2.448144000e+00,2.305270525e+00,-1.428734752e-01,1.430540000e+01,1.443286256e+01,1.274625612e-01
3.751000000e+00,train,2.313672000e+00,2.173393205e+00,-1.402787949e-01,1.443931000e+01,1.458272318e+01,1.434131776e-01
3.756000000e+00,validation,2.176602000e+00,2.038802121e+00,-1.377998792e-01,1.456173000e+01,1.471892999e+01,1.571999870e-01
3.761000000e+00,train,2.037295000e+00,1.901793191e+00,-1.355018086e-01,1.467387000e+01,1.484251515e+01,1.686451470e-01
3.766000000e+00,train,1.896058000e+00,1.762618024e+00,-1.334399756e-01,1.477683000e+01,1.495444825e+01,1.776182541e-01
3.771000000e+00,train,1.753149000e+00,1.621499488e+00,-1.316495122e-01,1.487160000e+01,1.505567868e+01,1.840786813e-01
3.776000000e+00,test,1.705180000e+00,1.576777920e+00,-1.284020799e-01,1.504909000e+01,1.523929614e+01,1.902061357e-01
3.781000000e+00,validation,1.652413000e+00,1.526788858e+00,-1.256241415e-01,1.520876000e+01,1.540221572e+01,1.934557176e-01
3.786000000e+00,test,1.585655000e+00,1.462177132e+00,-1.234778679e-01,1.534378000e+01,1.553755752e+01,1.937775250e-01
3.791000000e+00,train,1.506301000e+00,1.384385307e+00,-1.219156925e-01,1.545745000e+01,1.564891035e+01,1.914603465e-01
3.796000000e+00,train,1.415662000e+00,1.294777736e+00,-1.208842636e-01,1.555281000e+01,1.573964412e+01,1.868341237e-01
3.801000000e+00,train,1.314960000e+00,1.194637888e+00,-1.203221124e-01,1.563263000e+01,1.581289435e+01,1.802643489e-01
3.806000000e+00,train,1.205333000e+00,1.085169285e+00,-1.201637149e-01,1.569941000e+01,1.587158104e+01,1.721710365e-01
3.811000000e+00,validation,1.087837000e+00,9.674891093e-01,-1.203478907e-01,1.575539000e+01,1.591836718e+01,1.629771792e-01
3.816000000e+00,test,9.634479000e-01,8.426348931e-01,-1.208130069e-01,1.580257000e+01,1.595566987e+01,1.530998679e-01
3.821000000e+00,train,8.330649000e-01,7.115639531e-01,-1.215009469e-01,1.584274000e+01,1.598568083e+01,1.429408344e-01
3.826000000e+00,validation,6.975181000e-01,5.751606794e-01,-1.223574206e-01,1.587747000e+01,1.601034032e+01,1.328703175e-01
3.831000000e+00,train,5.575708000e-01,4.342339767e-01,-1.233368233e-01,1.590812000e+01,1.603137184e+01,1.232518393e-01
3.836000000e+00,train,4.139255000e-01,2.895324097e-01,-1.243930903e-01,1.593590000e+01,1.605027070e+01,1.143707042e-01
3.841000000e+00,validation,2.672280000e-01,1.417388983e-01,-1.254891017e-01,1.596182000e+01,1.606832368e+01,1.065036841e-01
3.846000000e+00,test,1.180725000e-01,-8.519361662e-03,-1.265918617e-01,1.598677000e+01,1.608662216e+01,9.985216048e-02
3.851000000e+00,test,-3.299424000e-02,-1.606712503e-01,-1.276770103e-01,1.601147000e+01,1.610606880e+01,9.459879770e-02
3.856000000e+00,train,-1.854684000e-01,-3.141875742e-01,-1.287191742e-01,1.603654000e+01,1.612739157e+01,9.085156798e-02
3.861000000e+00,train,-3.388855000e-01,-4.685841442e-01,-1.296986442e-01,1.606247000e+01,1.615115446e+01,8.868445878e-02
3.866000000e+00,train,-4.928165000e-01,-6.234183150e-01,-1.306018150e-01,1.608967000e+01,1.617778129e+01,8.811129441e-02
3.871000000e+00,validation,-6.468649000e-01,-7.782853436e-01,-1.314204436e-01,1.611842000e+01,1.620755655e+01,8.913654910e-02
3.876000000e+00,test,-8.006631000e-01,-9.328053756e-01,-1.321422756e-01,1.614896000e+01,1.624064376e+01,9.168376197e-02
3.881000000e+00,train,-9.538705000e-01,-1.086634357e+00,-1.327638574e-01,1.618143000e+01,1.627710521e+01,9.567521470e-02
3.886000000e+00,test,-1.106170000e+00,-1.239454647e+00,-1.332846470e-01,1.621591000e+01,1.631690508e+01,1.009950752e-01
3.891000000e+00,train,1.101564000e+01,1.089809593e+01,-1.175440693e-01,1.592381000e+01,1.597360995e+01,4.979995256e-02
3.896000000e+00,test,1.082561000e+01,1.071023015e+01,-1.153798463e-01,1.551450000e+01,1.556629158e+01,5.179157970e-02
3.901000000e+00,train,1.064249000e+01,1.052997006e+01,-1.125199389e-01,1.511781000e+01,1.517152406e+01,5.371405609e-02
3.906000000e+00,train,1.046608000e+01,1.035702160e+01,-1.090583967e-01,1.473305000e+01,1.478855134e+01,5.550133989e-02
3.911000000e+00,test,1.029617000e+01,1.019110463e+01,-1.050653658e-01,1.435957000e+01,1.441665181e+01,5.708180701e-02
3.916000000e+00,test,1.013255000e+01,1.003193987e+01,-1.006101293e-01,1.399675000e+01,1.405510419e+01,5.835419099e-02
3.921000000e+00,train,9.975012000e+00,9.879270134e+00,-9.574186616e-02,1.364398000e+01,1.370329214e+01,5.931214327e-02
3.926000000e+00,train,9.823357000e+00,9.732801228e+00,-9.055577175e-02,1.330071000e+01,1.336057214e+01,5.986213693e-02
3.931000000e+00,train,9.677387000e+00,9.592302886e+00,-8.508411418e-02,1.296640000e+01,1.302639516e+01,5.999516384e-02
3.936000000e+00,train,9.536906000e+00,9.457507647e+00,-7.939835295e-02,1.264052000e+01,1.270023942e+01,5.971941628e-02
3.941000000e+00,train,9.401726000e+00,9.328178425e+00,-7.354757483e-02,1.232260000e+01,1.238157339e+01,5.897339444e-02
3.946000000e+00,train,9.271663000e+00,9.204083218e+00,-6.757978186e-02,1.201217000e+01,1.206995231e+01,5.778230903e-02
3.951000000e+00,train,9.146535000e+00,9.084998220e+00,-6.153678033e-02,1.170881000e+01,1.176496119e+01,5.615119281e-02
3.956000000e+00,train,9.026169000e+00,8.970705650e+00,-5.546334963e-02,1.141209000e+01,1.146619572e+01,5.410571919e-02
3.961000000e+00,test,8.910395000e+00,8.860998974e+00,-4.939602569e-02,1.112164000e+01,1.117325871e+01,5.161871094e-02
3.966000000e+00,train,8.788784000e+00,8.745364217e+00,-4.341978267e-02,1.084231000e+01,1.089110660e+01,4.879659705e-02
3.971000000e+00,train,8.571487000e+00,8.533496552e+00,-3.799044811e-02,1.062279000e+01,1.066865240e+01,4.586239689e-02
3.976000000e+00,test,8.356417000e+00,8.323849365e+00,-3.256763513e-02,1.041545000e+01,1.045813665e+01,4.268665447e-02
3.981000000e+00,train,8.143825000e+00,8.116642068e+00,-2.718293164e-02,1.021973000e+01,1.025904292e+01,3.931292466e-02
3.986000000e+00,test,7.933939000e+00,7.912073219e+00,-2.186578093e-02,1.003508000e+01,1.007087857e+01,3.579857183e-02
3.991000000e+00,train,7.726968000e+00,7.710320512e+00,-1.664748760e-02,9.860941000e+00,9.893106752e+00,3.216575219e-02
3.996000000e+00,train,7.523096000e+00,7.511543563e+00,-1.155243673e-02,9.696753000e+00,9.725237723e+00,2.848472304e-02
4.001000000e+00,train,7.322490000e+00,7.315881731e+00,-6.608268864e-03,9.541964000e+00,9.566762292e+00,2.479829166e-02
4.006000000e+00,train,7.125299000e+00,7.123458244e+00,-1.840756461e-03,9.396026000e+00,9.417153739e+00,2.112773920e-02
4.011000000e+00,test,6.931653000e+00,6.934381858e+00,2.728858040e-03,9.258404000e+00,9.275921734e+00,1.751773377e-02
4.016000000e+00,train,6.741667000e+00,6.748746703e+00,7.079702502e-03,9.128573000e+00,9.142563619e+00,1.399061913e-02
4.021000000e+00,train,6.555441000e+00,6.566635124e+00,1.119412380e-02,9.006020000e+00,9.016615806e+00,1.059580620e-02
4.026000000e+00,train,6.373060000e+00,6.388117482e+00,1.505748161e-02,8.890249000e+00,8.897588977e+00,7.339976965e-03
4.031000000e+00,test,6.194595000e+00,6.213250837e+00,1.865583731e-02,8.780779000e+00,8.785022123e+00,4.243123314e-03
4.036000000e+00,train,6.020104000e+00,6.042085434e+00,2.198143419e-02,8.677146000e+00,8.678462740e+00,1.316740430e-03
4.041000000e+00,train,5.849635000e+00,5.874658581e+00,2.502358140e-02,8.578902000e+00,8.577506133e+00,-1.395866928e-03
4.046000000e+00,train,5.683222000e+00,5.711000424e+00,2.777842383e-02,8.485622000e+00,8.481711975e+00,-3.910025269e-03
4.051000000e+00,validation,5.520889000e+00,5.551134114e+00,3.024511363e-02,8.396896000e+00,8.390684848e+00,-6.211152265e-03
4.056000000e+00,train,5.362650000e+00,5.395070878e+00,3.242087774e-02,8.312336000e+00,8.304045932e+00,-8.290067518e-03
4.061000000e+00,test,5.208511000e+00,5.242818833e+00,3.430783250e-02,8.231573000e+00,8.221426043e+00,-1.014695716e-02
4.066000000e+00,train,5.058465000e+00,5.094376189e+00,3.591118935e-02,8.154257000e+00,8.142482773e+00,-1.177422717e-02
4.071000000e+00,train,4.912501000e+00,4.949735410e+00,3.723440989e-02,8.080061000e+00,8.066885242e+00,-1.317575779e-02
4.076000000e+00,validation,4.770597000e+00,4.808883849e+00,3.828684883e-02,8.008674000e+00,7.994325430e+00,-1.434857006e-02
4.081000000e+00,train,4.632725000e+00,4.671801607e+00,3.907660714e-02,7.939808000e+00,7.924508750e+00,-1.529925042e-02
4.086000000e+00,train,4.498851000e+00,4.538462672e+00,3.961167157e-02,7.873193000e+00,7.857166786e+00,-1.602621375e-02
4.091000000e+00,train,4.368933000e+00,4.408837089e+00,3.990408943e-02,7.808578000e+00,7.792042620e+00,-1.653538029e-02
4.096000000e+00,test,4.242924000e+00,4.282890592e+00,3.996659238e-02,7.745731000e+00,7.728898928e+00,-1.683207205e-02
4.101000000e+00,validation,4.120772000e+00,4.160582738e+00,3.981073845e-02,7.684440000e+00,7.667516767e+00,-1.692323284e-02
4.106000000e+00,train,4.002419000e+00,4.041869413e+00,3.945041330e-02,7.624508000e+00,7.607696341e+00,-1.681165883e-02
4.111000000e+00,train,3.887805000e+00,3.926701869e+00,3.889686854e-02,7.565757000e+00,7.549251663e+00,-1.650533729e-02
4.116000000e+00,train,3.776862000e+00,3.815028335e+00,3.816633526e-02,7.508024000e+00,7.492013070e+00,-1.601092953e-02
4.121000000e+00,train,3.669523000e+00,3.706794922e+00,3.727192247e-02,7.451165000e+00,7.435826333e+00,-1.533866686e-02
4.126000000e+00,train,3.565714000e+00,3.601940417e+00,3.622641717e-02,7.395047000e+00,7.380557567e+00,-1.448943287e-02
4.131000000e+00,train,3.465362000e+00,3.500406288e+00,3.504428758e-02,7.339556000e+00,7.326075367e+00,-1.348063342e-02
4.136000000e+00,train,3.368388000e+00,3.402126393e+00,3.373839316e-02,7.284588000e+00,7.272275873e+00,-1.231212678e-02
4.141000000e+00,test,3.274714000e+00,3.307036485e+00,3.232248477e-02,7.230054000e+00,7.219057161e+00,-1.099683914e-02
4.146000000e+00,train,3.184257000e+00,3.215067771e+00,3.081077149e-02,7.175877000e+00,7.166335754e+00,-9.541246244e-03
4.151000000e+00,train,3.096937000e+00,3.126150468e+00,2.921346847e-02,7.121992000e+00,7.114034893e+00,-7.957107383e-03
4.156000000e+00,train,3.012670000e+00,3.040213114e+00,2.754311370e-02,7.068345000e+00,7.062093881e+00,-6.251118555e-03
4.161000000e+00,train,2.931371000e+00,2.957183765e+00,2.581276524e-02,7.014890000e+00,7.010457904e+00,-4.432096298e-03
4.166000000e+00,train,2.852956000e+00,2.876989451e+00,2.403345135e-02,6.961593000e+00,6.959082972e+00,-2.510027650e-03
4.171000000e+00,train,2.777340000e+00,2.799555375e+00,2.221537482e-02,6.908428000e+00,6.907933590e+00,-4.944096237e-04
4.176000000e+00,train,2.704440000e+00,2.724807015e+00,2.036701544e-02,6.855378000e+00,6.856982950e+00,1.604950296e-03
4.181000000e+00,train,2.634170000e+00,2.652669781e+00,1.849978067e-02,6.802430000e+00,6.806210997e+00,3.780997329e-03
4.186000000e+00,train,2.566447000e+00,2.583067604e+00,1.662060447e-02,6.749581000e+00,6.755606700e+00,6.025700380e-03
4.191000000e+00,train,2.501188000e+00,2.515928087e+00,1.474008710e-02,6.696834000e+00,6.705158876e+00,8.324875679e-03
4.196000000e+00,train,2.438310000e+00,2.451174572e+00,1.286457198e-02,6.644196000e+00,6.654870865e+00,1.067486547e-02
4.201000000e+00,train,2.377732000e+00,2.388732647e+00,1.100064711e-02,6.591680000e+00,6.604744100e+00,1.306409978e-02
4.206000000e+00,train,2.319374000e+00,2.328530703e+00,9.156702835e-03,6.539303000e+00,6.554786647e+00,1.548364662e-02
4.211000000e+00,train,2.263157000e+00,2.270494429e+00,7.337428544e-03,6.487086000e+00,6.505013204e+00,1.792720425e-02
4.216000000e+00,train,2.209004000e+00,2.214552295e+00,5.548295056e-03,6.435054000e+00,6.455439966e+00,2.038596622e-02
4.221000000e+00,train,2.156838000e+00,2.160633250e+00,3.795250029e-03,6.383235000e+00,6.406086727e+00,2.285172655e-02
4.226000000e+00,train,2.106586000e+00,2.108667278e+00,2.081278086e-03,6.331659000e+00,6.356976488e+00,2.531748774e-02
4.231000000e+00,validation,2.058174000e+00,2.058586050e+00,4.120499020e-04,6.280359000e+00,6.308132274e+00,2.777327373e-02
4.236000000e+00,train,2.011533000e+00,2.010321704e+00,-1.211295763e-03,6.229369000e+00,6.259584850e+00,3.021585037e-02
4.241000000e+00,train,1.966591000e+00,1.963807986e+00,-2.783013549e-03,6.178725000e+00,6.211360375e+00,3.263537543e-02
4.246000000e+00,test,1.923283000e+00,1.918980519e+00,-4.302481309e-03,6.128464000e+00,6.163493214e+00,3.502921376e-02
4.251000000e+00,train,1.881541000e+00,1.875774214e+00,-5.766786160e-03,6.078625000e+00,6.116015974e+00,3.739097445e-02
4.256000000e+00,train,1.841304000e+00,1.834130382e+00,-7.173617752e-03,6.029245000e+00,6.068957141e+00,3.971214057e-02
4.261000000e+00,train,1.802508000e+00,1.793985471e+00,-8.522529364e-03,5.980366000e+00,6.022357169e+00,4.199116941e-02
4.266000000e+00,validation,1.765094000e+00,1.755282304e+00,-9.811696280e-03,5.932026000e+00,5.976246261e+00,4.422026106e-02
4.271000000e+00,validation,1.729003000e+00,1.717963125e+00,-1.103987500e-02,5.884264000e+00,5.930663755e+00,4.639975460e-02
4.276000000e+00,train,1.694180000e+00,1.681971960e+00,-1.220804000e-02,5.837121000e+00,5.885644161e+00,4.852316059e-02
4.281000000e+00,train,1.660570000e+00,1.647255812e+00,-1.331418764e-02,5.790635000e+00,5.841221610e+00,5.058661017e-02
4.286000000e+00,train,1.628120000e+00,1.613760505e+00,-1.435949511e-02,5.744845000e+00,5.797435249e+00,5.259024922e-02
4.291000000e+00,train,1.596780000e+00,1.581437205e+00,-1.534279481e-02,5.699790000e+00,5.754317405e+00,5.452740493e-02
4.296000000e+00,train,1.566501000e+00,1.550234643e+00,-1.626635658e-02,5.655508000e+00,5.711906690e+00,5.639868960e-02
4.301000000e+00,train,1.537235000e+00,1.520105716e+00,-1.712928413e-02,5.612035000e+00,5.670237632e+00,5.820263221e-02
4.306000000e+00,train,1.508938000e+00,1.491004680e+00,-1.793331954e-02,5.569408000e+00,5.629344466e+00,5.993646556e-02
4.311000000e+00,train,1.481565000e+00,1.462885696e+00,-1.867930405e-02,5.527662000e+00,5.589262754e+00,6.160075379e-02
4.316000000e+00,test,1.455075000e+00,1.435707625e+00,-1.936737457e-02,5.486831000e+00,5.550025695e+00,6.319469456e-02
4.321000000e+00,test,1.429426000e+00,1.409426489e+00,-1.999951138e-02,5.446950000e+00,5.511667342e+00,6.471734169e-02
4.326000000e+00,validation,1.404581000e+00,1.384003985e+00,-2.057701529e-02,5.408051000e+00,5.474217697e+00,6.616669748e-02
4.331000000e+00,test,1.380502000e+00,1.359400634e+00,-2.110136556e-02,5.370166000e+00,5.437712463e+00,6.754646290e-02
4.336000000e+00,train,1.357152000e+00,1.335579093e+00,-2.157290680e-02,5.333325000e+00,5.402180715e+00,6.885571450e-02
4.341000000e+00,train,1.334498000e+00,1.312504390e+00,-2.199360975e-02,5.297559000e+00,5.367653517e+00,7.009451736e-02
4.346000000e+00,validation,1.312507000e+00,1.290140569e+00,-2.236643101e-02,5.262897000e+00,5.334161110e+00,7.126411019e-02
4.351000000e+00,test,1.291147000e+00,1.268454711e+00,-2.269228894e-02,5.229365000e+00,5.301733076e+00,7.236807618e-02
4.356000000e+00,test,1.270387000e+00,1.247416026e+00,-2.297097404e-02,5.196992000e+00,5.270395135e+00,7.340313548e-02
4.361000000e+00,train,1.250199000e+00,1.226992226e+00,-2.320677363e-02,5.165803000e+00,5.240178699e+00,7.437569876e-02
4.366000000e+00,train,1.966947000e+01,1.953425955e+01,-1.352104536e-01,-2.165978000e+01,-2.156933100e+01,9.044900163e-02
4.371000000e+00,train,1.969785000e+01,1.957095694e+01,-1.268930574e-01,-2.180970000e+01,-2.173291343e+01,7.678656868e-02
4.376000000e+00,train,1.973109000e+01,1.961355287e+01,-1.175371269e-01,-2.198162000e+01,-2.192050785e+01,6.111215251e-02
4.381000000e+00,train,1.976915000e+01,1.966201078e+01,-1.071392184e-01,-2.217549000e+01,-2.213212001e+01,4.336998546e-02
4.386000000e+00,test,1.981200000e+01,1.971627624e+01,-9.572375571e-02,-2.239127000e+01,-2.236771016e+01,2.355984260e-02
4.391000000e+00,train,1.985957000e+01,1.977627816e+01,-8.329183646e-02,-2.262890000e+01,-2.262721511e+01,1.684892755e-03
4.396000000e+00,validation,1.991180000e+01,1.984191925e+01,-6.988075409e-02,-2.288827000e+01,-2.291050633e+01,-2.223632519e-02
4.401000000e+00,test,1.788275000e+01,1.785913226e+01,-2.361773871e-02,-2.008051000e+01,-2.005039825e+01,3.011174641e-02
4.406000000e+00,train,1.562569000e+01,1.564887980e+01,2.318979609e-02,-1.692688000e+01,-1.693031884e+01,-3.438844439e-03
4.411000000e+00,train,1.356895000e+01,1.361864784e+01,4.969783761e-02,-1.405908000e+01,-1.409907062e+01,-3.999061871e-02
4.416000000e+00,validation,1.169667000e+01,1.175393389e+01,5.726389197e-02,-1.145368000e+01,-1.150554166e+01,-5.186165843e-02
4.421000000e+00,train,9.994536000e+00,1.004676513e+01,5.222912894e-02,-9.090015000e+00,-9.134010087e+00,-4.399508650e-02
4.426000000e+00,train,8.449506000e+00,8.490348280e+00,4.084228042e-02,-6.949611000e+00,-6.976453645e+00,-2.684264512e-02
4.431000000e+00,train,7.049641000e+00,7.077613599e+00,2.797259886e-02,-5.015786000e+00,-5.024630959e+00,-8.844959493e-03
4.436000000e+00,train,5.783925000e+00,5.800753819e+00,1.682881938e-02,-3.273314000e+00,-3.268365228e+00,4.948771762e-03
4.441000000e+00,train,4.642140000e+00,4.651172164e+00,9.032163717e-03,-1.708175000e+00,-1.695617704e+00,1.255729569e-02
4.446000000e+00,test,3.614770000e+00,3.619706384e+00,4.936383966e-03,-3.073479000e-01,-2.932105789e-01,1.413732108e-02
4.451000000e+00,validation,2.692922000e+00,2.696993576e+00,4.071576032e-03,9.413332000e-01,9.523812146e-01,1.104801458e-02
4.456000000e+00,train,1.868266000e+00,1.873840999e+00,5.574999458e-03,2.049296000e+00,2.054327267e+00,5.031267446e-03
4.461000000e+00,train,1.132993000e+00,1.141510302e+00,8.517301608e-03,3.027309000e+00,3.025022926e+00,-2.286073661e-03
4.466000000e+00,train,4.797740000e-01,4.918815108e-01,1.210751083e-02,3.885546000e+00,3.875885058e+00,-9.660942274e-03
4.471000000e+00,train,-9.826525000e-02,-8.249758000e-02,1.576767000e-02,4.633625000e+00,4.617347680e+00,-1.627731986e-02
4.476000000e+00,test,-6.075670000e-01,-5.884256819e-01,1.914131814e-02,5.280637000e+00,5.258928767e+00,-2.170823268e-02
4.481000000e+00,test,-1.054162000e+00,-1.032108225e+00,2.205377549e-02,5.835171000e+00,5.809352400e+00,-2.581860015e-02
4.486000000e+00,train,-1.443684000e+00,-1.419226753e+00,2.445724676e-02,6.305326000e+00,6.276668641e+00,-2.865735886e-02
4.491000000e+00,test,-1.781388000e+00,-1.755001565e+00,2.638643500e-02,6.698724000e+00,6.668339184e+00,-3.038481575e-02
4.496000000e+00,train,-2.072164000e+00,-2.044246896e+00,2.791710397e-02,7.022521000e+00,6.991313614e+00,-3.120738641e-02
4.501000000e+00,train,-2.320549000e+00,-2.291410771e+00,2.913822904e-02,7.283415000e+00,7.252077290e+00,-3.133771040e-02
4.506000000e+00,train,-2.530745000e+00,-2.500607640e+00,3.013735991e-02,7.487660000e+00,7.456682908e+00,-3.097709241e-02
4.511000000e+00,train,-2.706632000e+00,-2.675641382e+00,3.099061788e-02,7.641071000e+00,7.610775569e+00,-3.029543113e-02
4.516000000e+00,test,-2.851784000e+00,-2.820025632e+00,3.175836831e-02,7.749047000e+00,7.719606678e+00,-2.944032250e-02
4.521000000e+00,validation,-2.969482000e+00,-2.936997963e+00,3.248403676e-02,7.816575000e+00,7.788052332e+00,-2.852266792e-02
4.526000000e+00,train,-3.062735000e+00,-3.029533513e+00,3.320148667e-02,7.848252000e+00,7.820619502e+00,-2.763249755e-02
4.531000000e+00,validation,-3.134291000e+00,-3.100361684e+00,3.392931551e-02,7.848301000e+00,7.821469751e+00,-2.683124893e-02
4.536000000e+00,validation,-3.186653000e+00,-3.151975889e+00,3.467711107e-02,7.820588000e+00,7.794425106e+00,-2.616289441e-02
4.541000000e+00,train,-3.222099000e+00,-3.186650394e+00,3.544860618e-02,7.768641000e+00,7.742984521e+00,-2.565647905e-02
4.546000000e+00,train,-3.242692000e+00,-3.206451190e+00,3.624080992e-02,7.695670000e+00,7.670344742e+00,-2.532525801e-02
4.551000000e+00,test,-3.250301000e+00,-3.213250911e+00,3.705008942e-02,7.604586000e+00,7.579413910e+00,-2.517209041e-02
4.556000000e+00,train,-3.246609000e+00,-3.208741731e+00,3.786726892e-02,7.498022000e+00,7.472830227e+00,-2.519177288e-02
4.561000000e+00,train,-3.233133000e+00,-3.194448070e+00,3.868493037e-02,7.378350000e+00,7.352974378e+00,-2.537562180e-02
4.566000000e+00,train,-3.211234000e+00,-3.171739118e+00,3.949488248e-02,7.247702000e+00,7.221993083e+00,-2.570891663e-02
4.571000000e+00,train,-3.182132000e+00,-3.141842898e+00,4.028910173e-02,7.107987000e+00,7.081813794e+00,-2.617320634e-02
4.576000000e+00,train,-3.146916000e+00,-3.105857196e+00,4.105880383e-02,6.960911000e+00,6.934162133e+00,-2.674886733e-02
4.581000000e+00,train,-3.106559000e+00,-3.064759413e+00,4.179958741e-02,6.807992000e+00,6.780574950e+00,-2.741705047e-02
4.586000000e+00,validation,-3.061923000e+00,-3.019418248e+00,4.250475195e-02,6.650575000e+00,6.622419903e+00,-2.815509732e-02
4.591000000e+00,train,-3.013774000e+00,-2.970605906e+00,4.316809394e-02,6.489852000e+00,6.460909171e+00,-2.894282893e-02
4.596000000e+00,train,-2.962791000e+00,-2.919003804e+00,4.378719588e-02,6.326871000e+00,6.297109964e+00,-2.976103631e-02
4.601000000e+00,train,-2.909571000e+00,-2.865209906e+00,4.436109449e-02,6.162552000e+00,6.131956094e+00,-3.059590579e-02
4.606000000e+00,train,-2.854640000e+00,-2.809753867e+00,4.488613309e-02,5.997699000e+00,5.966271249e+00,-3.142775110e-02
4.611000000e+00,test,-2.798460000e+00,-2.753097798e+00,4.536220235e-02,5.833012000e+00,5.800769415e+00,-3.224258479e-02
4.616000000e+00,train,-2.741433000e+00,-2.695643387e+00,4.578961349e-02,5.669096000e+00,5.636065911e+00,-3.303008938e-02
4.621000000e+00,train,-2.683912000e+00,-2.637743939e+00,4.616806057e-02,5.506473000e+00,5.472696797e+00,-3.377620256e-02
4.626000000e+00,validation,-2.626200000e+00,-2.579701815e+00,4.649818460e-02,5.345589000e+00,5.311114948e+00,-3.447405206e-02
4.631000000e+00,test,-2.568561000e+00,-2.521779110e+00,4.678188959e-02,5.186822000e+00,5.151706765e+00,-3.511523464e-02
4.636000000e+00,train,-2.511223000e+00,-2.464200187e+00,4.702281262e-02,5.030490000e+00,4.994796266e+00,-3.569373397e-02
4.641000000e+00,validation,-2.454378000e+00,-2.407158606e+00,4.721939397e-02,4.876861000e+00,4.840656895e+00,-3.620410521e-02
4.646000000e+00,test,-2.398191000e+00,-2.350815546e+00,4.737545434e-02,4.726151000e+00,4.689508525e+00,-3.664247486e-02
4.651000000e+00,test,-2.342800000e+00,-2.295307637e+00,4.749236266e-02,4.578539000e+00,4.541530429e+00,-3.700857086e-02
4.656000000e+00,train,-2.288323000e+00,-2.240747584e+00,4.757541645e-02,4.434163000e+00,4.396862460e+00,-3.730053954e-02
4.661000000e+00,train,-2.234855000e+00,-2.187231693e+00,4.762330680e-02,4.293133000e+00,4.255617617e+00,-3.751538314e-02
4.666000000e+00,validation,-2.182474000e+00,-2.134832585e+00,4.764141505e-02,4.155528000e+00,4.117869590e+00,-3.765840972e-02
4.671000000e+00,train,-2.131243000e+00,-2.083613970e+00,4.762903044e-02,4.021402000e+00,3.983677991e+00,-3.772400906e-02
4.676000000e+00,validation,-2.081211000e+00,-2.033619929e+00,4.759107077e-02,3.890790000e+00,3.853070214e+00,-3.771978563e-02
4.681000000e+00,train,-2.032415000e+00,-1.984886963e+00,4.752803714e-02,3.763707000e+00,3.726061299e+00,-3.764570139e-02
4.686000000e+00,train,-1.984883000e+00,-1.937438965e+00,4.744403525e-02,3.640151000e+00,3.602646260e+00,-3.750473991e-02
4.691000000e+00,train,-1.938633000e+00,-1.891293561e+00,4.733943871e-02,3.520108000e+00,3.482810378e+00,-3.729762223e-02
4.696000000e+00,train,-1.893674000e+00,-1.846457122e+00,4.721687768e-02,3.403551000e+00,3.366520716e+00,-3.703028370e-02
4.701000000e+00,validation,-1.850010000e+00,-1.802931558e+00,4.707844200e-02,3.290442000e+00,3.253737849e+00,-3.670415143e-02
4.706000000e+00,test,-1.807638000e+00,-1.760712713e+00,4.692528707e-02,3.180737000e+00,3.144413000e+00,-3.632400021e-02
4.711000000e+00,train,-1.766552000e+00,-1.719793215e+00,4.675878463e-02,3.074382000e+00,3.038492976e+00,-3.588902390e-02
4.716000000e+00,train,-1.726739000e+00,-1.680157761e+00,4.658123903e-02,2.971321000e+00,2.935912226e+00,-3.540877450e-02
4.721000000e+00,train,-1.688186000e+00,-1.641790823e+00,4.639517717e-02,2.871489000e+00,2.836605812e+00,-3.488318769e-02
4.726000000e+00,train,-1.650873000e+00,-1.604673912e+00,4.619908777e-02,2.774819000e+00,2.740504786e+00,-3.431421403e-02
4.731000000e+00,train,-1.614780000e+00,-1.568784492e+00,4.599550817e-02,2.681242000e+00,2.647534449e+00,-3.370755100e-02
4.736000000e+00,train,-1.579885000e+00,-1.534098115e+00,4.578688499e-02,2.590685000e+00,2.557617864e+00,-3.306713629e-02
4.741000000e+00,train,-1.546163000e+00,-1.500590453e+00,4.557254743e-02,2.503074000e+00,2.470679318e+00,-3.239468165e-02
4.746000000e+00,train,-1.513590000e+00,-1.468235176e+00,4.535482438e-02,2.418334000e+00,2.386640757e+00,-3.169324273e-02
4.751000000e+00,train,-1.482138000e+00,-1.437005030e+00,4.513297032e-02,2.336388000e+00,2.305423522e+00,-3.096447770e-02
4.756000000e+00,test,-1.451781000e+00,-1.406870877e+00,4.491012262e-02,2.257161000e+00,2.226946851e+00,-3.021414883e-02
4.761000000e+00,train,-1.422489000e+00,-1.377804742e+00,4.468425835e-02,2.180576000e+00,2.151132874e+00,-2.944312572e-02
4.766000000e+00,train,-1.394237000e+00,-1.349778754e+00,4.445824614e-02,2.106558000e+00,2.077904842e+00,-2.865315785e-02
4.771000000e+00,validation,-1.366994000e+00,-1.322762193e+00,4.423180690e-02,2.035031000e+00,2.007182205e+00,-2.784879503e-02
4.776000000e+00,train,-1.340733000e+00,-1.296728450e+00,4.400455025e-02,1.965921000e+00,1.938892314e+00,-2.702868565e-02
4.781000000e+00,test,-1.315425000e+00,-1.271646002e+00,4.377899766e-02,1.899155000e+00,1.872955154e+00,-2.619984636e-02
4.786000000e+00,train,-1.291043000e+00,-1.247488597e+00,4.355440281e-02,1.834661000e+00,1.809300213e+00,-2.536078673e-02
4.791000000e+00,train,-1.267558000e+00,-1.224228022e+00,4.332997769e-02,1.772367000e+00,1.747855102e+00,-2.451189825e-02
4.796000000e+00,train,-1.244944000e+00,-1.201834285e+00,4.310971522e-02,1.712206000e+00,1.688544542e+00,-2.366145754e-02
4.801000000e+00,test,-1.223172000e+00,-1.180282456e+00,4.288954434e-02,1.654107000e+00,1.631303471e+00,-2.280352922e-02
4.806000000e+00,train,-1.202218000e+00,-1.159543826e+00,4.267417398e-02,1.598006000e+00,1.576060475e+00,-2.194552476e-02
4.811000000e+00,train,-1.182053000e+00,-1.139593860e+00,4.245913969e-02,1.543837000e+00,1.522752607e+00,-2.108439326e-02
4.816000000e+00,train,-1.162654000e+00,-1.120406066e+00,4.224793373e-02,1.491537000e+00,1.471313870e+00,-2.022312996e-02
4.821000000e+00,train,-1.143994000e+00,-1.101954138e+00,4.203986236e-02,1.441044000e+00,1.421679560e+00,-1.936444033e-02
4.826000000e+00,test,-1.126050000e+00,-1.084215964e+00,4.183403600e-02,1.392299000e+00,1.373792847e+00,-1.850615335e-02
4.831000000e+00,train,-1.108799000e+00,-1.067165511e+00,4.163348863e-02,1.345244000e+00,1.327590939e+00,-1.765306109e-02
4.836000000e+00,train,-1.092215000e+00,-1.050780817e+00,4.143418267e-02,1.299821000e+00,1.283018431e+00,-1.680256921e-02
4.841000000e+00,train,-1.076279000e+00,-1.035038173e+00,4.124082686e-02,1.255976000e+00,1.240017835e+00,-1.595816528e-02
4.846000000e+00,validation,-1.060966000e+00,-1.019916905e+00,4.104909466e-02,1.213655000e+00,1.198537067e+00,-1.511793296e-02
4.851000000e+00,train,-1.046256000e+00,-1.005394129e+00,4.086187069e-02,1.172807000e+00,1.158521325e+00,-1.428567476e-02
4.856000000e+00,train,-1.032129000e+00,-9.914501988e-01,4.067880119e-02,1.133381000e+00,1.119921666e+00,-1.345933405e-02
4.861000000e+00,train,-1.018564000e+00,-9.780648057e-01,4.049919428e-02,1.095329000e+00,1.082688724e+00,-1.264027576e-02
4.866000000e+00,train,-1.005541000e+00,-9.652183790e-01,4.032262105e-02,1.058604000e+00,1.046774692e+00,-1.182930809e-02
4.871000000e+00,train,-9.930424000e-01,-9.528920230e-01,4.015037704e-02,1.023161000e+00,1.012133547e+00,-1.102745286e-02
4.876000000e+00,test,-9.810493000e-01,-9.410673918e-01,3.998190815e-02,9.889542000e-01,9.787208153e-01,-1.023338474e-02
4.881000000e+00,train,-9.695440000e-01,-9.297268765e-01,3.981712347e-02,9.559422000e-01,9.464935961e-01,-9.448603935e-03
4.886000000e+00,train,-9.585093000e-01,-9.188533962e-01,3.965590381e-02,9.240835000e-01,9.154105146e-01,-8.672985396e-03
4.891000000e+00,train,-9.479287000e-01,-9.084301839e-01,3.949851605e-02,8.933380000e-01,8.854310346e-01,-7.906965356e-03
4.896000000e+00,train,-9.377860000e-01,-8.984413233e-01,3.934467674e-02,8.636672000e-01,8.565166994e-01,-7.150500627e-03
4.901000000e+00,validation,-9.280657000e-01,-8.888712579e-01,3.919444214e-02,8.350338000e-01,8.286298318e-01,-6.403968233e-03
4.906000000e+00,train,-9.187528000e-01,-8.797050505e-01,3.904774951e-02,8.074016000e-01,8.017342632e-01,-5.667336774e-03
4.911000000e+00,test,-9.098327000e-01,-8.709281095e-01,3.890459054e-02,7.807359000e-01,7.757948860e-01,-4.941014020e-03
4.916000000e+00,test,-9.012914000e-01,-8.625265196e-01,3.876488039e-02,7.550029000e-01,7.507783475e-01,-4.224552482e-03
4.921000000e+00,train,-8.931153000e-01,-8.544867551e-01,3.862854495e-02,7.301702000e-01,7.266516771e-01,-3.518522919e-03
4.926000000e+00,train,-8.852912000e-01,-8.467957396e-01,3.849546044e-02,7.062062000e-01,7.033838740e-01,-2.822325955e-03
4.931000000e+00,test,-8.778064000e-01,-8.394408527e-01,3.836554730e-02,6.830806000e-01,6.809441245e-01,-2.136475516e-03
4.936000000e+00,train,-8.706488000e-01,-8.324098220e-01,3.823897799e-02,6.607642000e-01,6.593034186e-01,-1.460781420e-03
4.941000000e+00,train,-8.638064000e-01,-8.256910323e-01,3.811536775e-02,6.392286000e-01,6.384334164e-01,-7.951836497e-04
4.946000000e+00,train,-8.572679000e-01,-8.192731028e-01,3.799479725e-02,6.184465000e-01,6.183069442e-01,-1.395558342e-04
4.951000000e+00,validation,-8.510222000e-01,-8.131448360e-01,3.787736405e-02,5.983915000e-01,5.988972884e-01,5.057883968e-04
4.956000000e+00,train,-8.450586000e-01,-8.072959460e-01,3.776265401e-02,5.790381000e-01,5.801797272e-01,1.141627161e-03
4.961000000e+00,train,-8.393668000e-01,-8.017160471e-01,3.765075291e-02,5.603617000e-01,5.621291100e-01,1.767410002e-03
4.966000000e+00,train,-8.339369000e-01,-7.963953384e-01,3.754156162e-02,5.423386000e-01,5.447223006e-01,2.383700609e-03
4.971000000e+00,train,-8.287593000e-01,-7.913241877e-01,3.743511234e-02,5.249459000e-01,5.279361709e-01,2.990270926e-03
4.976000000e+00,validation,-8.238248000e-01,-7.864935723e-01,3.733122768e-02,5.081615000e-01,5.117489309e-01,3.587430864e-03
4.981000000e+00,test,-8.191243000e-01,-7.818944119e-01,3.722988808e-02,4.919640000e-01,4.961389949e-01,4.174994938e-03
4.986000000e+00,train,-8.146494000e-01,-7.775183817e-01,3.713101832e-02,4.763328000e-01,4.810863541e-01,4.753554145e-03
4.991000000e+00,train,-8.103916000e-01,-7.733571249e-01,3.703447511e-02,4.612480000e-01,4.665712546e-01,5.323254565e-03
4.996000000e+00,train,-8.063428000e-01,-7.694026471e-01,3.694015288e-02,4.466905000e-01,4.525742668e-01,5.883766806e-03
5.001000000e+00,validation,-8.024955000e-01,-7.656473335e-01,3.684816655e-02,4.326417000e-01,4.390773476e-01,6.435647636e-03
5.006000000e+00,validation,-7.988420000e-01,-7.620836698e-01,3.675833024e-02,4.190838000e-01,4.260626291e-01,6.978829120e-03
5.011000000e+00,train,-7.953751000e-01,-7.587044679e-01,3.667063210e-02,4.059995000e-01,4.135127975e-01,7.513297454e-03
5.016000000e+00,train,-7.920879000e-01,-7.555030092e-01,3.658489083e-02,3.933721000e-01,4.014119255e-01,8.039825454e-03
5.021000000e+00,train,-7.889736000e-01,-7.524725193e-01,3.650108068e-02,3.811857000e-01,3.897437192e-01,8.558019155e-03
5.026000000e+00,validation,-7.860258000e-01,-7.496065865e-01,3.641921349e-02,3.694247000e-01,3.784929127e-01,9.068212734e-03
5.031000000e+00,train,-7.832381000e-01,-7.468990039e-01,3.633909606e-02,3.580741000e-01,3.676446265e-01,9.570526517e-03
5.036000000e+00,train,-7.806046000e-01,-7.443437277e-01,3.626087231e-02,3.471197000e-01,3.571846722e-01,1.006497219e-02
5.041000000e+00,validation,-7.781194000e-01,-7.419351343e-01,3.618426572e-02,3.365473000e-01,3.470994434e-01,1.055214338e-02
5.046000000e+00,test,-7.757769000e-01,-7.396675575e-01,3.610934252e-02,3.263436000e-01,3.373754103e-01,1.103181026e-02
5.051000000e+00,test,-7.735717000e-01,-7.375357646e-01,3.603593544e-02,3.164957000e-01,3.280000703e-01,1.150437029e-02
5.056000000e+00,train,-7.714984000e-01,-7.355343076e-01,3.596409238e-02,3.069910000e-01,3.189607067e-01,1.196970672e-02
5.061000000e+00,test,-7.695522000e-01,-7.336584522e-01,3.589374785e-02,2.978175000e-01,3.102456614e-01,1.242816143e-02
5.066000000e+00,train,-7.677280000e-01,-7.319031852e-01,3.582481476e-02,2.889635000e-01,3.018432531e-01,1.287975305e-02
5.071000000e+00,train,-7.660212000e-01,-7.302640415e-01,3.575715848e-02,2.804178000e-01,2.937427348e-01,1.332493476e-02
5.076000000e+00,train,-7.644272000e-01,-7.287363258e-01,3.569087419e-02,2.721695000e-01,2.859328075e-01,1.376330750e-02
5.081000000e+00,train,-7.629417000e-01,-7.273160364e-01,3.562566361e-02,2.642083000e-01,2.784039478e-01,1.419564777e-02
5.086000000e+00,train,-7.615605000e-01,-7.259985726e-01,3.556192741e-02,2.565239000e-01,2.711454677e-01,1.462156767e-02
5.091000000e+00,train,-7.602794000e-01,-7.247802265e-01,3.549917352e-02,2.491068000e-01,2.641481930e-01,1.504139302e-02
5.096000000e+00,train,-7.590946000e-01,-7.236570347e-01,3.543756525e-02,2.419474000e-01,2.574029541e-01,1.545555407e-02
5.101000000e+00,train,-7.580022000e-01,-7.226252171e-01,3.537698295e-02,2.350367000e-01,2.509004602e-01,1.586376024e-02
5.106000000e+00,test,-7.569986000e-01,-7.216811395e-01,3.531746047e-02,2.283660000e-01,2.446322471e-01,1.626624707e-02
5.111000000e+00,train,-7.560803000e-01,-7.208214114e-01,3.525888863e-02,2.219269000e-01,2.385901186e-01,1.666321856e-02
5.116000000e+00,train,-7.552438000e-01,-7.200427026e-01,3.520109741e-02,2.157111000e-01,2.327662742e-01,1.705517421e-02
5.121000000e+00,train,-7.544859000e-01,-7.193415444e-01,3.514435555e-02,2.097109000e-01,2.271522421e-01,1.744134205e-02
5.126000000e+00,test,-7.538034000e-01,-7.187150394e-01,3.508836058e-02,2.039187000e-01,2.217412424e-01,1.782254244e-02
5.131000000e+00,train,-7.531932000e-01,-7.181601130e-01,3.503308698e-02,1.983271000e-01,2.165260535e-01,1.819895353e-02
5.136000000e+00,train,-7.526524000e-01,-7.176737059e-01,3.497869409e-02,1.929291000e-01,2.114991979e-01,1.857009785e-02
5.141000000e+00,train,-7.521782000e-01,-7.172532002e-01,3.492499980e-02,1.877179000e-01,2.066545076e-01,1.893660761e-02
5.146000000e+00,train,-7.517678000e-01,-7.168958696e-01,3.487193040e-02,1.826870000e-01,2.019853597e-01,1.929835968e-02
5.151000000e+00,train,-7.514185000e-01,-7.165990296e-01,3.481947043e-02,1.778299000e-01,1.974856295e-01,1.965572952e-02
5.156000000e+00,test,-7.511279000e-01,-7.163601024e-01,3.476779756e-02,1.731406000e-01,1.931489357e-01,2.000833566e-02
5.161000000e+00,test,-7.508934000e-01,-7.161767750e-01,3.471662497e-02,1.686132000e-01,1.889697800e-01,2.035657998e-02
5.166000000e+00,validation,-7.507126000e-01,-7.160467114e-01,3.466588861e-02,1.642420000e-01,1.849426383e-01,2.070063834e-02
5.171000000e+00,validation,-7.505834000e-01,-7.159675785e-01,3.461582147e-02,1.600215000e-01,1.810621166e-01,2.104061663e-02
5.176000000e+00,train,-7.505034000e-01,-7.159372777e-01,3.456612227e-02,1.559463000e-01,1.773227995e-01,2.137649948e-02
5.181000000e+00,train,-7.504705000e-01,-7.159536122e-01,3.451688782e-02,1.520115000e-01,1.737198214e-01,2.170832142e-02
5.186000000e+00,train,-7.504827000e-01,-7.160145680e-01,3.446813199e-02,1.482120000e-01,1.702481966e-01,2.203619665e-02
5.191000000e+00,train,-7.505381000e-01,-7.161182603e-01,3.441983971e-02,1.445431000e-01,1.669032979e-01,2.236019791e-02
5.196000000e+00,train,-7.506345000e-01,-7.162627210e-01,3.437177898e-02,1.410003000e-01,1.636807911e-01,2.268049115e-02
5.201000000e+00,train,-7.507704000e-01,-7.164462100e-01,3.432418996e-02,1.375789000e-01,1.605761578e-01,2.299725781e-02
5.206000000e+00,train,-7.509437000e-01,-7.166668589e-01,3.427684109e-02,1.342749000e-01,1.575852327e-01,2.331033273e-02
5.211000000e+00,train,-7.511529000e-01,-7.169231104e-01,3.422978961e-02,1.310841000e-01,1.547040864e-01,2.361998644e-02
5.216000000e+00,train,-7.513963000e-01,-7.172133391e-01,3.418296090e-02,1.280025000e-01,1.519288236e-01,2.392632358e-02
5.221000000e+00,validation,-7.516723000e-01,-7.175358215e-01,3.413647848e-02,1.250262000e-01,1.492553874e-01,2.422918738e-02
5.226000000e+00,train,-7.519793000e-01,-7.178890857e-01,3.409021434e-02,1.221515000e-01,1.466802796e-01,2.452877963e-02
5.231000000e+00,train,-7.523158000e-01,-7.182718087e-01,3.404399128e-02,1.193750000e-01,1.442002604e-01,2.482526044e-02
5.236000000e+00,train,-7.526805000e-01,-7.186823455e-01,3.399815453e-02,1.166930000e-01,1.418115394e-01,2.511853940e-02
5.241000000e+00,validation,-7.530719000e-01,-7.191195484e-01,3.395235164e-02,1.141024000e-01,1.395111817e-01,2.540878166e-02
5.246000000e+00,train,-7.534888000e-01,-7.195820443e-01,3.390675573e-02,1.115998000e-01,1.372958547e-01,2.569605466e-02
5.251000000e+00,train,-7.539297000e-01,-7.200684977e-01,3.386120230e-02,1.091823000e-01,1.351625906e-01,2.598029063e-02
5.256000000e+00,test,-7.543935000e-01,-7.205777636e-01,3.381573644e-02,1.068467000e-01,1.331085832e-01,2.626188324e-02
5.261000000e+00,validation,-7.548791000e-01,-7.211084917e-01,3.377060831e-02,1.045902000e-01,1.311304162e-01,2.654021618e-02
5.266000000e+00,validation,-7.553851000e-01,-7.216598008e-01,3.372529924e-02,1.024101000e-01,1.292261630e-01,2.681606302e-02
5.271000000e+00,train,-7.559106000e-01,-7.222305464e-01,3.368005355e-02,1.003036000e-01,1.273930230e-01,2.708942303e-02
5.276000000e+00,validation,-7.564544000e-01,-7.228194328e-01,3.363496717e-02,9.826820000e-02,1.256278109e-01,2.735961093e-02
5.281000000e+00,train,-7.570155000e-01,-7.234257532e-01,3.358974680e-02,9.630133000e-02,1.239289009e-01,2.762757091e-02
5.286000000e+00,train,-7.575930000e-01,-7.240483640e-01,3.354463601e-02,9.440061000e-02,1.222934989e-01,2.789288892e-02
5.291000000e+00,train,-7.581858000e-01,-7.246862796e-01,3.349952042e-02,9.256369000e-02,1.207193582e-01,2.815566824e-02
5.296000000e+00,train,-7.587930000e-01,-7.253386807e-01,3.345431928e-02,9.078835000e-02,1.192042471e-01,2.841589712e-02
5.301000000e+00,train,-7.594138000e-01,-7.260047110e-01,3.340908895e-02,8.907241000e-02,1.177462801e-01,2.867387010e-02
5.306000000e+00,train,-7.600473000e-01,-7.266833561e-01,3.336394389e-02,8.741378000e-02,1.163430249e-01,2.892924488e-02
5.311000000e+00,train,-7.606926000e-01,-7.273739790e-01,3.331862103e-02,8.581045000e-02,1.149928341e-01,2.918238412e-02
5.316000000e+00,test,-7.613490000e-01,-7.280756699e-01,3.327333012e-02,8.426046000e-02,1.136936000e-01,2.943314001e-02
5.321000000e+00,train,-7.620156000e-01,-7.287878456e-01,3.322775444e-02,8.276194000e-02,1.124439018e-01,2.968196179e-02
5.326000000e+00,train,-7.626917000e-01,-7.295095672e-01,3.318213282e-02,8.131308000e-02,1.112414431e-01,2.992836306e-02
5.331000000e+00,train,-7.633767000e-01,-7.302401997e-01,3.313650030e-02,7.991213000e-02,1.100847029e-01,3.017257292e-02
5.336000000e+00,train,-7.640698000e-01,-7.309790595e-01,3.309074053e-02,7.855741000e-02,1.089719753e-01,3.041456533e-02
5.341000000e+00,train,-7.647703000e-01,-7.317255117e-01,3.304478832e-02,7.724727000e-02,1.079017411e-01,3.065447106e-02
5.346000000e+00,train,-7.654777000e-01,-7.324789438e-01,3.299875620e-02,7.598016000e-02,1.068723921e-01,3.089223212e-02
5.351000000e+00,train,-7.661912000e-01,-7.332387102e-01,3.295248985e-02,7.475456000e-02,1.058827012e-01,3.112814124e-02
5.356000000e+00,test,-7.669104000e-01,-7.340042376e-01,3.290616240e-02,7.356901000e-02,1.049308413e-01,3.136183130e-02
5.361000000e+00,validation,-7.676346000e-01,-7.347748819e-01,3.285971805e-02,7.242209000e-02,1.040157080e-01,3.159361803e-02
5.366000000e+00,train,-7.683632000e-01,-7.355502502e-01,3.281294983e-02,7.131244000e-02,1.031359328e-01,3.182349280e-02
5.371000000e+00,train,-7.690958000e-01,-7.363296905e-01,3.276610948e-02,7.023875000e-02,1.022901289e-01,3.205137893e-02
5.376000000e+00,train,-7.698317000e-01,-7.371126678e-01,3.271903216e-02,6.919976000e-02,1.014769495e-01,3.227718954e-02
5.381000000e+00,train,-7.705707000e-01,-7.378988481e-01,3.267185192e-02,6.819424000e-02,1.006954080e-01,3.250116800e-02
5.386000000e+00,train,-7.713120000e-01,-7.386877081e-01,3.262429186e-02,6.722100000e-02,9.994447699e-02,3.272347699e-02
5.391000000e+00,train,-7.720553000e-01,-7.394787135e-01,3.257658647e-02,6.627892000e-02,9.922281362e-02,3.294389362e-02
5.396000000e+00,train,-7.728002000e-01,-7.402715304e-01,3.252866956e-02,6.536689000e-02,9.852943286e-02,3.316254286e-02
5.401000000e+00,train,-7.735462000e-01,-7.410656290e-01,3.248057100e-02,6.448385000e-02,9.786314590e-02,3.337929590e-02
5.406000000e+00,train,-7.742929000e-01,-7.418606553e-01,3.243224468e-02,6.362879000e-02,9.722306868e-02,3.359427868e-02
5.411000000e+00,validation,-7.750399000e-01,-7.426563281e-01,3.238357188e-02,6.280070000e-02,9.660843922e-02,3.380773922e-02
5.416000000e+00,train,-7.757869000e-01,-7.434520898e-01,3.233481023e-02,6.199865000e-02,9.601788507e-02,3.401923507e-02
5.421000000e+00,train,-7.765334000e-01,-7.442476145e-01,3.228578553e-02,6.122171000e-02,9.545070907e-02,3.422899907e-02
5.426000000e+00,validation,-7.772790000e-01,-7.450426455e-01,3.223635453e-02,6.046900000e-02,9.490618515e-02,3.443718515e-02
5.431000000e+00,train,-7.780236000e-01,-7.458368048e-01,3.218679524e-02,5.973966000e-02,9.438339712e-02,3.464373712e-02
5.436000000e+00,test,-7.787667000e-01,-7.466298591e-01,3.213684090e-02,5.903286000e-02,9.388165217e-02,3.484879217e-02
5.441000000e+00,train,-7.795080000e-01,-7.474212566e-01,3.208674342e-02,5.834782000e-02,9.339973759e-02,3.505191759e-02
5.446000000e+00,validation,-7.802472000e-01,-7.482108391e-01,3.203636094e-02,5.768375000e-02,9.293709304e-02,3.525334304e-02
5.451000000e+00,train,-7.809841000e-01,-7.489983864e-01,3.198571359e-02,5.703993000e-02,9.249334945e-02,3.545341945e-02
5.456000000e+00,train,-7.817183000e-01,-7.497835602e-01,3.193473978e-02,5.641563000e-02,9.206750207e-02,3.565187207e-02
5.461000000e+00,test,-7.824495000e-01,-7.505660205e-01,3.188347954e-02,5.581016000e-02,9.165883213e-02,3.584867213e-02
5.466000000e+00,validation,-7.831776000e-01,-7.513456241e-01,3.183197586e-02,5.522287000e-02,9.126680648e-02,3.604393648e-02
5.471000000e+00,train,-7.839022000e-01,-7.521220613e-01,3.178013869e-02,5.465310000e-02,9.089076027e-02,3.623766027e-02
5.476000000e+00,validation,-7.846232000e-01,-7.528951819e-01,3.172801808e-02,5.410023000e-02,9.053029053e-02,3.643006053e-02
5.481000000e+00,test,-7.853402000e-01,-7.536646233e-01,3.167557672e-02,5.356368000e-02,9.018435816e-02,3.662067816e-02
5.486000000e+00,validation,-7.860531000e-01,-7.544302798e-01,3.162282023e-02,5.304286000e-02,8.985277772e-02,3.680991772e-02
5.491000000e+00,train,-7.867617000e-01,-7.551918350e-01,3.156986495e-02,5.253721000e-02,8.953487657e-02,3.699766657e-02
5.496000000e+00,validation,-7.874657000e-01,-7.559492212e-01,3.151647884e-02,5.204620000e-02,8.923024233e-02,3.718404233e-02
5.501000000e+00,train,-7.881649000e-01,-7.567019860e-01,3.146291402e-02,5.156931000e-02,8.893783502e-02,3.736852502e-02
5.506000000e+00,train,-7.888592000e-01,-7.574502727e-01,3.140892727e-02,5.110603000e-02,8.865802560e-02,3.755199560e-02
5.511000000e+00,train,-7.895483000e-01,-7.581936973e-01,3.135460268e-02,5.065590000e-02,8.838974132e-02,3.773384132e-02
5.516000000e+00,test,-7.902322000e-01,-7.589321168e-01,3.130008316e-02,5.021843000e-02,8.813259318e-02,3.791416318e-02
5.521000000e+00,test,-7.909105000e-01,-7.596654553e-01,3.124504470e-02,4.979319000e-02,8.788644748e-02,3.809325748e-02
5.526000000e+00,train,-7.915833000e-01,-7.603934500e-01,3.118984999e-02,4.937974000e-02,8.765057791e-02,3.827083791e-02
5.531000000e+00,train,-7.922502000e-01,-7.611159036e-01,3.113429643e-02,4.897765000e-02,8.742464643e-02,3.844699643e-02
5.536000000e+00,train,-7.929112000e-01,-7.618328641e-01,3.107833595e-02,4.858653000e-02,8.720844353e-02,3.862191353e-02
5.541000000e+00,train,-7.935661000e-01,-7.625440053e-01,3.102209473e-02,4.820600000e-02,8.700127513e-02,3.879527513e-02
5.546000000e+00,test,-7.942148000e-01,-7.632492308e-01,3.096556921e-02,4.783566000e-02,8.680297885e-02,3.896731885e-02
5.551000000e+00,train,-7.948571000e-01,-7.639484878e-01,3.090861221e-02,4.747516000e-02,8.661317075e-02,3.913801075e-02
5.556000000e+00,train,-7.954930000e-01,-7.646414825e-01,3.085151747e-02,4.712415000e-02,8.643136216e-02,3.930721216e-02
5.561000000e+00,test,-7.961222000e-01,-7.653282536e-01,3.079394640e-02,4.678230000e-02,8.625732132e-02,3.947502132e-02
5.566000000e+00,train,-7.967447000e-01,-7.660087031e-01,3.073599692e-02,4.644928000e-02,8.609087980e-02,3.964159980e-02
5.571000000e+00,train,-7.973604000e-01,-7.666826502e-01,3.067774980e-02,4.612476000e-02,8.593173507e-02,3.980697507e-02
5.576000000e+00,train,-7.979692000e-01,-7.673498993e-01,3.061930069e-02,4.580846000e-02,8.577912587e-02,3.997066587e-02
5.581000000e+00,test,-7.985709000e-01,-7.680105872e-01,3.056031275e-02,4.550008000e-02,8.563341758e-02,4.013333758e-02
5.586000000e+00,train,-7.991654000e-01,-7.686643824e-01,3.050101758e-02,4.519933000e-02,8.549391324e-02,4.029458324e-02
5.591000000e+00,train,-7.997527000e-01,-7.693112694e-01,3.044143055e-02,4.490595000e-02,8.536043681e-02,4.045448681e-02
5.596000000e+00,test,-8.003327000e-01,-7.699511900e-01,3.038150998e-02,4.461967000e-02,8.523260334e-02,4.061293334e-02
5.601000000e+00,train,-8.009053000e-01,-7.705841056e-01,3.032119439e-02,4.434024000e-02,8.511062717e-02,4.077038717e-02
5.606000000e+00,validation,-8.014704000e-01,-7.712098291e-01,3.026057092e-02,4.406741000e-02,8.499376686e-02,4.092635686e-02
5.611000000e+00,train,-8.020279000e-01,-7.718282676e-01,3.019963240e-02,4.380096000e-02,8.488185584e-02,4.108089584e-02
5.616000000e+00,train,-8.025778000e-01,-7.724395326e-01,3.013826742e-02,4.354064000e-02,8.477508898e-02,4.123444898e-02
5.621000000e+00,validation,-8.031200000e-01,-7.730432890e-01,3.007671103e-02,4.328625000e-02,8.467275455e-02,4.138650455e-02
5.626000000e+00,train,-8.036543000e-01,-7.736397167e-01,3.001458333e-02,4.303757000e-02,8.457501750e-02,4.153744750e-02
5.631000000e+00,train,-8.041809000e-01,-7.742285795e-01,2.995232050e-02,4.279440000e-02,8.448130918e-02,4.168690918e-02
5.636000000e+00,test,-8.046995000e-01,-7.748099204e-01,2.988957957e-02,4.255653000e-02,8.439185525e-02,4.183532525e-02
5.641000000e+00,train,-8.052101000e-01,-7.753835943e-01,2.982650573e-02,4.232379000e-02,8.430614018e-02,4.198235018e-02
5.646000000e+00,validation,-8.057127000e-01,-7.759496575e-01,2.976304249e-02,4.209598000e-02,8.422409446e-02,4.212811446e-02
5.651000000e+00,train,-8.062072000e-01,-7.765078529e-01,2.969934706e-02,4.187293000e-02,8.414543189e-02,4.227250189e-02
5.656000000e+00,validation,-8.066936000e-01,-7.770584463e-01,2.963515366e-02,4.165447000e-02,8.407044419e-02,4.241597419e-02
5.661000000e+00,validation,-8.071718000e-01,-7.776011207e-01,2.957067935e-02,4.144044000e-02,8.399846101e-02,4.255802101e-02
5.666000000e+00,train,-8.076418000e-01,-7.781358590e-01,2.950594100e-02,4.123067000e-02,8.392932326e-02,4.269865326e-02
5.671000000e+00,train,-8.081036000e-01,-7.786627727e-01,2.944082731e-02,4.102502000e-02,8.386332315e-02,4.283830315e-02
5.676000000e+00,validation,-8.085570000e-01,-7.791816232e-01,2.937537685e-02,4.082333000e-02,8.379980669e-02,4.297647669e-02
5.681000000e+00,train,-8.090020000e-01,-7.796926376e-01,2.930936240e-02,4.062547000e-02,8.373928916e-02,4.311381916e-02
5.686000000e+00,train,-8.094387000e-01,-7.801954665e-01,2.924323346e-02,4.043129000e-02,8.368087436e-02,4.324958436e-02
5.691000000e+00,test,-8.098670000e-01,-7.806903098e-01,2.917669024e-02,4.024066000e-02,8.362491837e-02,4.338425837e-02
5.696000000e+00,train,-8.102868000e-01,-7.811769660e-01,2.910983398e-02,4.005346000e-02,8.357106951e-02,4.351760951e-02
5.701000000e+00,train,-8.106981000e-01,-7.816556227e-01,2.904247734e-02,3.986956000e-02,8.351950781e-02,4.364994781e-02
5.706000000e+00,validation,-8.111010000e-01,-7.821259675e-01,2.897503247e-02,3.968884000e-02,8.346968337e-02,4.378084337e-02
5.711000000e+00,train,-8.114952000e-01,-7.825882839e-01,2.890691613e-02,3.951119000e-02,8.342194858e-02,4.391075858e-02
5.716000000e+00,train,-8.118810000e-01,-7.830422845e-01,2.883871546e-02,3.933650000e-02,8.337582652e-02,4.403932652e-02
5.721000000e+00,validation,-8.122581000e-01,-7.834880210e-01,2.877007905e-02,3.916466000e-02,8.333122541e-02,4.416656541e-02
5.726000000e+00,validation,-8.126266000e-01,-7.839255486e-01,2.870105143e-02,3.899557000e-02,8.328840813e-02,4.429283813e-02
5.731000000e+00,train,-8.129865000e-01,-7.843548005e-01,2.863169949e-02,3.882912000e-02,8.324697481e-02,4.441785481e-02
5.736000000e+00,train,-8.133378000e-01,-7.847756839e-01,2.856211614e-02,3.866523000e-02,8.320674032e-02,4.454151032e-02
5.741000000e+00,validation,-8.136804000e-01,-7.851883000e-01,2.849210000e-02,3.850380000e-02,8.316789877e-02,4.466409877e-02
5.746000000e+00,test,-8.140143000e-01,-7.855926569e-01,2.842164310e-02,3.834474000e-02,8.313046144e-02,4.478572144e-02
5.751000000e+00,train,-8.143396000e-01,-7.859885993e-01,2.835100072e-02,3.818797000e-02,8.309386889e-02,4.490589889e-02
5.756000000e+00,train,-8.146561000e-01,-7.863761800e-01,2.827992001e-02,3.803339000e-02,8.305849072e-02,4.502510072e-02
5.761000000e+00,validation,-8.149639000e-01,-7.867554281e-01,2.820847194e-02,3.788094000e-02,8.302396074e-02,4.514302074e-02
5.766000000e+00,train,-8.152630000e-01,-7.871262705e-01,2.813672951e-02,3.773054000e-02,8.299028348e-02,4.525974348e-02
5.771000000e+00,train,-8.155533000e-01,-7.874887078e-01,2.806459225e-02,3.758211000e-02,8.295745720e-02,4.537534720e-02
5.776000000e+00,validation,-8.158349000e-01,-7.878427154e-01,2.799218464e-02,3.743557000e-02,8.292531146e-02,4.548974146e-02
5.781000000e+00,train,-8.161078000e-01,-7.881882788e-01,2.791952117e-02,3.729087000e-02,8.289367877e-02,4.560280877e-02
5.786000000e+00,validation,-8.163719000e-01,-7.885255094e-01,2.784639064e-02,3.714793000e-02,8.286285289e-02,4.571492289e-02
5.791000000e+00,test,-8.166272000e-01,-7.888543316e-01,2.777286842e-02,3.700669000e-02,8.283275273e-02,4.582606273e-02
5.796000000e+00,train,-8.168737000e-01,-7.891746410e-01,2.769905896e-02,3.686709000e-02,8.280273038e-02,4.593564038e-02
5.801000000e+00,validation,-8.171115000e-01,-7.894866489e-01,2.762485110e-02,3.672907000e-02,8.277360698e-02,4.604453698e-02
5.806000000e+00,train,-8.173406000e-01,-7.897900615e-01,2.755053850e-02,3.659257000e-02,8.274442233e-02,4.615185233e-02
5.811000000e+00,train,-8.175608000e-01,-7.900851084e-01,2.747569158e-02,3.645753000e-02,8.271572655e-02,4.625819655e-02
5.816000000e+00,validation,-8.177723000e-01,-7.903717676e-01,2.740053236e-02,3.632390000e-02,8.268733931e-02,4.636343931e-02
5.821000000e+00,test,-8.179750000e-01,-7.906499437e-01,2.732505631e-02,3.619163000e-02,8.265908670e-02,4.646745670e-02
5.826000000e+00,validation,-8.181689000e-01,-7.909197403e-01,2.724915966e-02,3.606067000e-02,8.263115372e-02,4.657048372e-02
5.831000000e+00,test,-8.183541000e-01,-7.911810546e-01,2.717304539e-02,3.593098000e-02,8.260335329e-02,4.667237329e-02
5.836000000e+00,train,-8.185305000e-01,-7.914339328e-01,2.709656715e-02,3.580250000e-02,8.257547605e-02,4.677297605e-02
5.841000000e+00,test,-8.186982000e-01,-7.916783195e-01,2.701988045e-02,3.567519000e-02,8.254758694e-02,4.687239694e-02
5.846000000e+00,train,-8.188570000e-01,-7.919144043e-01,2.694259570e-02,3.554901000e-02,8.251999751e-02,4.697098751e-02
5.851000000e+00,test,-8.190072000e-01,-7.921419708e-01,2.686522920e-02,3.542391000e-02,8.249219224e-02,4.706828224e-02
5.856000000e+00,validation,-8.191486000e-01,-7.923611787e-01,2.678742133e-02,3.529987000e-02,8.246429057e-02,4.716442057e-02
5.861000000e+00,train,-8.192812000e-01,-7.925719724e-01,2.670922761e-02,3.517683000e-02,8.243635766e-02,4.725952766e-02
5.866000000e+00,train,-8.194051000e-01,-7.927743598e-01,2.663074019e-02,3.505476000e-02,8.240840605e-02,4.735364605e-02
5.871000000e+00,test,-8.195203000e-01,-7.929682764e-01,2.655202364e-02,3.493363000e-02,8.238002740e-02,4.744639740e-02
5.876000000e+00,test,-8.196268000e-01,-7.931538258e-01,2.647297425e-02,3.481340000e-02,8.235140715e-02,4.753800715e-02
5.881000000e+00,validation,-8.197246000e-01,-7.933310707e-01,2.639352927e-02,3.469403000e-02,8.232291911e-02,4.762888911e-02
5.886000000e+00,train,-8.198137000e-01,-7.934998359e-01,2.631386409e-02,3.457551000e-02,8.229385980e-02,4.771834980e-02
5.891000000e+00,train,-8.198940000e-01,-7.936603358e-01,2.623366422e-02,3.445778000e-02,8.226471009e-02,4.780693009e-02
5.896000000e+00,train,-8.199657000e-01,-7.938124549e-01,2.615324514e-02,3.434084000e-02,8.223515110e-02,4.789431110e-02
5.901000000e+00,test,-8.200288000e-01,-7.939561884e-01,2.607261155e-02,3.422464000e-02,8.220515908e-02,4.798051908e-02
5.906000000e+00,train,-8.200832000e-01,-7.940915868e-01,2.599161316e-02,3.410916000e-02,8.217497552e-02,4.806581552e-02
5.911000000e+00,train,-8.201289000e-01,-7.942186513e-01,2.591024869e-02,3.399437000e-02,8.214417320e-02,4.814980320e-02
5.916000000e+00,validation,-8.201660000e-01,-7.943374745e-01,2.582852547e-02,3.388025000e-02,8.211331824e-02,4.823306824e-02
5.921000000e+00,train,-8.201945000e-01,-7.944478761e-01,2.574662393e-02,3.376677000e-02,8.208168433e-02,4.831491433e-02
5.926000000e+00,test,-8.202143000e-01,-7.945500804e-01,2.566421962e-02,3.365391000e-02,8.204979903e-02,4.839588903e-02
5.931000000e+00,test,-8.202256000e-01,-7.946439669e-01,2.558163308e-02,3.354165000e-02,8.201732049e-02,4.847567049e-02
5.936000000e+00,train,-8.202283000e-01,-7.947295685e-01,2.549873154e-02,3.342996000e-02,8.198443059e-02,4.855447059e-02
5.941000000e+00,test,-8.202225000e-01,-7.948069237e-01,2.541557633e-02,3.331883000e-02,8.195090768e-02,4.863207768e-02
5.946000000e+00,train,-8.202081000e-01,-7.948757778e-01,2.533232225e-02,3.320822000e-02,8.191650217e-02,4.870828217e-02
5.951000000e+00,train,-8.201851000e-01,-7.949372103e-01,2.524788970e-02,3.309813000e-02,8.188297099e-02,4.878484099e-02
5.956000000e+00,validation,-8.201536000e-01,-7.949895956e-01,2.516400445e-02,3.298854000e-02,8.184733883e-02,4.885879883e-02
5.961000000e+00,train,-8.201137000e-01,-7.950339747e-01,2.507972530e-02,3.287941000e-02,8.181162782e-02,4.893221782e-02
5.966000000e+00,train,-8.200652000e-01,-7.950702980e-01,2.499490197e-02,3.277075000e-02,8.177545671e-02,4.900470671e-02
5.971000000e+00,train,-8.200082000e-01,-7.950985633e-01,2.490963670e-02,3.266253000e-02,8.173883576e-02,4.907630576e-02
5.976000000e+00,train,-8.199428000e-01,-7.951187782e-01,2.482402177e-02,3.255473000e-02,8.170177825e-02,4.914704825e-02
5.981000000e+00,train,-8.198690000e-01,-7.951299546e-01,2.473904540e-02,3.244735000e-02,8.166263353e-02,4.921528353e-02
5.986000000e+00,train,-8.197867000e-01,-7.951340371e-01,2.465266292e-02,3.234036000e-02,8.162447795e-02,4.928411795e-02
5.991000000e+00,validation,-8.196961000e-01,-7.951291014e-01,2.456699855e-02,3.223374000e-02,8.158428521e-02,4.935054521e-02
5.996000000e+00,train,-8.195970000e-01,-7.951170774e-01,2.447992264e-02,3.212750000e-02,8.154510539e-02,4.941760539e-02
6.001000000e+00,train,-8.194896000e-01,-7.950969616e-01,2.439263841e-02,3.202160000e-02,8.150512209e-02,4.948352209e-02
6.006000000e+00,train,-8.193738000e-01,-7.950677984e-01,2.430600164e-02,3.191605000e-02,8.146291037e-02,4.954686037e-02
6.011000000e+00,train,-8.192497000e-01,-7.950315198e-01,2.421818019e-02,3.181083000e-02,8.142151027e-02,4.961068027e-02
6.016000000e+00,train,-8.191172000e-01,-7.949861867e-01,2.413101327e-02,3.170592000e-02,8.137772978e-02,4.967180978e-02
6.021000000e+00,test,-8.189765000e-01,-7.949337162e-01,2.404278377e-02,3.160131000e-02,8.133458269e-02,4.973327269e-02
6.026000000e+00,train,-8.188275000e-01,-7.948731675e-01,2.395433249e-02,3.149700000e-02,8.129067049e-02,4.979367049e-02
6.031000000e+00,test,-8.186702000e-01,-7.948045433e-01,2.386565674e-02,3.139297000e-02,8.124598360e-02,4.985301360e-02
6.036000000e+00,train,-8.185047000e-01,-7.947277887e-01,2.377691131e-02,3.128921000e-02,8.120016132e-02,4.991095132e-02
6.041000000e+00,test,-8.183309000e-01,-7.946428990e-01,2.368800103e-02,3.118572000e-02,8.115318097e-02,4.996746097e-02
6.046000000e+00,train,-8.181490000e-01,-7.945509002e-01,2.359809982e-02,3.108248000e-02,8.110689926e-02,5.002441926e-02
6.051000000e+00,train,-8.179588000e-01,-7.944507741e-01,2.350802594e-02,3.097948000e-02,8.105947372e-02,5.007999372e-02
6.056000000e+00,train,-8.177605000e-01,-7.943425408e-01,2.341795924e-02,3.087672000e-02,8.101095462e-02,5.013423462e-02
6.061000000e+00,train,-8.175541000e-01,-7.942261804e-01,2.332791957e-02,3.077418000e-02,8.096129291e-02,5.018711291e-02
6.066000000e+00,train,-8.173395000e-01,-7.941016757e-01,2.323782428e-02,3.067187000e-02,8.091033350e-02,5.023846350e-02
6.071000000e+00,train,-8.171169000e-01,-7.939700202e-01,2.314687978e-02,3.056977000e-02,8.085970777e-02,5.028993777e-02
6.076000000e+00,train,-8.168861000e-01,-7.938302281e-01,2.305587190e-02,3.046787000e-02,8.080779884e-02,5.033992884e-02
6.081000000e+00,train,-8.166473000e-01,-7.936832780e-01,2.296402204e-02,3.036617000e-02,8.075621183e-02,5.039004183e-02
6.086000000e+00,test,-8.164004000e-01,-7.935281715e-01,2.287222852e-02,3.026466000e-02,8.070315401e-02,5.043849401e-02
6.091000000e+00,validation,-8.161456000e-01,-7.933649063e-01,2.278069374e-02,3.016334000e-02,8.064863619e-02,5.048529619e-02
6.096000000e+00,train,-8.158827000e-01,-7.931944434e-01,2.268825663e-02,3.006219000e-02,8.059410772e-02,5.053191772e-02
6.101000000e+00,test,-8.156118000e-01,-7.930158545e-01,2.259594552e-02,2.996122000e-02,8.053830311e-02,5.057708311e-02
6.106000000e+00,validation,-8.153330000e-01,-7.928300706e-01,2.250292936e-02,2.986041000e-02,8.048247942e-02,5.062206942e-02
6.111000000e+00,train,-8.150463000e-01,-7.926361135e-01,2.241018651e-02,2.975976000e-02,8.042503314e-02,5.066527314e-02
6.116000000e+00,train,-8.147516000e-01,-7.924349691e-01,2.231663091e-02,2.965927000e-02,8.036758278e-02,5.070831278e-02
6.121000000e+00,train,-8.144491000e-01,-7.922256291e-01,2.222347092e-02,2.955893000e-02,8.030833251e-02,5.074940251e-02
6.126000000e+00,test,-8.141386000e-01,-7.920090945e-01,2.212950552e-02,2.945874000e-02,8.024906682e-02,5.079032682e-02
6.131000000e+00,validation,-8.138204000e-01,-7.917853579e-01,2.203504211e-02,2.935869000e-02,8.018963388e-02,5.083094388e-02
6.136000000e+00,test,-8.134943000e-01,-7.915533959e-01,2.194090408e-02,2.925877000e-02,8.012821164e-02,5.086944164e-02
6.141000000e+00,test,-8.131604000e-01,-7.913142696e-01,2.184613040e-02,2.915899000e-02,8.006682959e-02,5.090783959e-02
6.146000000e+00,train,-8.128187000e-01,-7.910669131e-01,2.175178694e-02,2.905933000e-02,8.000343708e-02,5.094410708e-02
6.151000000e+00,test,-8.124692000e-01,-7.908133282e-01,2.165587178e-02,2.895981000e-02,7.994136615e-02,5.098155615e-02
6.156000000e+00,train,-8.121120000e-01,-7.905514957e-01,2.156050425e-02,2.886040000e-02,7.987713089e-02,5.101673089e-02
6.161000000e+00,train,-8.117471000e-01,-7.902814883e-01,2.146561175e-02,2.876111000e-02,7.981111016e-02,5.105000016e-02
6.166000000e+00,train,-8.113745000e-01,-7.900052151e-01,2.136928489e-02,2.866193000e-02,7.974620880e-02,5.108427880e-02
6.171000000e+00,train,-8.109942000e-01,-7.897207120e-01,2.127348799e-02,2.856287000e-02,7.967916269e-02,5.111629269e-02
6.176000000e+00,test,-8.106063000e-01,-7.894299208e-01,2.117637916e-02,2.846391000e-02,7.961305902e-02,5.114914902e-02
6.181000000e+00,validation,-8.102107000e-01,-7.891309373e-01,2.107976271e-02,2.836506000e-02,7.954501841e-02,5.117995841e-02
6.186000000e+00,train,-8.098076000e-01,-7.888246848e-01,2.098291517e-02,2.826632000e-02,7.947628501e-02,5.120996501e-02
6.191000000e+00,test,-8.093968000e-01,-7.885101800e-01,2.088661997e-02,2.816767000e-02,7.940523236e-02,5.123756236e-02
6.196000000e+00,train,-8.089785000e-01,-7.881893948e-01,2.078910523e-02,2.806912000e-02,7.933514002e-02,5.126602002e-02
6.201000000e+00,train,-8.085527000e-01,-7.878613557e-01,2.069134434e-02,2.797067000e-02,7.926438487e-02,5.129371487e-02
6.206000000e+00,train,-8.081194000e-01,-7.875260252e-01,2.059337478e-02,2.787231000e-02,7.919276251e-02,5.132045251e-02
6.211000000e+00,train,-8.076785000e-01,-7.871834159e-01,2.049508410e-02,2.777404000e-02,7.912031062e-02,5.134627062e-02
6.216000000e+00,test,-8.072302000e-01,-7.868335253e-01,2.039667470e-02,2.767585000e-02,7.904699729e-02,5.137114729e-02
6.221000000e+00,validation,-8.067744000e-01,-7.864763483e-01,2.029805167e-02,2.757776000e-02,7.897284378e-02,5.139508378e-02
6.226000000e+00,train,-8.063113000e-01,-7.861119025e-01,2.019939747e-02,2.747975000e-02,7.889786783e-02,5.141811783e-02
6.231000000e+00,train,-8.058407000e-01,-7.857401253e-01,2.010057467e-02,2.738183000e-02,7.882169586e-02,5.143986586e-02
6.236000000e+00,train,-8.053627000e-01,-7.853610743e-01,2.000162567e-02,2.728398000e-02,7.874468095e-02,5.146070095e-02
6.241000000e+00,train,-8.048774000e-01,-7.849756829e-01,1.990171713e-02,2.718622000e-02,7.866811350e-02,5.148189350e-02
6.246000000e+00,train,-8.043848000e-01,-7.845829925e-01,1.980180748e-02,2.708854000e-02,7.859053656e-02,5.150199656e-02
6.251000000e+00,train,-8.038849000e-01,-7.841829807e-01,1.970191926e-02,2.699093000e-02,7.851177231e-02,5.152084231e-02
6.256000000e+00,train,-8.033776000e-01,-7.837756475e-01,1.960195250e-02,2.689340000e-02,7.843182215e-02,5.153842215e-02
6.261000000e+00,train,-8.028632000e-01,-7.833610003e-01,1.950219972e-02,2.679595000e-02,7.835070062e-02,5.155475062e-02
6.266000000e+00,train,-8.023414000e-01,-7.829400200e-01,1.940138004e-02,2.669857000e-02,7.827004677e-02,5.157147677e-02
6.271000000e+00,train,-8.018125000e-01,-7.825116681e-01,1.930083189e-02,2.660126000e-02,7.818782962e-02,5.158656962e-02
6.276000000e+00,train,-8.012764000e-01,-7.820769981e-01,1.919940191e-02,2.650403000e-02,7.810610938e-02,5.160207938e-02
6.281000000e+00,validation,-8.007331000e-01,-7.816349490e-01,1.909815105e-02,2.640686000e-02,7.802281546e-02,5.161595546e-02
6.286000000e+00,test,-8.001827000e-01,-7.811856055e-01,1.899709446e-02,2.630977000e-02,7.793840730e-02,5.162863730e-02
6.291000000e+00,train,-7.996251000e-01,-7.807298488e-01,1.889525118e-02,2.621275000e-02,7.785389988e-02,5.164114988e-02
6.296000000e+00,train,-7.990605000e-01,-7.802677238e-01,1.879277623e-02,2.611579000e-02,7.776951359e-02,5.165372359e-02
6.301000000e+00,train,-7.984888000e-01,-7.797982569e-01,1.869054309e-02,2.601891000e-02,7.768376545e-02,5.166485545e-02
6.306000000e+00,train,-7.979100000e-01,-7.793214205e-01,1.858857953e-02,2.592209000e-02,7.759635766e-02,5.167426766e-02
6.311000000e+00,train,-7.973243000e-01,-7.788381855e-01,1.848611451e-02,2.582534000e-02,7.750888315e-02,5.168354315e-02
6.316000000e+00,train,-7.967315000e-01,-7.783485519e-01,1.838294812e-02,2.572866000e-02,7.742134390e-02,5.169268390e-02
6.321000000e+00,train,-7.961317000e-01,-7.778515436e-01,1.828015644e-02,2.563204000e-02,7.733212623e-02,5.170008623e-02
6.326000000e+00,train,-7.955250000e-01,-7.773481390e-01,1.817686095e-02,2.553549000e-02,7.724283716e-02,5.170734716e-02
6.331000000e+00,test,-7.949114000e-01,-7.768374629e-01,1.807393706e-02,2.543900000e-02,7.715205874e-02,5.171305874e-02
6.336000000e+00,train,-7.942908000e-01,-7.763204438e-01,1.797035621e-02,2.534258000e-02,7.706101571e-02,5.171843571e-02
6.341000000e+00,test,-7.936634000e-01,-7.757968113e-01,1.786658871e-02,2.524623000e-02,7.696943418e-02,5.172320418e-02
6.346000000e+00,test,-7.930291000e-01,-7.752664722e-01,1.776262780e-02,2.514994000e-02,7.687713246e-02,5.172719246e-02
6.351000000e+00,validation,-7.923880000e-01,-7.747295297e-01,1.765847033e-02,2.505372000e-02,7.678429845e-02,5.173057845e-02
6.356000000e+00,test,-7.917400000e-01,-7.741859236e-01,1.755407644e-02,2.495756000e-02,7.669054860e-02,5.173298860e-02
6.361000000e+00,train,-7.910853000e-01,-7.736357213e-01,1.744957868e-02,2.486146000e-02,7.659628300e-02,5.173482300e-02
6.366000000e+00,validation,-7.904238000e-01,-7.730789612e-01,1.734483885e-02,2.476543000e-02,7.650128043e-02,5.173585043e-02
6.371000000e+00,train,-7.897556000e-01,-7.725156606e-01,1.723993942e-02,2.466946000e-02,7.640569949e-02,5.173623949e-02
6.376000000e+00,train,-7.890807000e-01,-7.719458168e-01,1.713488317e-02,2.457356000e-02,7.630941217e-02,5.173585217e-02
6.381000000e+00,test,-7.883990000e-01,-7.713695132e-01,1.702948680e-02,2.447772000e-02,7.621255539e-02,5.173483539e-02
6.386000000e+00,validation,-7.877107000e-01,-7.707866662e-01,1.692403383e-02,2.438195000e-02,7.611499570e-02,5.173304570e-02
6.391000000e+00,train,-7.870158000e-01,-7.701974348e-01,1.681836516e-02,2.428624000e-02,7.601685370e-02,5.173061370e-02
6.396000000e+00,train,-7.863142000e-01,-7.696016550e-01,1.671254501e-02,2.419060000e-02,7.591798889e-02,5.172738889e-02
6.401000000e+00,validation,-7.856061000e-01,-7.689995664e-01,1.660653360e-02,2.409502000e-02,7.581852893e-02,5.172350893e-02
6.406000000e+00,train,-7.848913000e-01,-7.683910349e-01,1.650026508e-02,2.399951000e-02,7.571852526e-02,5.171901526e-02
6.411000000e+00,validation,-7.841701000e-01,-7.677761085e-01,1.639399153e-02,2.390406000e-02,7.561780337e-02,5.171374337e-02
6.416000000e+00,train,-7.834423000e-01,-7.671548680e-01,1.628743198e-02,2.380868000e-02,7.551646826e-02,5.170778826e-02
6.421000000e+00,test,-7.827079000e-01,-7.665273359e-01,1.618056408e-02,2.371337000e-02,7.541456167e-02,5.170119167e-02
6.426000000e+00,train,-7.819672000e-01,-7.658934336e-01,1.607376640e-02,2.361812000e-02,7.531211161e-02,5.169399161e-02
6.431000000e+00,train,-7.812199000e-01,-7.652533126e-01,1.596658744e-02,2.352294000e-02,7.520908668e-02,5.168614668e-02
6.436000000e+00,train,-7.804663000e-01,-7.646069603e-01,1.585933970e-02,2.342782000e-02,7.510545215e-02,5.167763215e-02
6.441000000e+00,train,-7.797062000e-01,-7.639542907e-01,1.575190934e-02,2.333277000e-02,7.500108361e-02,5.166831361e-02
6.446000000e+00,train,-7.789397000e-01,-7.632954270e-01,1.564427296e-02,2.323779000e-02,7.489631512e-02,5.165852512e-02
6.451000000e+00,train,-7.781669000e-01,-7.626304125e-01,1.553648755e-02,2.314288000e-02,7.479094864e-02,5.164806864e-02
6.456000000e+00,train,-7.773878000e-01,-7.619591633e-01,1.542863665e-02,2.304803000e-02,7.468484998e-02,5.163681998e-02
6.461000000e+00,train,-7.766023000e-01,-7.612817881e-01,1.532051187e-02,2.295325000e-02,7.457832693e-02,5.162507693e-02
6.466000000e+00,train,-7.758106000e-01,-7.605983399e-01,1.521226008e-02,2.285855000e-02,7.447118521e-02,5.161263521e-02
6.471000000e+00,train,-7.750126000e-01,-7.599086793e-01,1.510392072e-02,2.276391000e-02,7.436349621e-02,5.159958621e-02
6.476000000e+00,train,-7.742083000e-01,-7.592130512e-01,1.499524879e-02,2.266934000e-02,7.425536740e-02,5.158602740e-02
6.481000000e+00,train,-7.733978000e-01,-7.585113496e-01,1.488645035e-02,2.257484000e-02,7.414662598e-02,5.157178598e-02
6.486000000e+00,train,-7.725812000e-01,-7.578035868e-01,1.477761319e-02,2.248041000e-02,7.403730868e-02,5.155689868e-02
6.491000000e+00,train,-7.717584000e-01,-7.570897550e-01,1.466864499e-02,2.238606000e-02,7.392740506e-02,5.154134506e-02
6.496000000e+00,train,-7.709294000e-01,-7.563700261e-01,1.455937391e-02,2.229177000e-02,7.381702937e-02,5.152525937e-02
6.501000000e+00,train,-7.700943000e-01,-7.556442428e-01,1.445005715e-02,2.219756000e-02,7.370609753e-02,5.150853753e-02
6.506000000e+00,train,-7.692532000e-01,-7.549125343e-01,1.434066573e-02,2.210342000e-02,7.359453754e-02,5.149111754e-02
6.511000000e+00,train,-7.684059000e-01,-7.541749656e-01,1.423093440e-02,2.200936000e-02,7.348271779e-02,5.147335779e-02
6.516000000e+00,train,-7.675526000e-01,-7.534314787e-01,1.412112128e-02,2.191536000e-02,7.337028691e-02,5.145492691e-02
6.521000000e+00,train,-7.666933000e-01,-7.526821062e-01,1.401119382e-02,2.182145000e-02,7.325743010e-02,5.143598010e-02
6.526000000e+00,validation,-7.658280000e-01,-7.519268177e-01,1.390118227e-02,2.172760000e-02,7.314395633e-02,5.141635633e-02
6.531000000e+00,test,-7.649566000e-01,-7.511657874e-01,1.379081259e-02,2.163383000e-02,7.303001283e-02,5.139618283e-02
6.536000000e+00,train,-7.640794000e-01,-7.503988757e-01,1.368052432e-02,2.154014000e-02,7.291567256e-02,5.137553256e-02
6.541000000e+00,validation,-7.631962000e-01,-7.496261916e-01,1.357000837e-02,2.144653000e-02,7.280067386e-02,5.135414386e-02
6.546000000e+00,test,-7.623071000e-01,-7.488476995e-01,1.345940052e-02,2.135299000e-02,7.268523188e-02,5.133224188e-02
6.551000000e+00,train,-7.614121000e-01,-7.480635679e-01,1.334853211e-02,2.125953000e-02,7.256951404e-02,5.130998404e-02
6.556000000e+00,train,-7.605113000e-01,-7.472736026e-01,1.323769744e-02,2.116614000e-02,7.245318710e-02,5.128704710e-02
6.561000000e+00,validation,-7.596046000e-01,-7.464779775e-01,1.312662248e-02,2.107284000e-02,7.233639868e-02,5.126355868e-02
6.566000000e+00,train,-7.586922000e-01,-7.456766824e-01,1.301551762e-02,2.097962000e-02,7.221914679e-02,5.123952679e-02
6.571000000e+00,train,-7.577739000e-01,-7.448697599e-01,1.290414013e-02,2.088647000e-02,7.210162083e-02,5.121515083e-02
6.576000000e+00,train,-7.568499000e-01,-7.440571425e-01,1.279275753e-02,2.079341000e-02,7.198343833e-02,5.119002833e-02
6.581000000e+00,train,-7.559201000e-01,-7.432389674e-01,1.268113256e-02,2.070042000e-02,7.186497295e-02,5.116455295e-02
6.586000000e+00,train,-7.549846000e-01,-7.424151061e-01,1.256949388e-02,2.060752000e-02,7.174587038e-02,5.113835038e-02
6.591000000e+00,train,-7.540434000e-01,-7.415857573e-01,1.245764267e-02,2.051470000e-02,7.162646209e-02,5.111176209e-02
6.596000000e+00,train,-7.530966000e-01,-7.407508199e-01,1.234578008e-02,2.042197000e-02,7.150656891e-02,5.108459891e-02
6.601000000e+00,train,-7.521441000e-01,-7.399103739e-01,1.223372614e-02,2.032932000e-02,7.138621193e-02,5.105689193e-02
6.606000000e+00,train,-7.511860000e-01,-7.390644464e-01,1.212155357e-02,2.023675000e-02,7.126556710e-02,5.102881710e-02
6.611000000e+00,train,-7.502222000e-01,-7.382130349e-01,1.200916510e-02,2.014427000e-02,7.114461764e-02,5.100034764e-02
6.616000000e+00,train,-7.492530000e-01,-7.373561836e-01,1.189681640e-02,2.005187000e-02,7.102316772e-02,5.097129772e-02
6.621000000e+00,test,-7.482781000e-01,-7.364938262e-01,1.178427377e-02,1.995956000e-02,7.090125334e-02,5.094169334e-02
6.626000000e+00,test,-7.472977000e-01,-7.356261268e-01,1.167157322e-02,1.986733000e-02,7.077899000e-02,5.091166000e-02
6.631000000e+00,train,-7.463119000e-01,-7.347530277e-01,1.155887226e-02,1.977519000e-02,7.065645876e-02,5.088126876e-02
6.636000000e+00,train,-7.453205000e-01,-7.338744622e-01,1.144603779e-02,1.968314000e-02,7.053323447e-02,5.085009447e-02
6.641000000e+00,train,-7.443237000e-01,-7.329906631e-01,1.133303689e-02,1.959118000e-02,7.040986331e-02,5.081868331e-02
6.646000000e+00,test,-7.433214000e-01,-7.321014316e-01,1.121996837e-02,1.949931000e-02,7.028600433e-02,5.078669433e-02
6.651000000e+00,validation,-7.423138000e-01,-7.312069691e-01,1.110683087e-02,1.940752000e-02,7.016200784e-02,5.075448784e-02
6.656000000e+00,train,-7.413007000e-01,-7.303072190e-01,1.099348100e-02,1.931583000e-02,7.003749622e-02,5.072166622e-02
6.661000000e+00,train,-7.402823000e-01,-7.294022078e-01,1.088009220e-02,1.922423000e-02,6.991264389e-02,5.068841389e-02
6.666000000e+00,train,-7.392585000e-01,-7.284919423e-01,1.076655768e-02,1.913272000e-02,6.978748039e-02,5.065476039e-02
6.671000000e+00,test,-7.382295000e-01,-7.275764874e-01,1.065301258e-02,1.904130000e-02,6.966195626e-02,5.062065626e-02
6.676000000e+00,train,-7.371951000e-01,-7.266557467e-01,1.053935331e-02,1.894998000e-02,6.953591553e-02,5.058593553e-02
6.681000000e+00,train,-7.361554000e-01,-7.257299285e-01,1.042547151e-02,1.885875000e-02,6.940973426e-02,5.055098426e-02
6.686000000e+00,train,-7.351106000e-01,-7.247989214e-01,1.031167858e-02,1.876761000e-02,6.928318673e-02,5.051557673e-02
6.691000000e+00,train,-7.340604000e-01,-7.238628354e-01,1.019756461e-02,1.867657000e-02,6.915648706e-02,5.047991706e-02
6.696000000e+00,train,-7.330051000e-01,-7.229215138e-01,1.008358620e-02,1.858562000e-02,6.902909143e-02,5.044347143e-02
6.701000000e+00,train,-7.319446000e-01,-7.219752101e-01,9.969389949e-03,1.849477000e-02,6.890169374e-02,5.040692374e-02
6.706000000e+00,train,-7.308790000e-01,-7.210238960e-01,9.855103964e-03,1.840402000e-02,6.877410688e-02,5.037008688e-02
6.711000000e+00,train,-7.298082000e-01,-7.200674450e-01,9.740755022e-03,1.831336000e-02,6.864598003e-02,5.033262003e-02
6.716000000e+00,train,-7.287323000e-01,-7.191059617e-01,9.626338325e-03,1.822280000e-02,6.851750392e-02,5.029470392e-02
6.721000000e+00,train,-7.276513000e-01,-7.181394428e-01,9.511857229e-03,1.813234000e-02,6.838866035e-02,5.025632035e-02
6.726000000e+00,test,-7.265653000e-01,-7.171680191e-01,9.397280938e-03,1.804198000e-02,6.825981218e-02,5.021783218e-02
6.731000000e+00,validation,-7.254742000e-01,-7.161916368e-01,9.282563162e-03,1.795172000e-02,6.813060082e-02,5.017888082e-02
6.736000000e+00,train,-7.243781000e-01,-7.152102919e-01,9.167808124e-03,1.786155000e-02,6.800100697e-02,5.013945697e-02
6.741000000e+00,train,-7.232770000e-01,-7.142240123e-01,9.052987712e-03,1.777149000e-02,6.787120850e-02,5.009971850e-02
6.746000000e+00,train,-7.221709000e-01,-7.132329455e-01,8.937954535e-03,1.768153000e-02,6.774119363e-02,5.005966363e-02
6.751000000e+00,train,-7.210599000e-01,-7.122369520e-01,8.822947995e-03,1.759168000e-02,6.761100741e-02,5.001932741e-02
6.756000000e+00,train,-7.199440000e-01,-7.112360406e-01,8.707959399e-03,1.750192000e-02,6.748023553e-02,4.997831553e-02
6.761000000e+00,validation,-7.188232000e-01,-7.102304027e-01,8.592797343e-03,1.741227000e-02,6.734962854e-02,4.993735854e-02
6.766000000e+00,train,-7.176975000e-01,-7.092198555e-01,8.477644510e-03,1.732272000e-02,6.721846994e-02,4.989574994e-02
6.771000000e+00,validation,-7.165669000e-01,-7.082046178e-01,8.362282154e-03,1.723328000e-02,6.708723889e-02,4.985395889e-02
6.776000000e+00,train,-7.154315000e-01,-7.071845679e-01,8.246932052e-03,1.714394000e-02,6.695560660e-02,4.981166660e-02
6.781000000e+00,test,-7.142913000e-01,-7.061597371e-01,8.131562881e-03,1.705471000e-02,6.682377228e-02,4.976906228e-02
6.786000000e+00,train,-7.131463000e-01,-7.051302258e-01,8.016074211e-03,1.696558000e-02,6.669190385e-02,4.972632385e-02
6.791000000e+00,test,-7.119965000e-01,-7.040960688e-01,7.900431222e-03,1.687656000e-02,6.655975960e-02,4.968319960e-02
6.796000000e+00,validation,-7.108420000e-01,-7.030570791e-01,7.784920868e-03,1.678765000e-02,6.642706148e-02,4.963941148e-02
6.801000000e+00,train,-7.096827000e-01,-7.020136064e-01,7.669093602e-03,1.669885000e-02,6.629464932e-02,4.959579932e-02
6.806000000e+00,train,-7.085188000e-01,-7.009653734e-01,7.553426636e-03,1.661015000e-02,6.616166461e-02,4.955151461e-02
6.811000000e+00,train,-7.073502000e-01,-6.999126289e-01,7.437571082e-03,1.652157000e-02,6.602878010e-02,4.950721010e-02
6.816000000e+00,train,-7.061770000e-01,-6.988552165e-01,7.321783524e-03,1.643309000e-02,6.589545135e-02,4.946236135e-02
6.821000000e+00,train,-7.049991000e-01,-6.977932752e-01,7.205824836e-03,1.634472000e-02,6.576208417e-02,4.941736417e-02
6.826000000e+00,validation,-7.038166000e-01,-6.967267969e-01,7.089803132e-03,1.625647000e-02,6.562863865e-02,4.937216865e-02
6.831000000e+00,train,-7.026295000e-01,-6.956557234e-01,6.973776573e-03,1.616832000e-02,6.549473259e-02,4.932641259e-02
6.836000000e+00,train,-7.014379000e-01,-6.945801256e-01,6.857774400e-03,1.608029000e-02,6.536080376e-02,4.928051376e-02
6.841000000e+00,train,-7.002417000e-01,-6.935001281e-01,6.741571925e-03,1.599237000e-02,6.522672845e-02,4.923435845e-02
6.846000000e+00,train,-6.990410000e-01,-6.924156447e-01,6.625355324e-03,1.590457000e-02,6.509241018e-02,4.918784018e-02
6.851000000e+00,train,-6.978359000e-01,-6.913267071e-01,6.509192861e-03,1.581687000e-02,6.495801971e-02,4.914114971e-02
6.856000000e+00,train,-6.966262000e-01,-6.902332694e-01,6.392930600e-03,1.572929000e-02,6.482333786e-02,4.909404786e-02
6.861000000e+00,train,-6.954121000e-01,-6.891355552e-01,6.276544777e-03,1.564183000e-02,6.468875371e-02,4.904692371e-02
6.866000000e+00,train,-6.941936000e-01,-6.880333177e-01,6.160282253e-03,1.555448000e-02,6.455370090e-02,4.899922090e-02
6.871000000e+00,train,-6.929707000e-01,-6.869267958e-01,6.043904160e-03,1.546725000e-02,6.441873656e-02,4.895148656e-02
6.876000000e+00,train,-6.917433000e-01,-6.858159620e-01,5.927337997e-03,1.538013000e-02,6.428365983e-02,4.890352983e-02
6.881000000e+00,train,-6.905117000e-01,-6.847007784e-01,5.810921593e-03,1.529313000e-02,6.414826459e-02,4.885513459e-02
6.886000000e+00,train,-6.892757000e-01,-6.835813171e-01,5.694382882e-03,1.520625000e-02,6.401297736e-02,4.880672736e-02
6.891000000e+00,test,-6.880353000e-01,-6.824575131e-01,5.577786942e-03,1.511948000e-02,6.387738870e-02,4.875790870e-02
6.896000000e+00,train,-6.867907000e-01,-6.813294644e-01,5.461235570e-03,1.503284000e-02,6.374166421e-02,4.870882421e-02
6.901000000e+00,validation,-6.855418000e-01,-6.801972741e-01,5.344525935e-03,1.494631000e-02,6.360599011e-02,4.865968011e-02
6.906000000e+00,train,-6.842887000e-01,-6.790607430e-01,5.227956959e-03,1.485990000e-02,6.347001207e-02,4.861011207e-02
6.911000000e+00,test,-6.830313000e-01,-6.779200773e-01,5.111222732e-03,1.477361000e-02,6.333410151e-02,4.856049151e-02
6.916000000e+00,train,-6.817698000e-01,-6.767752343e-01,4.994565716e-03,1.468744000e-02,6.319803064e-02,4.851059064e-02
6.921000000e+00,validation,-6.805040000e-01,-6.756262288e-01,4.877771174e-03,1.460140000e-02,6.306182861e-02,4.846042861e-02
6.926000000e+00,train,-6.792341000e-01,-6.744730907e-01,4.761009268e-03,1.451547000e-02,6.292569068e-02,4.841022068e-02
6.931000000e+00,train,-6.779601000e-01,-6.733158204e-01,4.644279562e-03,1.442967000e-02,6.278918576e-02,4.835951576e-02
6.936000000e+00,train,-6.766819000e-01,-6.721545155e-01,4.527384527e-03,1.434399000e-02,6.265291246e-02,4.830892246e-02
6.941000000e+00,test,-6.753996000e-01,-6.709891079e-01,4.410492098e-03,1.425843000e-02,6.251646977e-02,4.825803977e-02
6.946000000e+00,validation,-6.741133000e-01,-6.698197138e-01,4.293586197e-03,1.417299000e-02,6.238004043e-02,4.820705043e-02
6.951000000e+00,train,-6.728229000e-01,-6.686461911e-01,4.176708884e-03,1.408768000e-02,6.224327397e-02,4.815559397e-02
6.956000000e+00,validation,-6.715285000e-01,-6.674687161e-01,4.059783893e-03,1.400250000e-02,6.210674129e-02,4.810424129e-02
6.961000000e+00,train,-6.702301000e-01,-6.662871787e-01,3.942921344e-03,1.391743000e-02,6.196981225e-02,4.805238225e-02
6.966000000e+00,train,-6.689277000e-01,-6.651017539e-01,3.825946139e-03,1.383250000e-02,6.183309794e-02,4.800059794e-02
6.971000000e+00,train,-6.676213000e-01,-6.639123037e-01,3.708996283e-03,1.374769000e-02,6.169619854e-02,4.794850854e-02
6.976000000e+00,train,-6.663110000e-01,-6.627190324e-01,3.591967595e-03,1.366300000e-02,6.155945468e-02,4.789645468e-02
6.981000000e+00,train,-6.649968000e-01,-6.615217519e-01,3.475048068e-03,1.357844000e-02,6.142258770e-02,4.784414770e-02
6.986000000e+00,test,-6.636787000e-01,-6.603205821e-01,3.358117892e-03,1.349401000e-02,6.128547758e-02,4.779146758e-02
6.991000000e+00,train,-6.623567000e-01,-6.591156025e-01,3.241097542e-03,1.340971000e-02,6.114856407e-02,4.773885407e-02
6.996000000e+00,train,-6.610308000e-01,-6.579067706e-01,3.124029432e-03,1.332553000e-02,6.101161917e-02,4.768608917e-02
7.001000000e+00,test,-6.597011000e-01,-6.566940908e-01,3.007009225e-03,1.324148000e-02,6.087466700e-02,4.763318700e-02
7.006000000e+00,validation,-6.583676000e-01,-6.554776341e-01,2.889965888e-03,1.315757000e-02,6.073766820e-02,4.758009820e-02
7.011000000e+00,validation,-6.570303000e-01,-6.542573974e-01,2.772902571e-03,1.307378000e-02,6.060063408e-02,4.752685408e-02
7.016000000e+00,train,-6.556893000e-01,-6.530333955e-01,2.655904545e-03,1.299012000e-02,6.046359282e-02,4.747347282e-02
7.021000000e+00,train,-6.543444000e-01,-6.518055128e-01,2.538887153e-03,1.290659000e-02,6.032632585e-02,4.741973585e-02
7.026000000e+00,train,-6.529959000e-01,-6.505740585e-01,2.421841520e-03,1.282319000e-02,6.018938908e-02,4.736619908e-02
7.031000000e+00,train,-6.516437000e-01,-6.493388290e-01,2.304871022e-03,1.273992000e-02,6.005240669e-02,4.731248669e-02
7.036000000e+00,train,-6.502877000e-01,-6.480999625e-01,2.187737537e-03,1.265679000e-02,5.991534677e-02,4.725855677e-02
7.041000000e+00,train,-6.489282000e-01,-6.468574309e-01,2.070769134e-03,1.257378000e-02,5.977844300e-02,4.720466300e-02
7.046000000e+00,test,-6.475649000e-01,-6.456111633e-01,1.953736714e-03,1.249091000e-02,5.964130246e-02,4.715039246e-02
7.051000000e+00,train,-6.461981000e-01,-6.443613970e-01,1.836703010e-03,1.240817000e-02,5.950445172e-02,4.709628172e-02
7.056000000e+00,train,-6.448276000e-01,-6.431079001e-01,1.719699870e-03,1.232556000e-02,5.936735065e-02,4.704179065e-02
7.061000000e+00,validation,-6.434536000e-01,-6.418509057e-01,1.602694316e-03,1.224309000e-02,5.923057413e-02,4.698748413e-02
7.066000000e+00,test,-6.420760000e-01,-6.405903471e-01,1.485652939e-03,1.216075000e-02,5.909368123e-02,4.693293123e-02
7.071000000e+00,validation,-6.406949000e-01,-6.393261602e-01,1.368739814e-03,1.207855000e-02,5.895672779e-02,4.687817779e-02
7.076000000e+00,train,-6.393103000e-01,-6.380585418e-01,1.251758204e-03,1.199648000e-02,5.882004069e-02,4.682356069e-02
7.081000000e+00,test,-6.379222000e-01,-6.367873676e-01,1.134832395e-03,1.191454000e-02,5.868328720e-02,4.676874720e-02
7.086000000e+00,test,-6.365306000e-01,-6.355126358e-01,1.017964218e-03,1.183274000e-02,5.854643705e-02,4.671369705e-02
7.091000000e+00,test,-6.351356000e-01,-6.342345476e-01,9.010523715e-04,1.175108000e-02,5.840984011e-02,4.665876011e-02
7.096000000e+00,train,-6.337371000e-01,-6.329530089e-01,7.840910659e-04,1.166955000e-02,5.827335745e-02,4.660380745e-02
7.101000000e+00,train,-6.323352000e-01,-6.316679728e-01,6.672271712e-04,1.158816000e-02,5.813673857e-02,4.654857857e-02
7.106000000e+00,train,-6.309299000e-01,-6.303795872e-01,5.503128284e-04,1.150691000e-02,5.800039081e-02,4.649348081e-02
7.111000000e+00,validation,-6.295213000e-01,-6.290878171e-01,4.334828900e-04,1.142579000e-02,5.786409895e-02,4.643830895e-02
7.116000000e+00,train,-6.281093000e-01,-6.277926264e-01,3.166736359e-04,1.134481000e-02,5.772768805e-02,4.638287805e-02
7.121000000e+00,train,-6.266940000e-01,-6.264940582e-01,1.999417594e-04,1.126397000e-02,5.759134960e-02,4.632737960e-02
7.126000000e+00,train,-6.252754000e-01,-6.251922081e-01,8.319194823e-05,1.118326000e-02,5.745525743e-02,4.627199743e-02
7.131000000e+00,train,-6.238535000e-01,-6.238870380e-01,-3.353795736e-05,1.110270000e-02,5.731920466e-02,4.621650466e-02
7.136000000e+00,test,-6.224283000e-01,-6.225786567e-01,-1.503567114e-04,1.102227000e-02,5.718336003e-02,4.616109003e-02
7.141000000e+00,train,-6.209999000e-01,-6.212668340e-01,-2.669339678e-04,1.094199000e-02,5.704721351e-02,4.610522351e-02
7.146000000e+00,test,-6.195683000e-01,-6.199519283e-01,-3.836282537e-04,1.086184000e-02,5.691163623e-02,4.604979623e-02
7.151000000e+00,test,-6.181335000e-01,-6.186336866e-01,-5.001865843e-04,1.078183000e-02,5.677593631e-02,4.599410631e-02
7.156000000e+00,train,-6.166954000e-01,-6.173122983e-01,-6.168982876e-04,1.070197000e-02,5.664042821e-02,4.593845821e-02
7.161000000e+00,train,-6.152543000e-01,-6.159876751e-01,-7.333750828e-04,1.062224000e-02,5.650495418e-02,4.588271418e-02
7.166000000e+00,validation,-6.138100000e-01,-6.146597717e-01,-8.497716647e-04,1.054266000e-02,5.636929442e-02,4.582663442e-02
7.171000000e+00,train,-6.123625000e-01,-6.133288646e-01,-9.663645586e-04,1.046322000e-02,5.623421554e-02,4.577099554e-02
7.176000000e+00,validation,-6.109120000e-01,-6.119947903e-01,-1.082790287e-03,1.038391000e-02,5.609914328e-02,4.571523328e-02
7.181000000e+00,validation,-6.094584000e-01,-6.106575412e-01,-1.199141164e-03,1.030475000e-02,5.596406651e-02,4.565931651e-02
7.186000000e+00,train,-6.080017000e-01,-6.093172274e-01,-1.315527446e-03,1.022574000e-02,5.582918474e-02,4.560344474e-02
7.191000000e+00,validation,-6.065420000e-01,-6.079738444e-01,-1.431844416e-03,1.014686000e-02,5.569447666e-02,4.554761666e-02
7.196000000e+00,validation,-6.050793000e-01,-6.066274603e-01,-1.548160314e-03,1.006813000e-02,5.555991280e-02,4.549178280e-02
7.201000000e+00,train,-6.036136000e-01,-6.052779154e-01,-1.664315449e-03,9.989541000e-03,5.542537665e-02,4.543583565e-02
7.206000000e+00,test,-6.021449000e-01,-6.039253735e-01,-1.780473508e-03,9.911096000e-03,5.529100888e-02,4.537991288e-02
7.211000000e+00,train,-6.006732000e-01,-6.025699239e-01,-1.896723900e-03,9.832794000e-03,5.515692990e-02,4.532413590e-02
7.216000000e+00,train,-5.991986000e-01,-6.012113857e-01,-2.012785745e-03,9.754637000e-03,5.502287278e-02,4.526823578e-02
7.221000000e+00,train,-5.977211000e-01,-5.998499169e-01,-2.128816888e-03,9.676624000e-03,5.488892590e-02,4.521230190e-02
7.226000000e+00,train,-5.962407000e-01,-5.984854576e-01,-2.244757569e-03,9.598755000e-03,5.475516624e-02,4.515641124e-02
7.231000000e+00,validation,-5.947574000e-01,-5.971181701e-01,-2.360770110e-03,9.521032000e-03,5.462170455e-02,4.510067255e-02
7.236000000e+00,train,-5.932712000e-01,-5.957478602e-01,-2.476660248e-03,9.443453000e-03,5.448820712e-02,4.504475412e-02
7.241000000e+00,train,-5.917822000e-01,-5.943747218e-01,-2.592521841e-03,9.366021000e-03,5.435501069e-02,4.498898969e-02
7.246000000e+00,train,-5.902904000e-01,-5.929987245e-01,-2.708324523e-03,9.288733000e-03,5.422192040e-02,4.493318740e-02
7.251000000e+00,train,-5.887958000e-01,-5.916198072e-01,-2.824007176e-03,9.211592000e-03,5.408898402e-02,4.487739202e-02
7.256000000e+00,test,-5.872985000e-01,-5.902381440e-01,-2.939644009e-03,9.134597000e-03,5.395634585e-02,4.482174885e-02
7.261000000e+00,test,-5.857983000e-01,-5.888536169e-01,-3.055316918e-03,9.057749000e-03,5.382379683e-02,4.476604783e-02
7.266000000e+00,train,-5.842954000e-01,-5.874663060e-01,-3.170906021e-03,8.981047000e-03,5.369134074e-02,4.471029374e-02
7.271000000e+00,train,-5.827899000e-01,-5.860761803e-01,-3.286280289e-03,8.904492000e-03,5.355921995e-02,4.465472795e-02
7.276000000e+00,train,-5.812816000e-01,-5.846833343e-01,-3.401734332e-03,8.828085000e-03,5.342713990e-02,4.459905490e-02
7.281000000e+00,train,-5.797706000e-01,-5.832876356e-01,-3.517035554e-03,8.751825000e-03,5.329518982e-02,4.454336482e-02
7.286000000e+00,validation,-5.782569000e-01,-5.818893567e-01,-3.632456706e-03,8.675713000e-03,5.316367617e-02,4.448796317e-02
7.291000000e+00,train,-5.767407000e-01,-5.804882962e-01,-3.747596156e-03,8.599749000e-03,5.303225437e-02,4.443250537e-02
7.296000000e+00,train,-5.752218000e-01,-5.790846206e-01,-3.862820621e-03,8.523933000e-03,5.290105440e-02,4.437712140e-02
7.301000000e+00,train,-5.737003000e-01,-5.776781674e-01,-3.977867356e-03,8.448266000e-03,5.276996999e-02,4.432170399e-02
7.306000000e+00,train,-5.721762000e-01,-5.762692048e-01,-4.093004781e-03,8.372747000e-03,5.263928657e-02,4.426653957e-02
7.311000000e+00,train,-5.706496000e-01,-5.748575207e-01,-4.207920666e-03,8.297377000e-03,5.250865413e-02,4.421127713e-02
7.316000000e+00,validation,-5.691204000e-01,-5.734432327e-01,-4.322832679e-03,8.222157000e-03,5.237828398e-02,4.415612698e-02
7.321000000e+00,validation,-5.675887000e-01,-5.720263362e-01,-4.437636242e-03,8.147086000e-03,5.224815572e-02,4.410106972e-02
7.326000000e+00,validation,-5.660544000e-01,-5.706068965e-01,-4.552496548e-03,8.072164000e-03,5.211824729e-02,4.404608329e-02
7.331000000e+00,test,-5.645177000e-01,-5.691848210e-01,-4.667120997e-03,7.997393000e-03,5.198837912e-02,4.399098612e-02
7.336000000e+00,train,-5.629786000e-01,-5.677603004e-01,-4.781700355e-03,7.922771000e-03,5.185889571e-02,4.393612471e-02
7.341000000e+00,train,-5.614370000e-01,-5.663332390e-01,-4.896238954e-03,7.848299000e-03,5.172962656e-02,4.388132756e-02
7.346000000e+00,train,-5.598929000e-01,-5.649036397e-01,-5.010739746e-03,7.773978000e-03,5.160056490e-02,4.382658690e-02
7.351000000e+00,train,-5.583465000e-01,-5.634715722e-01,-5.125072221e-03,7.699808000e-03,5.147170883e-02,4.377190083e-02
7.356000000e+00,train,-5.567976000e-01,-5.620369634e-01,-5.239363394e-03,7.625789000e-03,5.134307096e-02,4.371728196e-02
7.361000000e+00,train,-5.552464000e-01,-5.605999876e-01,-5.353587593e-03,7.551920000e-03,5.121479594e-02,4.366287594e-02
7.366000000e+00,test,-5.536929000e-01,-5.591606145e-01,-5.467714481e-03,7.478203000e-03,5.108668865e-02,4.360848565e-02
7.371000000e+00,train,-5.521370000e-01,-5.577186952e-01,-5.581695179e-03,7.404637000e-03,5.095878176e-02,4.355414476e-02
7.376000000e+00,train,-5.505788000e-01,-5.562744886e-01,-5.695688595e-03,7.331223000e-03,5.083124228e-02,4.350001928e-02
7.381000000e+00,train,-5.490183000e-01,-5.548278724e-01,-5.809572375e-03,7.257961000e-03,5.070383989e-02,4.344587889e-02
7.386000000e+00,train,-5.474555000e-01,-5.533788656e-01,-5.923365628e-03,7.184851000e-03,5.057662336e-02,4.339177236e-02
7.391000000e+00,validation,-5.458905000e-01,-5.519275819e-01,-6.037081943e-03,7.111893000e-03,5.044992635e-02,4.333803335e-02
7.396000000e+00,train,-5.443232000e-01,-5.504739789e-01,-6.150778935e-03,7.039087000e-03,5.032337546e-02,4.328428846e-02
7.401000000e+00,train,-5.427537000e-01,-5.490179398e-01,-6.264239795e-03,6.966434000e-03,5.019679174e-02,4.323035774e-02
7.406000000e+00,validation,-5.411820000e-01,-5.475597141e-01,-6.377714085e-03,6.893933000e-03,5.007073743e-02,4.317680443e-02
7.411000000e+00,train,-5.396082000e-01,-5.460991837e-01,-6.490983742e-03,6.821586000e-03,4.994500255e-02,4.312341655e-02
7.416000000e+00,test,-5.380321000e-01,-5.446363987e-01,-6.604298743e-03,6.749391000e-03,4.981939418e-02,4.307000318e-02
7.421000000e+00,train,-5.364539000e-01,-5.431713847e-01,-6.717484708e-03,6.677350000e-03,4.969408744e-02,4.301673744e-02
7.426000000e+00,train,-5.348736000e-01,-5.417041458e-01,-6.830545801e-03,6.605462000e-03,4.956910514e-02,4.296364314e-02
7.431000000e+00,train,-5.332912000e-01,-5.402347460e-01,-6.943546016e-03,6.533727000e-03,4.944439390e-02,4.291066690e-02
7.436000000e+00,train,-5.317067000e-01,-5.387631210e-01,-7.056421037e-03,6.462146000e-03,4.932000941e-02,4.285786341e-02
7.441000000e+00,train,-5.301201000e-01,-5.372893122e-01,-7.169212166e-03,6.390719000e-03,4.919571475e-02,4.280499575e-02
7.446000000e+00,validation,-5.285315000e-01,-5.358133721e-01,-7.281872061e-03,6.319446000e-03,4.907189027e-02,4.275244427e-02
7.451000000e+00,test,-5.269408000e-01,-5.343353464e-01,-7.394546353e-03,6.248328000e-03,4.894832060e-02,4.269999260e-02
7.456000000e+00,train,-5.253482000e-01,-5.328551633e-01,-7.506963270e-03,6.177363000e-03,4.882504873e-02,4.264768573e-02
7.461000000e+00,train,-5.237535000e-01,-5.313727914e-01,-7.619291376e-03,6.106553000e-03,4.870184951e-02,4.259529651e-02
7.466000000e+00,test,-5.221568000e-01,-5.298884363e-01,-7.731636291e-03,6.035897000e-03,4.857909218e-02,4.254319518e-02
7.471000000e+00,validation,-5.205582000e-01,-5.284020252e-01,-7.843825178e-03,5.965396000e-03,4.845679078e-02,4.249139478e-02
7.476000000e+00,test,-5.189577000e-01,-5.269135961e-01,-7.955896096e-03,5.895050000e-03,4.833471505e-02,4.243966505e-02
7.481000000e+00,validation,-5.173552000e-01,-5.254230579e-01,-8.067857872e-03,5.824859000e-03,4.821271786e-02,4.238785886e-02
7.486000000e+00,train,-5.157508000e-01,-5.239305241e-01,-8.179724094e-03,5.754823000e-03,4.809113207e-02,4.233630907e-02
7.491000000e+00,validation,-5.141445000e-01,-5.224360096e-01,-8.291509565e-03,5.684942000e-03,4.796998509e-02,4.228504309e-02
7.496000000e+00,train,-5.125364000e-01,-5.209395450e-01,-8.403145014e-03,5.615216000e-03,4.784903519e-02,4.223381919e-02
7.501000000e+00,train,-5.109264000e-01,-5.194410994e-01,-8.514699426e-03,5.545646000e-03,4.772852617e-02,4.218288017e-02
7.506000000e+00,train,-5.093145000e-01,-5.179407067e-01,-8.626206729e-03,5.476231000e-03,4.760820789e-02,4.213197689e-02
7.511000000e+00,train,-5.077009000e-01,-5.164383635e-01,-8.737463520e-03,5.406973000e-03,4.748808868e-02,4.208111568e-02
7.516000000e+00,validation,-5.060854000e-01,-5.149341074e-01,-8.848707353e-03,5.337869000e-03,4.736838014e-02,4.203051114e-02
7.521000000e+00,train,-5.044682000e-01,-5.134279079e-01,-8.959707866e-03,5.268922000e-03,4.724888578e-02,4.197996378e-02
7.526000000e+00,train,-5.028492000e-01,-5.119199580e-01,-9.070757958e-03,5.200131000e-03,4.712991156e-02,4.192978056e-02
7.531000000e+00,train,-5.012285000e-01,-5.104100645e-01,-9.181564462e-03,5.131496000e-03,4.701115344e-02,4.187965744e-02
7.536000000e+00,train,-4.996060000e-01,-5.088983944e-01,-9.292394359e-03,5.063017000e-03,4.689274176e-02,4.182972476e-02
7.541000000e+00,train,-4.979818000e-01,-5.073847836e-01,-9.402983644e-03,4.994694000e-03,4.677454026e-02,4.177984626e-02
7.546000000e+00,validation,-4.963560000e-01,-5.058694904e-01,-9.513490390e-03,4.926528000e-03,4.665682786e-02,4.173029986e-02
7.551000000e+00,train,-4.947284000e-01,-5.043523517e-01,-9.623951674e-03,4.858519000e-03,4.653949856e-02,4.168097956e-02
7.556000000e+00,train,-4.930992000e-01,-5.028334132e-01,-9.734213150e-03,4.790666000e-03,4.642233586e-02,4.163166986e-02
7.561000000e+00,validation,-4.914684000e-01,-5.013127875e-01,-9.844387465e-03,4.722969000e-03,4.630564356e-02,4.158267456e-02
7.566000000e+00,train,-4.898359000e-01,-4.997902631e-01,-9.954363056e-03,4.655430000e-03,4.618895636e-02,4.153352636e-02
7.571000000e+00,train,-4.882019000e-01,-4.982661659e-01,-1.006426587e-02,4.588047000e-03,4.607296057e-02,4.148491357e-02
7.576000000e+00,train,-4.865662000e-01,-4.967403584e-01,-1.017415844e-02,4.520821000e-03,4.595725379e-02,4.143643279e-02
7.581000000e+00,train,-4.849290000e-01,-4.952127431e-01,-1.028374311e-02,4.453752000e-03,4.584170474e-02,4.138795274e-02
7.586000000e+00,train,-4.832902000e-01,-4.936835277e-01,-1.039332768e-02,4.386841000e-03,4.572664420e-02,4.133980320e-02
7.591000000e+00,train,-4.816499000e-01,-4.921526971e-01,-1.050279709e-02,4.320086000e-03,4.561204670e-02,4.129196070e-02
7.596000000e+00,validation,-4.800081000e-01,-4.906201374e-01,-1.061203739e-02,4.253489000e-03,4.549757983e-02,4.124409083e-02
7.601000000e+00,train,-4.783647000e-01,-4.890859396e-01,-1.072123961e-02,4.187049000e-03,4.538339395e-02,4.119634495e-02
7.606000000e+00,train,-4.767199000e-01,-4.875501413e-01,-1.083024127e-02,4.120767000e-03,4.526969991e-02,4.114893291e-02
7.611000000e+00,train,-4.750737000e-01,-4.860127656e-01,-1.093906561e-02,4.054642000e-03,4.515624066e-02,4.110159866e-02
7.616000000e+00,train,-4.734259000e-01,-4.844738878e-01,-1.104798780e-02,3.988674000e-03,4.504343761e-02,4.105476361e-02
7.621000000e+00,train,-4.717768000e-01,-4.829333488e-01,-1.115654878e-02,3.922865000e-03,4.493073496e-02,4.100786996e-02
7.626000000e+00,train,-4.701262000e-01,-4.813912396e-01,-1.126503957e-02,3.857212000e-03,4.481828253e-02,4.096107053e-02
7.631000000e+00,train,-4.684742000e-01,-4.798476963e-01,-1.137349634e-02,3.791718000e-03,4.470645394e-02,4.091473594e-02
7.636000000e+00,validation,-4.668209000e-01,-4.783025860e-01,-1.148168600e-02,3.726381000e-03,4.459486941e-02,4.086848841e-02
7.641000000e+00,test,-4.651662000e-01,-4.767560038e-01,-1.158980380e-02,3.661202000e-03,4.448370006e-02,4.082249806e-02
7.646000000e+00,train,-4.635101000e-01,-4.752079302e-01,-1.169783020e-02,3.596181000e-03,4.437275462e-02,4.077657362e-02
7.651000000e+00,train,-4.618527000e-01,-4.736583888e-01,-1.180568878e-02,3.531318000e-03,4.426224756e-02,4.073092956e-02
7.656000000e+00,validation,-4.601940000e-01,-4.721073742e-01,-1.191337422e-02,3.466613000e-03,4.415212794e-02,4.068551494e-02
7.661000000e+00,train,-4.585340000e-01,-4.705549750e-01,-1.202097500e-02,3.402066000e-03,4.404243960e-02,4.064037360e-02
7.666000000e+00,train,-4.568727000e-01,-4.690010691e-01,-1.212836910e-02,3.337676000e-03,4.393295212e-02,4.059527612e-02
7.671000000e+00,validation,-4.552101000e-01,-4.674457699e-01,-1.223566992e-02,3.273445000e-03,4.382385422e-02,4.055040922e-02
7.676000000e+00,test,-4.535463000e-01,-4.658891426e-01,-1.234284262e-02,3.209373000e-03,4.371512073e-02,4.050574773e-02
7.681000000e+00,train,-4.518813000e-01,-4.643311446e-01,-1.244984460e-02,3.145458000e-03,4.360696268e-02,4.046150468e-02
7.686000000e+00,train,-4.502151000e-01,-4.627717913e-01,-1.255669135e-02,3.081701000e-03,4.349896453e-02,4.041726353e-02
7.691000000e+00,test,-4.485476000e-01,-4.612110412e-01,-1.266344120e-02,3.018103000e-03,4.339136717e-02,4.037326417e-02
7.696000000e+00,test,-4.468790000e-01,-4.596490645e-01,-1.277006448e-02,2.954663000e-03,4.328429090e-02,4.032962790e-02
7.701000000e+00,train,-4.452092000e-01,-4.580856563e-01,-1.287645633e-02,2.891381000e-03,4.317739821e-02,4.028601721e-02
7.706000000e+00,train,-4.435383000e-01,-4.565210214e-01,-1.298272143e-02,2.828258000e-03,4.307102784e-02,4.024276984e-02
7.711000000e+00,train,-4.418662000e-01,-4.549551337e-01,-1.308893373e-02,2.765293000e-03,4.296500478e-02,4.019971178e-02
7.716000000e+00,test,-4.401931000e-01,-4.533879088e-01,-1.319480876e-02,2.702486000e-03,4.285930764e-02,4.015682164e-02
7.721000000e+00,train,-4.385188000e-01,-4.518195295e-01,-1.330072949e-02,2.639838000e-03,4.275412167e-02,4.011428367e-02
7.726000000e+00,train,-4.368434000e-01,-4.502498888e-01,-1.340648876e-02,2.577348000e-03,4.264924131e-02,4.007189331e-02
7.731000000e+00,train,-4.351670000e-01,-4.486789949e-01,-1.351199488e-02,2.515016000e-03,4.254471050e-02,4.002969450e-02
7.736000000e+00,train,-4.334895000e-01,-4.471069005e-01,-1.361740046e-02,2.452843000e-03,4.244043907e-02,3.998759607e-02
7.741000000e+00,train,-4.318110000e-01,-4.455336588e-01,-1.372265878e-02,2.390829000e-03,4.233669309e-02,3.994586409e-02
7.746000000e+00,train,-4.301315000e-01,-4.439592540e-01,-1.382775404e-02,2.328973000e-03,4.223341816e-02,3.990444516e-02
7.751000000e+00,train,-4.284510000e-01,-4.423836601e-01,-1.393266015e-02,2.267275000e-03,4.213043850e-02,3.986316350e-02
7.756000000e+00,train,-4.267695000e-01,-4.408069716e-01,-1.403747156e-02,2.205736000e-03,4.202789617e-02,3.982216017e-02
7.761000000e+00,validation,-4.250870000e-01,-4.392291052e-01,-1.414210522e-02,2.144355000e-03,4.192568388e-02,3.978132888e-02
7.766000000e+00,train,-4.234035000e-01,-4.376501365e-01,-1.424663652e-02,2.083133000e-03,4.182389625e-02,3.974076325e-02
7.771000000e+00,validation,-4.217192000e-01,-4.360701530e-01,-1.435095303e-02,2.022069000e-03,4.172254686e-02,3.970047786e-02
7.776000000e+00,train,-4.200339000e-01,-4.344889758e-01,-1.445507582e-02,1.961164000e-03,4.162147354e-02,3.966030954e-02
7.781000000e+00,train,-4.183477000e-01,-4.329067837e-01,-1.455908367e-02,1.900417000e-03,4.152083936e-02,3.962042236e-02
7.786000000e+00,train,-4.166606000e-01,-4.313235648e-01,-1.466296482e-02,1.839828000e-03,4.142060948e-02,3.958078148e-02
7.791000000e+00,train,-4.149726000e-01,-4.297393611e-01,-1.476676108e-02,1.779399000e-03,4.132101728e-02,3.954161828e-02
7.796000000e+00,train,-4.132838000e-01,-4.281541004e-01,-1.487030038e-02,1.719127000e-03,4.122163311e-02,3.950250611e-02
7.801000000e+00,train,-4.115941000e-01,-4.265677901e-01,-1.497369008e-02,1.659014000e-03,4.112247000e-02,3.946345600e-02
7.806000000e+00,train,-4.099036000e-01,-4.249804570e-01,-1.507685704e-02,1.599060000e-03,4.102373499e-02,3.942467499e-02
7.811000000e+00,train,-4.082123000e-01,-4.233923018e-01,-1.518000183e-02,1.539263000e-03,4.092574499e-02,3.938648199e-02
7.816000000e+00,validation,-4.065202000e-01,-4.218030969e-01,-1.528289694e-02,1.479626000e-03,4.082797829e-02,3.934835229e-02
7.821000000e+00,train,-4.048273000e-01,-4.202129073e-01,-1.538560730e-02,1.420146000e-03,4.073040652e-02,3.931026052e-02
7.826000000e+00,train,-4.031337000e-01,-4.186218954e-01,-1.548819544e-02,1.360825000e-03,4.063358197e-02,3.927275697e-02
7.831000000e+00,train,-4.014393000e-01,-4.170298980e-01,-1.559059801e-02,1.301663000e-03,4.053692465e-02,3.923526165e-02
7.836000000e+00,train,-3.997441000e-01,-4.154369534e-01,-1.569285336e-02,1.242659000e-03,4.044067478e-02,3.919801578e-02
7.841000000e+00,validation,-3.980483000e-01,-4.138432246e-01,-1.579492461e-02,1.183813000e-03,4.034493976e-02,3.916112676e-02
7.846000000e+00,train,-3.963517000e-01,-4.122485142e-01,-1.589681423e-02,1.125125000e-03,4.024939398e-02,3.912426898e-02
7.851000000e+00,validation,-3.946545000e-01,-4.106530196e-01,-1.599851959e-02,1.066595000e-03,4.015436314e-02,3.908776814e-02
7.856000000e+00,train,-3.929566000e-01,-4.090567593e-01,-1.610015926e-02,1.008224000e-03,4.006001135e-02,3.905178735e-02
7.861000000e+00,train,-3.912580000e-01,-4.074595973e-01,-1.620159729e-02,9.500112000e-04,3.996584918e-02,3.901583798e-02
7.866000000e+00,train,-3.895588000e-01,-4.058616468e-01,-1.630284676e-02,8.919564000e-04,3.987218138e-02,3.898022498e-02
7.871000000e+00,validation,-3.878589000e-01,-4.042627829e-01,-1.640388293e-02,8.340596000e-04,3.977866961e-02,3.894461001e-02
7.876000000e+00,train,-3.861585000e-01,-4.026633018e-01,-1.650480178e-02,7.763210000e-04,3.968580114e-02,3.890948014e-02
7.881000000e+00,train,-3.844574000e-01,-4.010629374e-01,-1.660553736e-02,7.187404000e-04,3.959328670e-02,3.887454630e-02
7.886000000e+00,train,-3.827558000e-01,-3.994618226e-01,-1.670602261e-02,6.613178000e-04,3.950103491e-02,3.883971711e-02
7.891000000e+00,train,-3.810536000e-01,-3.978600293e-01,-1.680642933e-02,6.040532000e-04,3.940947571e-02,3.880542251e-02
7.896000000e+00,train,-3.793508000e-01,-3.962574856e-01,-1.690668563e-02,5.469466000e-04,3.931817964e-02,3.877123304e-02
7.901000000e+00,test,-3.776475000e-01,-3.946542942e-01,-1.700679422e-02,4.899978000e-04,3.922732997e-02,3.873733217e-02
7.906000000e+00,train,-3.759437000e-01,-3.930502878e-01,-1.710658785e-02,4.332069000e-04,3.913680018e-02,3.870359328e-02
7.911000000e+00,test,-3.742394000e-01,-3.914457318e-01,-1.720633178e-02,3.765737000e-04,3.904685174e-02,3.867027804e-02
7.916000000e+00,train,-3.725346000e-01,-3.898404291e-01,-1.730582909e-02,3.200984000e-04,3.895718709e-02,3.863708869e-02
7.921000000e+00,train,-3.708293000e-01,-3.882344175e-01,-1.740511750e-02,2.637807000e-04,3.886801883e-02,3.860423813e-02
7.926000000e+00,train,-3.691235000e-01,-3.866278836e-01,-1.750438356e-02,2.076206000e-04,3.877919283e-02,3.857157223e-02
7.931000000e+00,train,-3.674173000e-01,-3.850206440e-01,-1.760334398e-02,1.516182000e-04,3.869085532e-02,3.853923712e-02
7.936000000e+00,train,-3.657107000e-01,-3.834128134e-01,-1.770211338e-02,9.577333000e-05,3.860289539e-02,3.850712206e-02
7.941000000e+00,train,-3.640036000e-01,-3.818044183e-01,-1.780081829e-02,4.008593000e-05,3.851537457e-02,3.847528864e-02
7.946000000e+00,train,-3.622962000e-01,-3.801953604e-01,-1.789916038e-02,-1.544403000e-05,3.842825104e-02,3.844369507e-02
7.951000000e+00,test,-3.605883000e-01,-3.785858043e-01,-1.799750430e-02,-7.081662000e-05,3.834151975e-02,3.841233637e-02
7.956000000e+00,train,-3.588801000e-01,-3.769756877e-01,-1.809558773e-02,-1.260319000e-04,3.825536752e-02,3.838139942e-02
7.961000000e+00,train,-3.571715000e-01,-3.753649718e-01,-1.819347183e-02,-1.810899000e-04,3.816943307e-02,3.835052297e-02
7.966000000e+00,train,-3.554626000e-01,-3.737537408e-01,-1.829114080e-02,-2.359908000e-04,3.808385493e-02,3.831984573e-02
7.971000000e+00,train,-3.537533000e-01,-3.721420243e-01,-1.838872427e-02,-2.907345000e-04,3.799882843e-02,3.828956293e-02
7.976000000e+00,train,-3.520437000e-01,-3.705298298e-01,-1.848612980e-02,-3.453211000e-04,3.791436791e-02,3.825968901e-02
7.981000000e+00,train,-3.503338000e-01,-3.689170966e-01,-1.858329658e-02,-3.997508000e-04,3.783007449e-02,3.822982529e-02
7.986000000e+00,train,-3.486237000e-01,-3.673039762e-01,-1.868027620e-02,-4.540235000e-04,3.774649413e-02,3.820051763e-02
7.991000000e+00,train,-3.469132000e-01,-3.656903169e-01,-1.877711695e-02,-5.081394000e-04,3.766308044e-02,3.817121984e-02
7.996000000e+00,train,-3.452025000e-01,-3.640762399e-01,-1.887373990e-02,-5.620984000e-04,3.758017937e-02,3.814227777e-02
8.001000000e+00,train,-3.434916000e-01,-3.624617595e-01,-1.897015953e-02,-6.159008000e-04,3.749781520e-02,3.811371600e-02
8.006000000e+00,train,-3.417804000e-01,-3.608467018e-01,-1.906630178e-02,-6.695465000e-04,3.741540193e-02,3.808494843e-02
8.011000000e+00,train,-3.400690000e-01,-3.592314535e-01,-1.916245345e-02,-7.230357000e-04,3.733402322e-02,3.805705892e-02
8.016000000e+00,train,-3.383574000e-01,-3.576156426e-01,-1.925824262e-02,-7.763684000e-04,3.725262171e-02,3.802899011e-02
8.021000000e+00,train,-3.366456000e-01,-3.559995799e-01,-1.935397993e-02,-8.295446000e-04,3.717185296e-02,3.800139756e-02
8.026000000e+00,train,-3.349336000e-01,-3.543830758e-01,-1.944947584e-02,-8.825646000e-04,3.709140794e-02,3.797397254e-02
8.031000000e+00,validation,-3.332214000e-01,-3.527662211e-01,-1.954482105e-02,-9.354283000e-04,3.701143248e-02,3.794686078e-02
8.036000000e+00,validation,-3.315092000e-01,-3.511491220e-01,-1.963992196e-02,-9.881358000e-04,3.693210401e-02,3.792023981e-02
8.041000000e+00,train,-3.297967000e-01,-3.495316185e-01,-1.973491845e-02,-1.040687000e-03,3.685285723e-02,3.789354423e-02
8.046000000e+00,train,-3.280842000e-01,-3.479137717e-01,-1.982957172e-02,-1.093083000e-03,3.677409364e-02,3.786717664e-02
8.051000000e+00,train,-3.263715000e-01,-3.462956492e-01,-1.992414919e-02,-1.145322000e-03,3.669577145e-02,3.784109345e-02
8.056000000e+00,train,-3.246588000e-01,-3.446773428e-01,-2.001854281e-02,-1.197406000e-03,3.661804317e-02,3.781544917e-02
8.061000000e+00,train,-3.229460000e-01,-3.430586618e-01,-2.011266184e-02,-1.249334000e-03,3.654059354e-02,3.778992754e-02
8.066000000e+00,train,-3.212331000e-01,-3.414397050e-01,-2.020660497e-02,-1.301106000e-03,3.646358459e-02,3.776469059e-02
8.071000000e+00,train,-3.195202000e-01,-3.398205408e-01,-2.030034083e-02,-1.352723000e-03,3.638698065e-02,3.773970365e-02
8.076000000e+00,test,-3.178072000e-01,-3.382011916e-01,-2.039399162e-02,-1.404184000e-03,3.631096413e-02,3.771514813e-02
8.081000000e+00,train,-3.160942000e-01,-3.365815057e-01,-2.048730569e-02,-1.455490000e-03,3.623498828e-02,3.769047828e-02
8.086000000e+00,train,-3.143812000e-01,-3.349617405e-01,-2.058054051e-02,-1.506640000e-03,3.615977338e-02,3.766641338e-02
8.091000000e+00,train,-3.126682000e-01,-3.333417668e-01,-2.067356683e-02,-1.557636000e-03,3.608495683e-02,3.764259283e-02
8.096000000e+00,train,-3.109552000e-01,-3.317215853e-01,-2.076638533e-02,-1.608476000e-03,3.601054156e-02,3.761901756e-02
8.101000000e+00,test,-3.092422000e-01,-3.301011874e-01,-2.085898741e-02,-1.659161000e-03,3.593650865e-02,3.759566965e-02
8.106000000e+00,train,-3.075293000e-01,-3.284806494e-01,-2.095134943e-02,-1.709691000e-03,3.586283632e-02,3.757252732e-02
8.111000000e+00,validation,-3.058165000e-01,-3.268599711e-01,-2.104347107e-02,-1.760067000e-03,3.578952287e-02,3.754958987e-02
8.116000000e+00,train,-3.041037000e-01,-3.252391824e-01,-2.113548244e-02,-1.810288000e-03,3.571676657e-02,3.752705457e-02
8.121000000e+00,test,-3.023910000e-01,-3.236183518e-01,-2.122735181e-02,-1.860354000e-03,3.564452940e-02,3.750488340e-02
8.126000000e+00,validation,-3.006783000e-01,-3.219972740e-01,-2.131897402e-02,-1.910266000e-03,3.557247167e-02,3.748273767e-02
8.131000000e+00,train,-2.989658000e-01,-3.203762530e-01,-2.141045302e-02,-1.960023000e-03,3.550109534e-02,3.746111834e-02
8.136000000e+00,test,-2.972535000e-01,-3.187550908e-01,-2.150159078e-02,-2.009626000e-03,3.543007234e-02,3.743969834e-02
8.141000000e+00,train,-2.955412000e-01,-3.171338480e-01,-2.159264802e-02,-2.059075000e-03,3.535935083e-02,3.741842583e-02
8.146000000e+00,train,-2.938291000e-01,-3.155125699e-01,-2.168346987e-02,-2.108370000e-03,3.528915596e-02,3.739752596e-02
8.151000000e+00,train,-2.921172000e-01,-3.138912112e-01,-2.177401123e-02,-2.157511000e-03,3.521926213e-02,3.737677313e-02
8.156000000e+00,train,-2.904054000e-01,-3.122697720e-01,-2.186437202e-02,-2.206498000e-03,3.514966854e-02,3.735616654e-02
8.161000000e+00,train,-2.886939000e-01,-3.106484943e-01,-2.195459429e-02,-2.255331000e-03,3.508092267e-02,3.733625367e-02
8.166000000e+00,train,-2.869825000e-01,-3.090271054e-01,-2.204460541e-02,-2.304010000e-03,3.501227532e-02,3.731628532e-02
8.171000000e+00,validation,-2.852713000e-01,-3.074057717e-01,-2.213447173e-02,-2.352536000e-03,3.494429892e-02,3.729683492e-02
8.176000000e+00,train,-2.835604000e-01,-3.057844022e-01,-2.222400216e-02,-2.400909000e-03,3.487639293e-02,3.727730193e-02
8.181000000e+00,test,-2.818497000e-01,-3.041630803e-01,-2.231338027e-02,-2.449128000e-03,3.480914371e-02,3.725827171e-02
8.186000000e+00,train,-2.801393000e-01,-3.025418512e-01,-2.240255120e-02,-2.497194000e-03,3.474232470e-02,3.723951870e-02
8.191000000e+00,train,-2.784291000e-01,-3.009206162e-01,-2.249151617e-02,-2.545108000e-03,3.467577299e-02,3.722088099e-02
8.196000000e+00,validation,-2.767192000e-01,-2.992994668e-01,-2.258026677e-02,-2.592868000e-03,3.460963869e-02,3.720250669e-02
8.201000000e+00,train,-2.750096000e-01,-2.976784400e-01,-2.266884005e-02,-2.640475000e-03,3.454413098e-02,3.718460598e-02
8.206000000e+00,train,-2.733003000e-01,-2.960574681e-01,-2.275716807e-02,-2.687930000e-03,3.447883721e-02,3.716676721e-02
8.211000000e+00,test,-2.715914000e-01,-2.944366873e-01,-2.284528731e-02,-2.735232000e-03,3.441413213e-02,3.714936413e-02
8.216000000e+00,train,-2.698827000e-01,-2.928158993e-01,-2.293319932e-02,-2.782381000e-03,3.434968559e-02,3.713206659e-02
8.221000000e+00,test,-2.681744000e-01,-2.911953712e-01,-2.302097125e-02,-2.829378000e-03,3.428579087e-02,3.711516887e-02
8.226000000e+00,validation,-2.664664000e-01,-2.895748898e-01,-2.310848976e-02,-2.876223000e-03,3.422209147e-02,3.709831447e-02
8.231000000e+00,train,-2.647588000e-01,-2.879546061e-01,-2.319580614e-02,-2.922916000e-03,3.415898797e-02,3.708190397e-02
8.236000000e+00,train,-2.630516000e-01,-2.863344750e-01,-2.328287499e-02,-2.969457000e-03,3.409625280e-02,3.706570980e-02
8.241000000e+00,validation,-2.613448000e-01,-2.847145951e-01,-2.336979506e-02,-3.015846000e-03,3.403404765e-02,3.704989365e-02
8.246000000e+00,train,-2.596384000e-01,-2.830948751e-01,-2.345647510e-02,-3.062083000e-03,3.397222324e-02,3.703430624e-02
8.251000000e+00,test,-2.579324000e-01,-2.814752771e-01,-2.354287707e-02,-3.108169000e-03,3.391056450e-02,3.701873350e-02
8.256000000e+00,train,-2.562268000e-01,-2.798560362e-01,-2.362923619e-02,-3.154103000e-03,3.384960833e-02,3.700371133e-02
8.261000000e+00,validation,-2.545217000e-01,-2.782369470e-01,-2.371524703e-02,-3.199886000e-03,3.378901401e-02,3.698890001e-02
8.266000000e+00,test,-2.528170000e-01,-2.766180856e-01,-2.380108564e-02,-3.245518000e-03,3.372875728e-02,3.697427528e-02
8.271000000e+00,train,-2.511128000e-01,-2.749994443e-01,-2.388664431e-02,-3.290998000e-03,3.366882313e-02,3.695982113e-02
8.276000000e+00,train,-2.494091000e-01,-2.733811222e-01,-2.397202218e-02,-3.336328000e-03,3.360937519e-02,3.694570319e-02
8.281000000e+00,train,-2.477058000e-01,-2.717631562e-01,-2.405735615e-02,-3.381507000e-03,3.355062177e-02,3.693212877e-02
8.286000000e+00,test,-2.460031000e-01,-2.701453795e-01,-2.414227948e-02,-3.426535000e-03,3.349198683e-02,3.691852183e-02
8.291000000e+00,train,-2.443009000e-01,-2.685279218e-01,-2.422702179e-02,-3.471413000e-03,3.343383538e-02,3.690524838e-02
8.296000000e+00,train,-2.425992000e-01,-2.669107515e-01,-2.431155154e-02,-3.516140000e-03,3.337596000e-02,3.689210000e-02
8.301000000e+00,test,-2.408980000e-01,-2.652939070e-01,-2.439590698e-02,-3.560717000e-03,3.331857628e-02,3.687929328e-02
8.306000000e+00,train,-2.391974000e-01,-2.636773503e-01,-2.447995031e-02,-3.605144000e-03,3.326146976e-02,3.686661376e-02
8.311000000e+00,validation,-2.374973000e-01,-2.620612102e-01,-2.456391021e-02,-3.649421000e-03,3.320500029e-02,3.685442129e-02
8.316000000e+00,validation,-2.357978000e-01,-2.604454264e-01,-2.464762637e-02,-3.693548000e-03,3.314876841e-02,3.684231641e-02
8.321000000e+00,train,-2.340989000e-01,-2.588300589e-01,-2.473115886e-02,-3.737525000e-03,3.309317118e-02,3.683069618e-02
8.326000000e+00,train,-2.324006000e-01,-2.572149856e-01,-2.481438562e-02,-3.781353000e-03,3.303785631e-02,3.681920931e-02
8.331000000e+00,train,-2.307030000e-01,-2.556003596e-01,-2.489735964e-02,-3.825031000e-03,3.298292437e-02,3.680795537e-02
8.336000000e+00,train,-2.290059000e-01,-2.539861269e-01,-2.498022693e-02,-3.868560000e-03,3.292843693e-02,3.679699693e-02
8.341000000e+00,train,-2.273095000e-01,-2.523722418e-01,-2.506274183e-02,-3.911940000e-03,3.287416417e-02,3.678610417e-02
8.346000000e+00,train,-2.256137000e-01,-2.507588415e-01,-2.514514145e-02,-3.955171000e-03,3.282048437e-02,3.677565537e-02
8.351000000e+00,test,-2.239185000e-01,-2.491459022e-01,-2.522740218e-02,-3.998252000e-03,3.276720558e-02,3.676545758e-02
8.356000000e+00,train,-2.222241000e-01,-2.475333103e-01,-2.530921033e-02,-4.041186000e-03,3.271413846e-02,3.675532446e-02
8.361000000e+00,train,-2.205303000e-01,-2.459212711e-01,-2.539097105e-02,-4.083970000e-03,3.266162072e-02,3.674559072e-02
8.366000000e+00,train,-2.188372000e-01,-2.443096855e-01,-2.547248555e-02,-4.126607000e-03,3.260948927e-02,3.673609627e-02
8.371000000e+00,train,-2.171448000e-01,-2.426985530e-01,-2.555375297e-02,-4.169095000e-03,3.255773893e-02,3.672683393e-02
8.376000000e+00,train,-2.154531000e-01,-2.410879657e-01,-2.563486574e-02,-4.211434000e-03,3.250652382e-02,3.671795782e-02
8.381000000e+00,train,-2.137621000e-01,-2.394778997e-01,-2.571579965e-02,-4.253626000e-03,3.245564865e-02,3.670927465e-02
8.386000000e+00,train,-2.120719000e-01,-2.378682566e-01,-2.579635657e-02,-4.295670000e-03,3.240495404e-02,3.670062404e-02
8.391000000e+00,train,-2.103824000e-01,-2.362592639e-01,-2.587686388e-02,-4.337567000e-03,3.235496140e-02,3.669252840e-02
8.396000000e+00,train,-2.086937000e-01,-2.346506863e-01,-2.595698626e-02,-4.379315000e-03,3.230513188e-02,3.668444688e-02
8.401000000e+00,train,-2.070058000e-01,-2.330427211e-01,-2.603692114e-02,-4.420917000e-03,3.225578852e-02,3.667670552e-02
8.406000000e+00,train,-2.053186000e-01,-2.314352845e-01,-2.611668451e-02,-4.462371000e-03,3.220679387e-02,3.666916487e-02
8.411000000e+00,test,-2.036323000e-01,-2.298284529e-01,-2.619615294e-02,-4.503678000e-03,3.215827049e-02,3.666194849e-02
8.416000000e+00,train,-2.019467000e-01,-2.282221198e-01,-2.627541981e-02,-4.544838000e-03,3.210989505e-02,3.665473305e-02
8.421000000e+00,train,-2.002620000e-01,-2.266165196e-01,-2.635451962e-02,-4.585852000e-03,3.206234574e-02,3.664819774e-02
8.426000000e+00,train,-1.985780000e-01,-2.250113803e-01,-2.643338030e-02,-4.626719000e-03,3.201472980e-02,3.664144880e-02
8.431000000e+00,validation,-1.968950000e-01,-2.234069587e-01,-2.651195867e-02,-4.667439000e-03,3.196776483e-02,3.663520383e-02
8.436000000e+00,train,-1.952127000e-01,-2.218031412e-01,-2.659044124e-02,-4.708013000e-03,3.192126262e-02,3.662927562e-02
8.441000000e+00,train,-1.935314000e-01,-2.201998827e-01,-2.666848267e-02,-4.748441000e-03,3.187484915e-02,3.662329015e-02
8.446000000e+00,train,-1.918508000e-01,-2.185974331e-01,-2.674663306e-02,-4.788723000e-03,3.182923277e-02,3.661795577e-02
8.451000000e+00,train,-1.901712000e-01,-2.169954353e-01,-2.682423534e-02,-4.828859000e-03,3.178352411e-02,3.661238311e-02
8.456000000e+00,train,-1.884925000e-01,-2.153942243e-01,-2.690172435e-02,-4.868850000e-03,3.173842667e-02,3.660727667e-02
8.461000000e+00,test,-1.868147000e-01,-2.137936850e-01,-2.697898497e-02,-4.908694000e-03,3.169374324e-02,3.660243724e-02
8.466000000e+00,test,-1.851378000e-01,-2.121938257e-01,-2.705602573e-02,-4.948394000e-03,3.164949209e-02,3.659788609e-02
8.471000000e+00,train,-1.834618000e-01,-2.105947217e-01,-2.713292171e-02,-4.987948000e-03,3.160564203e-02,3.659359003e-02
8.476000000e+00,validation,-1.817867000e-01,-2.089962594e-01,-2.720955939e-02,-5.027358000e-03,3.156200478e-02,3.658936278e-02
8.481000000e+00,train,-1.801126000e-01,-2.073984765e-01,-2.728587649e-02,-5.066622000e-03,3.151879317e-02,3.658541517e-02
8.486000000e+00,train,-1.784395000e-01,-2.058015474e-01,-2.736204741e-02,-5.105742000e-03,3.147614110e-02,3.658188310e-02
8.491000000e+00,train,-1.767673000e-01,-2.042052524e-01,-2.743795236e-02,-5.144717000e-03,3.143368463e-02,3.657840163e-02
8.496000000e+00,test,-1.750961000e-01,-2.026096817e-01,-2.751358174e-02,-5.183548000e-03,3.139142128e-02,3.657496928e-02
8.501000000e+00,test,-1.734259000e-01,-2.010149803e-01,-2.758908026e-02,-5.222235000e-03,3.134988874e-02,3.657212374e-02
8.506000000e+00,train,-1.717567000e-01,-1.994209960e-01,-2.766429598e-02,-5.260778000e-03,3.130853535e-02,3.656931335e-02
8.511000000e+00,train,-1.700885000e-01,-1.978278575e-01,-2.773935755e-02,-5.299176000e-03,3.126772080e-02,3.656689680e-02
8.516000000e+00,train,-1.684213000e-01,-1.962354287e-01,-2.781412869e-02,-5.337431000e-03,3.122706940e-02,3.656450040e-02
8.521000000e+00,train,-1.667552000e-01,-1.946438458e-01,-2.788864579e-02,-5.375543000e-03,3.118695541e-02,3.656249841e-02
8.526000000e+00,train,-1.650901000e-01,-1.930530705e-01,-2.796297047e-02,-5.413511000e-03,3.114716039e-02,3.656067139e-02
8.531000000e+00,train,-1.634261000e-01,-1.914631030e-01,-2.803700296e-02,-5.451336000e-03,3.110768477e-02,3.655902077e-02
8.536000000e+00,validation,-1.617631000e-01,-1.898739509e-01,-2.811085085e-02,-5.489018000e-03,3.106854117e-02,3.655755917e-02
8.541000000e+00,train,-1.601012000e-01,-1.882857052e-01,-2.818450515e-02,-5.526557000e-03,3.102987596e-02,3.655643296e-02
8.546000000e+00,train,-1.584404000e-01,-1.866982746e-01,-2.825787457e-02,-5.563953000e-03,3.099153927e-02,3.655549227e-02
8.551000000e+00,train,-1.567806000e-01,-1.851117123e-01,-2.833111235e-02,-5.601207000e-03,3.095346306e-02,3.655467006e-02
8.556000000e+00,validation,-1.551220000e-01,-1.835259954e-01,-2.840399539e-02,-5.638318000e-03,3.091591370e-02,3.655423170e-02
8.561000000e+00,train,-1.534645000e-01,-1.819412154e-01,-2.847671535e-02,-5.675287000e-03,3.087858389e-02,3.655387089e-02
8.566000000e+00,validation,-1.518081000e-01,-1.803572803e-01,-2.854918029e-02,-5.712114000e-03,3.084177742e-02,3.655389142e-02
8.571000000e+00,validation,-1.501528000e-01,-1.787742889e-01,-2.862148892e-02,-5.748800000e-03,3.080519799e-02,3.655399799e-02
8.576000000e+00,validation,-1.484987000e-01,-1.771921964e-01,-2.869349642e-02,-5.785343000e-03,3.076907590e-02,3.655441890e-02
8.581000000e+00,validation,-1.468458000e-01,-1.756109563e-01,-2.876515627e-02,-5.821745000e-03,3.073302985e-02,3.655477485e-02
8.586000000e+00,validation,-1.451940000e-01,-1.740308117e-01,-2.883681171e-02,-5.858006000e-03,3.069775849e-02,3.655576449e-02
8.591000000e+00,test,-1.435434000e-01,-1.724514435e-01,-2.890804351e-02,-5.894126000e-03,3.066258678e-02,3.655671278e-02
8.596000000e+00,test,-1.418940000e-01,-1.708731108e-01,-2.897911084e-02,-5.930104000e-03,3.062778798e-02,3.655789198e-02
8.601000000e+00,train,-1.402457000e-01,-1.692957592e-01,-2.905005919e-02,-5.965942000e-03,3.059342182e-02,3.655936382e-02
8.606000000e+00,train,-1.385987000e-01,-1.677193662e-01,-2.912066621e-02,-6.001639000e-03,3.055944759e-02,3.656108659e-02
8.611000000e+00,train,-1.369529000e-01,-1.661439241e-01,-2.919102411e-02,-6.037196000e-03,3.052570352e-02,3.656289952e-02
8.616000000e+00,train,-1.353083000e-01,-1.645695095e-01,-2.926120947e-02,-6.072612000e-03,3.049231130e-02,3.656492330e-02
8.621000000e+00,train,-1.336650000e-01,-1.629960678e-01,-2.933106775e-02,-6.107889000e-03,3.045933075e-02,3.656721975e-02
8.626000000e+00,train,-1.320229000e-01,-1.614236686e-01,-2.940076855e-02,-6.143025000e-03,3.042672722e-02,3.656975222e-02
8.631000000e+00,train,-1.303820000e-01,-1.598521969e-01,-2.947019692e-02,-6.178022000e-03,3.039430454e-02,3.657232654e-02
8.636000000e+00,test,-1.287425000e-01,-1.582818661e-01,-2.953936605e-02,-6.212879000e-03,3.036241563e-02,3.657529463e-02
8.641000000e+00,test,-1.271041000e-01,-1.567125392e-01,-2.960843923e-02,-6.247596000e-03,3.033068187e-02,3.657827787e-02
8.646000000e+00,train,-1.254671000e-01,-1.551442768e-01,-2.967717681e-02,-6.282175000e-03,3.029950359e-02,3.658167859e-02
8.651000000e+00,test,-1.238314000e-01,-1.535770179e-01,-2.974561789e-02,-6.316614000e-03,3.026847532e-02,3.658508932e-02
8.656000000e+00,train,-1.221970000e-01,-1.520108915e-01,-2.981389155e-02,-6.350914000e-03,3.023795908e-02,3.658887308e-02
8.661000000e+00,train,-1.205638000e-01,-1.504457618e-01,-2.988196177e-02,-6.385076000e-03,3.020757999e-02,3.659265599e-02
8.666000000e+00,train,-1.189320000e-01,-1.488818402e-01,-2.994984024e-02,-6.419100000e-03,3.017768286e-02,3.659678286e-02
8.671000000e+00,train,-1.173016000e-01,-1.473189448e-01,-3.001734475e-02,-6.452985000e-03,3.014811761e-02,3.660110261e-02
8.676000000e+00,train,-1.156725000e-01,-1.457571515e-01,-3.008465146e-02,-6.486731000e-03,3.011885781e-02,3.660558881e-02
8.681000000e+00,train,-1.140447000e-01,-1.441964605e-01,-3.015176053e-02,-6.520340000e-03,3.008990318e-02,3.661024318e-02
8.686000000e+00,train,-1.124183000e-01,-1.426369624e-01,-3.021866235e-02,-6.553811000e-03,3.006139615e-02,3.661520715e-02
8.691000000e+00,train,-1.107932000e-01,-1.410784602e-01,-3.028526021e-02,-6.587145000e-03,3.003301636e-02,3.662016136e-02
8.696000000e+00,train,-1.091696000e-01,-1.395212573e-01,-3.035165727e-02,-6.620341000e-03,3.000525794e-02,3.662559894e-02
8.701000000e+00,train,-1.075473000e-01,-1.379651180e-01,-3.041781800e-02,-6.653400000e-03,2.997758020e-02,3.663098020e-02
8.706000000e+00,train,-1.059264000e-01,-1.364101794e-01,-3.048377942e-02,-6.686322000e-03,2.995036097e-02,3.663668297e-02
8.711000000e+00,train,-1.043070000e-01,-1.348563958e-01,-3.054939584e-02,-6.719107000e-03,2.992336851e-02,3.664247551e-02
8.716000000e+00,train,-1.026889000e-01,-1.333037134e-01,-3.061481340e-02,-6.751755000e-03,2.989666633e-02,3.664842133e-02
8.721000000e+00,train,-1.010723000e-01,-1.317522926e-01,-3.067999257e-02,-6.784267000e-03,2.987036541e-02,3.665463241e-02
8.726000000e+00,test,-9.945708000e-02,-1.302021255e-01,-3.074504546e-02,-6.816642000e-03,2.984444889e-02,3.666109089e-02
8.731000000e+00,train,-9.784333000e-02,-1.286530593e-01,-3.080972928e-02,-6.848882000e-03,2.981881795e-02,3.666769995e-02
8.736000000e+00,train,-9.623103000e-02,-1.271053225e-01,-3.087429253e-02,-6.880985000e-03,2.979354117e-02,3.667452617e-02
8.741000000e+00,validation,-9.462019000e-02,-1.255587466e-01,-3.093855659e-02,-6.912953000e-03,2.976852265e-02,3.668147565e-02
8.746000000e+00,train,-9.301083000e-02,-1.240133267e-01,-3.100249668e-02,-6.944785000e-03,2.974369324e-02,3.668847824e-02
8.751000000e+00,train,-9.140294000e-02,-1.224692527e-01,-3.106631268e-02,-6.976482000e-03,2.971936051e-02,3.669584251e-02
8.756000000e+00,train,-8.979654000e-02,-1.209264271e-01,-3.112988710e-02,-7.008043000e-03,2.969533392e-02,3.670337692e-02
8.761000000e+00,train,-8.819164000e-02,-1.193847512e-01,-3.119311118e-02,-7.039470000e-03,2.967145074e-02,3.671092074e-02
8.766000000e+00,train,-8.658824000e-02,-1.178445079e-01,-3.125626791e-02,-7.070761000e-03,2.964814183e-02,3.671890283e-02
8.771000000e+00,train,-8.498637000e-02,-1.163053974e-01,-3.131902743e-02,-7.101919000e-03,2.962489829e-02,3.672681729e-02
8.776000000e+00,train,-8.338601000e-02,-1.147676174e-01,-3.138160740e-02,-7.132941000e-03,2.960204256e-02,3.673498356e-02
8.781000000e+00,train,-8.178719000e-02,-1.132311725e-01,-3.144398253e-02,-7.163830000e-03,2.957956802e-02,3.674339802e-02
8.786000000e+00,train,-8.018991000e-02,-1.116960412e-01,-3.150613123e-02,-7.194584000e-03,2.955740321e-02,3.675198721e-02
8.791000000e+00,train,-7.859418000e-02,-1.101621395e-01,-3.156795948e-02,-7.225205000e-03,2.953541097e-02,3.676061597e-02
8.796000000e+00,validation,-7.700001000e-02,-1.086296579e-01,-3.162964789e-02,-7.255691000e-03,2.951390261e-02,3.676959361e-02
8.801000000e+00,test,-7.540741000e-02,-1.070983816e-01,-3.169097156e-02,-7.286045000e-03,2.949247561e-02,3.677852061e-02
8.806000000e+00,train,-7.381638000e-02,-1.055685164e-01,-3.175213644e-02,-7.316265000e-03,2.947147007e-02,3.678773507e-02
8.811000000e+00,train,-7.222694000e-02,-1.040399627e-01,-3.181302266e-02,-7.346352000e-03,2.945071741e-02,3.679706941e-02
8.816000000e+00,train,-7.063910000e-02,-1.025128134e-01,-3.187371341e-02,-7.376306000e-03,2.943033994e-02,3.680664594e-02
8.821000000e+00,train,-6.905285000e-02,-1.009870584e-01,-3.193420845e-02,-7.406127000e-03,2.941030415e-02,3.681643115e-02
8.826000000e+00,test,-6.746822000e-02,-9.946259788e-02,-3.199437788e-02,-7.435816000e-03,2.939044133e-02,3.682625733e-02
8.831000000e+00,validation,-6.588521000e-02,-9.793953271e-02,-3.205432271e-02,-7.465372000e-03,2.937088898e-02,3.683626098e-02
8.836000000e+00,train,-6.430383000e-02,-9.641785809e-02,-3.211402809e-02,-7.494796000e-03,2.935165042e-02,3.684644642e-02
8.841000000e+00,train,-6.272408000e-02,-9.489757244e-02,-3.217349244e-02,-7.524089000e-03,2.933267738e-02,3.685676638e-02
8.846000000e+00,train,-6.114598000e-02,-9.337875952e-02,-3.223277952e-02,-7.553249000e-03,2.931410290e-02,3.686735190e-02
8.851000000e+00,validation,-5.956953000e-02,-9.186123651e-02,-3.229170651e-02,-7.582278000e-03,2.929562819e-02,3.687790619e-02
8.856000000e+00,train,-5.799474000e-02,-9.034517703e-02,-3.235043703e-02,-7.611176000e-03,2.927748825e-02,3.688866425e-02
8.861000000e+00,train,-5.642162000e-02,-8.883059162e-02,-3.240897162e-02,-7.639942000e-03,2.925971534e-02,3.689965734e-02
8.866000000e+00,train,-5.485018000e-02,-8.731748444e-02,-3.246730444e-02,-7.668578000e-03,2.924230000e-02,3.691087800e-02
8.871000000e+00,validation,-5.328043000e-02,-8.580572821e-02,-3.252529821e-02,-7.697082000e-03,2.922499856e-02,3.692208056e-02
8.876000000e+00,train,-5.171237000e-02,-8.429544683e-02,-3.258307683e-02,-7.725456000e-03,2.920802986e-02,3.693348586e-02
8.881000000e+00,train,-5.014602000e-02,-8.278661682e-02,-3.264059682e-02,-7.753700000e-03,2.919130811e-02,3.694500811e-02
8.886000000e+00,train,-4.858137000e-02,-8.127933644e-02,-3.269796644e-02,-7.781813000e-03,2.917499065e-02,3.695680365e-02
8.891000000e+00,train,-4.701845000e-02,-7.977351119e-02,-3.275506119e-02,-7.809797000e-03,2.915890700e-02,3.696870400e-02
8.896000000e+00,test,-4.545725000e-02,-7.826913373e-02,-3.281188373e-02,-7.837650000e-03,2.914304305e-02,3.698069305e-02
8.901000000e+00,train,-4.389779000e-02,-7.676620849e-02,-3.286841849e-02,-7.865374000e-03,2.912739065e-02,3.699276465e-02
8.906000000e+00,validation,-4.234008000e-02,-7.526481312e-02,-3.292473312e-02,-7.892968000e-03,2.911204193e-02,3.700500993e-02
8.911000000e+00,test,-4.078411000e-02,-7.376496576e-02,-3.298085576e-02,-7.920434000e-03,2.909704347e-02,3.701747747e-02
8.916000000e+00,validation,-3.922991000e-02,-7.226664195e-02,-3.303673195e-02,-7.947770000e-03,2.908230422e-02,3.703007422e-02
8.921000000e+00,train,-3.767747000e-02,-7.076984918e-02,-3.309237918e-02,-7.974977000e-03,2.906783623e-02,3.704281323e-02
8.926000000e+00,train,-3.612681000e-02,-6.927448868e-02,-3.314767868e-02,-8.002056000e-03,2.905347672e-02,3.705553272e-02
8.931000000e+00,train,-3.457793000e-02,-6.778075487e-02,-3.320282487e-02,-8.029006000e-03,2.903952651e-02,3.706853251e-02
8.936000000e+00,train,-3.303084000e-02,-6.628863410e-02,-3.325779410e-02,-8.055828000e-03,2.902592969e-02,3.708175769e-02
8.941000000e+00,train,-3.148556000e-02,-6.479793961e-02,-3.331237961e-02,-8.082522000e-03,2.901239716e-02,3.709491916e-02
8.946000000e+00,test,-2.994208000e-02,-6.330885186e-02,-3.336677186e-02,-8.109088000e-03,2.899917350e-02,3.710826150e-02
8.951000000e+00,train,-2.840041000e-02,-6.182138110e-02,-3.342097110e-02,-8.135527000e-03,2.898628968e-02,3.712181668e-02
8.956000000e+00,validation,-2.686057000e-02,-6.033550714e-02,-3.347493714e-02,-8.161838000e-03,2.897368128e-02,3.713551928e-02
8.961000000e+00,train,-2.532255000e-02,-5.885114542e-02,-3.352859542e-02,-8.188022000e-03,2.896120847e-02,3.714923047e-02
8.966000000e+00,test,-2.378638000e-02,-5.736838451e-02,-3.358200451e-02,-8.214078000e-03,2.894899921e-02,3.716307721e-02
8.971000000e+00,train,-2.225205000e-02,-5.588731953e-02,-3.363526953e-02,-8.240008000e-03,2.893718992e-02,3.717719792e-02
8.976000000e+00,train,-2.071958000e-02,-5.440775021e-02,-3.368817021e-02,-8.265811000e-03,2.892543794e-02,3.719124894e-02
8.981000000e+00,train,-1.918896000e-02,-5.292986702e-02,-3.374090702e-02,-8.291488000e-03,2.891405308e-02,3.720554108e-02
8.986000000e+00,train,-1.766022000e-02,-5.145357454e-02,-3.379335454e-02,-8.317038000e-03,2.890286024e-02,3.721989824e-02
8.991000000e+00,train,-1.613335000e-02,-4.997896626e-02,-3.384561626e-02,-8.342463000e-03,2.889198282e-02,3.723444582e-02
8.996000000e+00,train,-1.460837000e-02,-4.850593851e-02,-3.389756851e-02,-8.367761000e-03,2.888126256e-02,3.724902356e-02
9.001000000e+00,train,-1.308527000e-02,-4.703458414e-02,-3.394931414e-02,-8.392934000e-03,2.887081963e-02,3.726375363e-02
9.006000000e+00,test,-1.156408000e-02,-4.556491074e-02,-3.400083074e-02,-8.417981000e-03,2.886066663e-02,3.727864763e-02
9.011000000e+00,train,-1.004479000e-02,-4.409690417e-02,-3.405211417e-02,-8.442903000e-03,2.885074500e-02,3.729364800e-02
9.016000000e+00,validation,-8.527413000e-03,-4.263056763e-02,-3.410315463e-02,-8.467700000e-03,2.884107456e-02,3.730877456e-02
9.021000000e+00,validation,-7.011958000e-03,-4.116588262e-02,-3.415392462e-02,-8.492372000e-03,2.883159370e-02,3.732396570e-02
9.026000000e+00,train,-5.498432000e-03,-3.970289142e-02,-3.420445942e-02,-8.516920000e-03,2.882235627e-02,3.733927627e-02
9.031000000e+00,test,-3.986842000e-03,-3.824159290e-02,-3.425475090e-02,-8.541343000e-03,2.881335458e-02,3.735469758e-02
9.036000000e+00,train,-2.477195000e-03,-3.678198837e-02,-3.430479337e-02,-8.565641000e-03,2.880457338e-02,3.737021438e-02
9.041000000e+00,train,-9.694978000e-04,-3.532410173e-02,-3.435460393e-02,-8.589816000e-03,2.879604325e-02,3.738585925e-02
9.046000000e+00,train,5.362418000e-04,-3.386792716e-02,-3.440416896e-02,-8.613867000e-03,2.878773772e-02,3.740160472e-02
9.051000000e+00,train,2.040017000e-03,-3.241347465e-02,-3.445349165e-02,-8.637794000e-03,2.877965923e-02,3.741745323e-02
9.056000000e+00,train,3.541820000e-03,-3.096074949e-02,-3.450256949e-02,-8.661598000e-03,2.877180524e-02,3.743340324e-02
9.061000000e+00,test,5.041644000e-03,-2.950975416e-02,-3.455139816e-02,-8.685278000e-03,2.876416393e-02,3.744944193e-02
9.066000000e+00,train,6.539482000e-03,-2.806051131e-02,-3.459999331e-02,-8.708836000e-03,2.875676302e-02,3.746559902e-02
9.071000000e+00,train,8.035326000e-03,-2.661302067e-02,-3.464834667e-02,-8.732270000e-03,2.874958517e-02,3.748185517e-02
9.076000000e+00,train,9.529171000e-03,-2.516729027e-02,-3.469646127e-02,-8.755582000e-03,2.874263330e-02,3.749821530e-02
9.081000000e+00,train,1.102101000e-02,-2.372331024e-02,-3.474432024e-02,-8.778771000e-03,2.873587648e-02,3.751464748e-02
9.086000000e+00,train,1.251083000e-02,-2.228111266e-02,-3.479194266e-02,-8.801838000e-03,2.872935517e-02,3.753119317e-02
9.091000000e+00,test,1.399863000e-02,-2.084069046e-02,-3.483932046e-02,-8.824784000e-03,2.872304358e-02,3.754782758e-02
9.096000000e+00,train,1.548440000e-02,-1.940205232e-02,-3.488645232e-02,-8.847607000e-03,2.871694832e-02,3.756455532e-02
9.101000000e+00,validation,1.696814000e-02,-1.796521103e-02,-3.493335103e-02,-8.870309000e-03,2.871106761e-02,3.758137661e-02
9.106000000e+00,test,1.844984000e-02,-1.653016904e-02,-3.498000904e-02,-8.892889000e-03,2.870540287e-02,3.759829187e-02
9.111000000e+00,train,1.992948000e-02,-1.509692775e-02,-3.502640775e-02,-8.915348000e-03,2.869992539e-02,3.761527339e-02
9.116000000e+00,train,2.140708000e-02,-1.366550474e-02,-3.507258474e-02,-8.937686000e-03,2.869467494e-02,3.763236094e-02
9.121000000e+00,train,2.288260000e-02,-1.223590203e-02,-3.511850203e-02,-8.959903000e-03,2.868964037e-02,3.764954337e-02
9.126000000e+00,train,2.435606000e-02,-1.080812594e-02,-3.516418594e-02,-8.981999000e-03,2.868479900e-02,3.766679800e-02
9.131000000e+00,train,2.582744000e-02,-9.382178545e-03,-3.520961855e-02,-9.003975000e-03,2.868015038e-02,3.768412538e-02
9.136000000e+00,train,2.729674000e-02,-7.958077287e-03,-3.525481729e-02,-9.025831000e-03,2.867572310e-02,3.770155410e-02
9.141000000e+00,train,2.876395000e-02,-6.535825864e-03,-3.529977586e-02,-9.047567000e-03,2.867149064e-02,3.771905764e-02
9.146000000e+00,train,3.022907000e-02,-5.115419840e-03,-3.534448984e-02,-9.069183000e-03,2.866745844e-02,3.773664144e-02
9.151000000e+00,train,3.169208000e-02,-3.696869851e-03,-3.538894985e-02,-9.090680000e-03,2.866359629e-02,3.775427629e-02
9.156000000e+00,train,3.315298000e-02,-2.280199168e-03,-3.543317917e-02,-9.112057000e-03,2.865997211e-02,3.777202911e-02
9.161000000e+00,train,3.461176000e-02,-8.654010263e-04,-3.547716103e-02,-9.133315000e-03,2.865652594e-02,3.778984094e-02
9.166000000e+00,train,3.606843000e-02,5.475245732e-04,-3.552090543e-02,-9.154454000e-03,2.865325628e-02,3.780771028e-02
9.171000000e+00,test,3.752296000e-02,1.958567787e-03,-3.556439221e-02,-9.175474000e-03,2.865017762e-02,3.782565162e-02
9.176000000e+00,train,3.897536000e-02,3.367702171e-03,-3.560765783e-02,-9.196375000e-03,2.864731577e-02,3.784369077e-02
9.181000000e+00,train,4.042561000e-02,4.774940574e-03,-3.565066943e-02,-9.217158000e-03,2.864463316e-02,3.786179116e-02
9.186000000e+00,train,4.187372000e-02,6.180280727e-03,-3.569343927e-02,-9.237823000e-03,2.864213035e-02,3.787995335e-02
9.191000000e+00,train,4.331967000e-02,7.583698511e-03,-3.573597149e-02,-9.258370000e-03,2.863983085e-02,3.789820085e-02
9.196000000e+00,train,4.476346000e-02,8.985207380e-03,-3.577825262e-02,-9.278800000e-03,2.863767953e-02,3.791647953e-02
9.201000000e+00,validation,4.620508000e-02,1.038478413e-02,-3.582029587e-02,-9.299112000e-03,2.863574407e-02,3.793485607e-02
9.206000000e+00,train,4.764453000e-02,1.178242545e-02,-3.586210455e-02,-9.319306000e-03,2.863398150e-02,3.795328750e-02
9.211000000e+00,train,4.908179000e-02,1.317814155e-02,-3.590364845e-02,-9.339383000e-03,2.863237257e-02,3.797175557e-02
9.216000000e+00,test,5.051687000e-02,1.457190258e-02,-3.594496742e-02,-9.359343000e-03,2.863096529e-02,3.799030829e-02
9.221000000e+00,train,5.194976000e-02,1.596371927e-02,-3.598604073e-02,-9.379187000e-03,2.862972328e-02,3.800891028e-02
9.226000000e+00,train,5.338045000e-02,1.735356978e-02,-3.602688022e-02,-9.398914000e-03,2.862866796e-02,3.802758196e-02
9.231000000e+00,train,5.480893000e-02,1.874146237e-02,-3.606746763e-02,-9.418525000e-03,2.862776609e-02,3.804629109e-02
9.236000000e+00,validation,5.623520000e-02,2.012738644e-02,-3.610781356e-02,-9.438020000e-03,2.862705037e-02,3.806507037e-02
9.241000000e+00,train,5.765925000e-02,2.151132860e-02,-3.614792140e-02,-9.457398000e-03,2.862650943e-02,3.808390743e-02
9.246000000e+00,train,5.908108000e-02,2.289329368e-02,-3.618778632e-02,-9.476661000e-03,2.862613226e-02,3.810279326e-02
9.251000000e+00,validation,6.050068000e-02,2.427327299e-02,-3.622740701e-02,-9.495809000e-03,2.862590265e-02,3.812171165e-02
9.256000000e+00,train,6.191804000e-02,2.565125038e-02,-3.626678962e-02,-9.514841000e-03,2.862585911e-02,3.814070011e-02
9.261000000e+00,test,6.333316000e-02,2.702722976e-02,-3.630593024e-02,-9.533758000e-03,2.862597881e-02,3.815973681e-02
9.266000000e+00,test,6.474603000e-02,2.840120368e-02,-3.634482632e-02,-9.552561000e-03,2.862625573e-02,3.817881673e-02
9.271000000e+00,test,6.615665000e-02,2.977316060e-02,-3.638348940e-02,-9.571248000e-03,2.862670954e-02,3.819795754e-02
9.276000000e+00,train,6.756500000e-02,3.114310715e-02,-3.642189285e-02,-9.589822000e-03,2.862729252e-02,3.821711452e-02
9.281000000e+00,train,6.897109000e-02,3.251102266e-02,-3.646006734e-02,-9.608280000e-03,2.862805669e-02,3.823633669e-02
9.286000000e+00,validation,7.037491000e-02,3.387691393e-02,-3.649799607e-02,-9.626625000e-03,2.862895399e-02,3.825557899e-02
9.291000000e+00,train,7.177645000e-02,3.524076267e-02,-3.653568733e-02,-9.644856000e-03,2.863001677e-02,3.827487277e-02
9.296000000e+00,validation,7.317571000e-02,3.660256971e-02,-3.657314029e-02,-9.662974000e-03,2.863123792e-02,3.829421192e-02
9.301000000e+00,train,7.457268000e-02,3.796232821e-02,-3.661035179e-02,-9.680978000e-03,2.863261513e-02,3.831359313e-02
9.306000000e+00,train,7.596735000e-02,3.932003616e-02,-3.664731384e-02,-9.698869000e-03,2.863411664e-02,3.833298564e-02
9.311000000e+00,train,7.735972000e-02,4.067568236e-02,-3.668403764e-02,-9.716646000e-03,2.863578797e-02,3.835243397e-02
9.316000000e+00,train,7.874978000e-02,4.202926239e-02,-3.672051761e-02,-9.734311000e-03,2.863759318e-02,3.837190418e-02
9.321000000e+00,train,8.013753000e-02,4.338077261e-02,-3.675675739e-02,-9.751864000e-03,2.863954861e-02,3.839141261e-02
9.326000000e+00,validation,8.152297000e-02,4.473019885e-02,-3.679277115e-02,-9.769304000e-03,2.864166141e-02,3.841096541e-02
9.331000000e+00,train,8.290608000e-02,4.607755160e-02,-3.682852840e-02,-9.786631000e-03,2.864389640e-02,3.843052740e-02
9.336000000e+00,train,8.428685000e-02,4.742280688e-02,-3.686404312e-02,-9.803847000e-03,2.864627628e-02,3.845012328e-02
9.341000000e+00,train,8.566530000e-02,4.876596652e-02,-3.689933348e-02,-9.820951000e-03,2.864881029e-02,3.846976129e-02
9.346000000e+00,train,8.704140000e-02,5.010703160e-02,-3.693436840e-02,-9.837944000e-03,2.865146654e-02,3.848941054e-02
9.351000000e+00,train,8.841516000e-02,5.144599761e-02,-3.696916239e-02,-9.854825000e-03,2.865424757e-02,3.850907257e-02
9.356000000e+00,train,8.978656000e-02,5.278282988e-02,-3.700373012e-02,-9.871595000e-03,2.865721074e-02,3.852880574e-02
9.361000000e+00,train,9.115561000e-02,5.411755883e-02,-3.703805117e-02,-9.888254000e-03,2.866027324e-02,3.854852724e-02
9.366000000e+00,train,9.252229000e-02,5.545016791e-02,-3.707212209e-02,-9.904802000e-03,2.866345925e-02,3.856826125e-02
9.371000000e+00,train,9.388660000e-02,5.678064440e-02,-3.710595560e-02,-9.921240000e-03,2.866678828e-02,3.858802828e-02
9.376000000e+00,train,9.524855000e-02,5.810899428e-02,-3.713955572e-02,-9.937568000e-03,2.867021852e-02,3.860778652e-02
9.381000000e+00,train,9.660811000e-02,5.943519519e-02,-3.717291481e-02,-9.953785000e-03,2.867381349e-02,3.862759849e-02
9.386000000e+00,train,9.796528000e-02,6.075925263e-02,-3.720602737e-02,-9.969892000e-03,2.867751944e-02,3.864741144e-02
9.391000000e+00,train,9.932007000e-02,6.208115716e-02,-3.723891284e-02,-9.985890000e-03,2.868134879e-02,3.866723879e-02
9.396000000e+00,validation,1.006725000e-01,6.340090948e-02,-3.727159052e-02,-1.000178000e-02,2.868529648e-02,3.868707648e-02
9.401000000e+00,train,1.020225000e-01,6.471850629e-02,-3.730399371e-02,-1.001756000e-02,2.868936839e-02,3.870692839e-02
9.406000000e+00,train,1.033700000e-01,6.603392094e-02,-3.733607906e-02,-1.003323000e-02,2.869360560e-02,3.872683560e-02
9.411000000e+00,train,1.047152000e-01,6.734717872e-02,-3.736802128e-02,-1.004879000e-02,2.869788775e-02,3.874667775e-02
9.416000000e+00,train,1.060580000e-01,6.865825794e-02,-3.739974206e-02,-1.006424000e-02,2.870229470e-02,3.876653470e-02
9.421000000e+00,validation,1.073983000e-01,6.996714126e-02,-3.743115874e-02,-1.007958000e-02,2.870685455e-02,3.878643455e-02
9.426000000e+00,train,1.087362000e-01,7.127384379e-02,-3.746235621e-02,-1.009482000e-02,2.871153807e-02,3.880635807e-02
9.431000000e+00,train,1.100717000e-01,7.257837120e-02,-3.749332880e-02,-1.010995000e-02,2.871618239e-02,3.882613239e-02
9.436000000e+00,train,1.114047000e-01,7.388066804e-02,-3.752403196e-02,-1.012497000e-02,2.872118190e-02,3.884615190e-02
9.441000000e+00,validation,1.127353000e-01,7.518077750e-02,-3.755452250e-02,-1.013988000e-02,2.872615796e-02,3.886603796e-02
9.446000000e+00,validation,1.140635000e-01,7.647866887e-02,-3.758483113e-02,-1.015469000e-02,2.873131473e-02,3.888600473e-02
9.451000000e+00,validation,1.153892000e-01,7.777437078e-02,-3.761482922e-02,-1.016938000e-02,2.873644623e-02,3.890582623e-02
9.456000000e+00,validation,1.167124000e-01,7.906783562e-02,-3.764456438e-02,-1.018397000e-02,2.874178398e-02,3.892575398e-02
9.461000000e+00,train,1.180332000e-01,8.035908104e-02,-3.767411896e-02,-1.019846000e-02,2.874714341e-02,3.894560341e-02
9.466000000e+00,train,1.193515000e-01,8.164807939e-02,-3.770342061e-02,-1.021283000e-02,2.875272298e-02,3.896555298e-02
9.471000000e+00,validation,1.206673000e-01,8.293486600e-02,-3.773243400e-02,-1.022711000e-02,2.875830691e-02,3.898541691e-02
9.476000000e+00,test,1.219807000e-01,8.421942422e-02,-3.776127578e-02,-1.024127000e-02,2.876391999e-02,3.900518999e-02
9.481000000e+00,test,1.232916000e-01,8.550171261e-02,-3.778988739e-02,-1.025533000e-02,2.876978666e-02,3.902511666e-02
9.486000000e+00,train,1.245999000e-01,8.678175308e-02,-3.781814692e-02,-1.026928000e-02,2.877571064e-02,3.904499064e-02
9.491000000e+00,train,1.259058000e-01,8.805953477e-02,-3.784626523e-02,-1.028313000e-02,2.878171153e-02,3.906484153e-02
9.496000000e+00,test,1.272092000e-01,8.933508294e-02,-3.787411706e-02,-1.029687000e-02,2.878774262e-02,3.908461262e-02
9.501000000e+00,train,1.285101000e-01,9.060835334e-02,-3.790174666e-02,-1.031051000e-02,2.879387616e-02,3.910438616e-02
9.506000000e+00,train,1.298085000e-01,9.187932542e-02,-3.792917458e-02,-1.032404000e-02,2.880029898e-02,3.912433898e-02
9.511000000e+00,train,1.311044000e-01,9.314806439e-02,-3.795633561e-02,-1.033747000e-02,2.880659361e-02,3.914406361e-02
9.516000000e+00,train,1.323978000e-01,9.441451343e-02,-3.798328657e-02,-1.035079000e-02,2.881300463e-02,3.916379463e-02
9.521000000e+00,train,1.336886000e-01,9.567867234e-02,-3.800992766e-02,-1.036401000e-02,2.881953153e-02,3.918354153e-02
9.526000000e+00,train,1.349769000e-01,9.694054145e-02,-3.803635855e-02,-1.037712000e-02,2.882617124e-02,3.920329124e-02
9.531000000e+00,train,1.362627000e-01,9.820013835e-02,-3.806256165e-02,-1.039014000e-02,2.883273963e-02,3.922287963e-02
9.536000000e+00,train,1.375460000e-01,9.945739529e-02,-3.808860471e-02,-1.040304000e-02,2.883965453e-02,3.924269453e-02
9.541000000e+00,train,1.388267000e-01,1.007123802e-01,-3.811431984e-02,-1.041585000e-02,2.884649453e-02,3.926234453e-02
9.546000000e+00,train,1.401049000e-01,1.019650637e-01,-3.813983627e-02,-1.042855000e-02,2.885330445e-02,3.928185445e-02
9.551000000e+00,train,1.413805000e-01,1.032154051e-01,-3.816509492e-02,-1.044114000e-02,2.886045869e-02,3.930159869e-02
9.556000000e+00,train,1.426536000e-01,1.044634658e-01,-3.819013421e-02,-1.045364000e-02,2.886739114e-02,3.932103114e-02
9.561000000e+00,test,1.439241000e-01,1.057091644e-01,-3.821493562e-02,-1.046603000e-02,2.887469806e-02,3.934072806e-02
9.566000000e+00,train,1.451920000e-01,1.069526094e-01,-3.823939055e-02,-1.047832000e-02,2.888173542e-02,3.936005542e-02
9.571000000e+00,validation,1.464574000e-01,1.081936043e-01,-3.826379574e-02,-1.049051000e-02,2.888913309e-02,3.937964309e-02
9.576000000e+00,train,1.477202000e-01,1.094323273e-01,-3.828787271e-02,-1.050259000e-02,2.889659704e-02,3.939918704e-02
9.581000000e+00,test,1.489805000e-01,1.106687174e-01,-3.831178259e-02,-1.051458000e-02,2.890407006e-02,3.941865006e-02
9.586000000e+00,train,1.502381000e-01,1.119027817e-01,-3.833531833e-02,-1.052646000e-02,2.891153930e-02,3.943799930e-02
9.591000000e+00,validation,1.514932000e-01,1.131345054e-01,-3.835869461e-02,-1.053824000e-02,2.891902902e-02,3.945726902e-02
9.596000000e+00,train,1.527457000e-01,1.143637973e-01,-3.838190274e-02,-1.054992000e-02,2.892668510e-02,3.947660510e-02
9.601000000e+00,validation,1.539956000e-01,1.155908254e-01,-3.840477456e-02,-1.056150000e-02,2.893438420e-02,3.949588420e-02
9.606000000e+00,validation,1.552429000e-01,1.168154593e-01,-3.842744065e-02,-1.057297000e-02,2.894203056e-02,3.951500056e-02
9.611000000e+00,train,1.564876000e-01,1.180376310e-01,-3.844996898e-02,-1.058435000e-02,2.895004364e-02,3.953439364e-02
9.616000000e+00,train,1.577297000e-01,1.192575081e-01,-3.847219187e-02,-1.059563000e-02,2.895783579e-02,3.955346579e-02
9.621000000e+00,train,1.589692000e-01,1.204750301e-01,-3.849416987e-02,-1.060680000e-02,2.896581348e-02,3.957261348e-02
9.626000000e+00,train,1.602060000e-01,1.216901578e-01,-3.851584217e-02,-1.061788000e-02,2.897373318e-02,3.959161318e-02
9.631000000e+00,validation,1.614403000e-01,1.229029536e-01,-3.853734641e-02,-1.062886000e-02,2.898164343e-02,3.961050343e-02
9.636000000e+00,train,1.626719000e-01,1.241132342e-01,-3.855866579e-02,-1.063973000e-02,2.898984035e-02,3.962957035e-02
9.641000000e+00,train,1.639009000e-01,1.253211897e-01,-3.857971034e-02,-1.065051000e-02,2.899801517e-02,3.964852517e-02
9.646000000e+00,train,1.651273000e-01,1.265267285e-01,-3.860057146e-02,-1.066119000e-02,2.900631436e-02,3.966750436e-02
9.651000000e+00,validation,1.663510000e-01,1.277299739e-01,-3.862102610e-02,-1.067177000e-02,2.901437815e-02,3.968614815e-02
9.656000000e+00,train,1.675721000e-01,1.289307034e-01,-3.864139659e-02,-1.068225000e-02,2.902272672e-02,3.970497672e-02
9.661000000e+00,train,1.687906000e-01,1.301290403e-01,-3.866155972e-02,-1.069264000e-02,2.903099960e-02,3.972363960e-02
9.666000000e+00,train,1.700064000e-01,1.313249686e-01,-3.868143142e-02,-1.070292000e-02,2.903937543e-02,3.974229543e-02
9.671000000e+00,validation,1.712196000e-01,1.325184733e-01,-3.870112666e-02,-1.071311000e-02,2.904787985e-02,3.976098985e-02
9.676000000e+00,train,1.724301000e-01,1.337095011e-01,-3.872059893e-02,-1.072320000e-02,2.905644110e-02,3.977964110e-02
9.681000000e+00,train,1.736379000e-01,1.348982423e-01,-3.873965773e-02,-1.073319000e-02,2.906474783e-02,3.979793783e-02
9.686000000e+00,train,1.748431000e-01,1.360844766e-01,-3.875862338e-02,-1.074308000e-02,2.907331045e-02,3.981639045e-02
9.691000000e+00,train,1.760456000e-01,1.372682263e-01,-3.877737372e-02,-1.075288000e-02,2.908194025e-02,3.983482025e-02
9.696000000e+00,test,1.772455000e-01,1.384495681e-01,-3.879593194e-02,-1.076258000e-02,2.909066177e-02,3.985324177e-02
9.701000000e+00,train,1.784426000e-01,1.396285625e-01,-3.881403745e-02,-1.077218000e-02,2.909906536e-02,3.987124536e-02
9.706000000e+00,train,1.796371000e-01,1.408049508e-01,-3.883214918e-02,-1.078168000e-02,2.910788305e-02,3.988956305e-02
9.711000000e+00,train,1.808290000e-01,1.419790608e-01,-3.884993918e-02,-1.079109000e-02,2.911642125e-02,3.990751125e-02
9.716000000e+00,validation,1.820181000e-01,1.431505648e-01,-3.886753524e-02,-1.080041000e-02,2.912537009e-02,3.992578009e-02
9.721000000e+00,train,1.832045000e-01,1.443196303e-01,-3.888486971e-02,-1.080962000e-02,2.913414214e-02,3.994376214e-02
9.726000000e+00,test,1.843883000e-01,1.454862879e-01,-3.890201205e-02,-1.081875000e-02,2.914299804e-02,3.996174804e-02
9.731000000e+00,train,1.855693000e-01,1.466505073e-01,-3.891879266e-02,-1.082777000e-02,2.915167366e-02,3.997944366e-02
9.736000000e+00,train,1.867477000e-01,1.478121212e-01,-3.893557877e-02,-1.083670000e-02,2.916075222e-02,3.999745222e-02
9.741000000e+00,train,1.879233000e-01,1.489714032e-01,-3.895189677e-02,-1.084554000e-02,2.916947328e-02,4.001501328e-02
9.746000000e+00,train,1.890963000e-01,1.501282162e-01,-3.896808380e-02,-1.085428000e-02,2.917821674e-02,4.003249674e-02
9.751000000e+00,train,1.902665000e-01,1.512824317e-01,-3.898406829e-02,-1.086293000e-02,2.918734294e-02,4.005027294e-02
9.756000000e+00,test,1.914340000e-01,1.524342092e-01,-3.899979084e-02,-1.087148000e-02,2.919628137e-02,4.006776137e-02
9.761000000e+00,train,1.925988000e-01,1.535835254e-01,-3.901527459e-02,-1.087993000e-02,2.920522326e-02,4.008515326e-02
9.766000000e+00,validation,1.937609000e-01,1.547303049e-01,-3.903059513e-02,-1.088830000e-02,2.921413516e-02,4.010243516e-02
9.771000000e+00,train,1.949202000e-01,1.558746005e-01,-3.904559946e-02,-1.089656000e-02,2.922323747e-02,4.011979747e-02
9.776000000e+00,train,1.960769000e-01,1.570164582e-01,-3.906044182e-02,-1.090474000e-02,2.923214694e-02,4.013688694e-02
9.781000000e+00,train,1.972307000e-01,1.581557867e-01,-3.907491332e-02,-1.091282000e-02,2.924100815e-02,4.015382815e-02
9.786000000e+00,train,1.983819000e-01,1.592925254e-01,-3.908937459e-02,-1.092081000e-02,2.925022889e-02,4.017103889e-02
9.791000000e+00,test,1.995303000e-01,1.604268414e-01,-3.910345862e-02,-1.092871000e-02,2.925922425e-02,4.018793425e-02
9.796000000e+00,train,2.006760000e-01,1.615585288e-01,-3.911747118e-02,-1.093651000e-02,2.926833125e-02,4.020484125e-02
9.801000000e+00,test,2.018189000e-01,1.626878628e-01,-3.913103722e-02,-1.094422000e-02,2.927725034e-02,4.022147034e-02
9.806000000e+00,test,2.029591000e-01,1.638145383e-01,-3.914456175e-02,-1.095183000e-02,2.928648115e-02,4.023831115e-02
9.811000000e+00,train,2.040965000e-01,1.649386997e-01,-3.915780030e-02,-1.095936000e-02,2.929562850e-02,4.025498850e-02
9.816000000e+00,test,2.052312000e-01,1.660604314e-01,-3.917076861e-02,-1.096679000e-02,2.930455547e-02,4.027134547e-02
9.821000000e+00,train,2.063631000e-01,1.671795123e-01,-3.918358772e-02,-1.097413000e-02,2.931377596e-02,4.028790596e-02
9.826000000e+00,test,2.074922000e-01,1.682961785e-01,-3.919602152e-02,-1.098138000e-02,2.932274594e-02,4.030412594e-02
9.831000000e+00,train,2.086186000e-01,1.694102246e-01,-3.920837537e-02,-1.098854000e-02,2.933180044e-02,4.032034044e-02
9.836000000e+00,train,2.097422000e-01,1.705217265e-01,-3.922047346e-02,-1.099561000e-02,2.934096911e-02,4.033657911e-02
9.841000000e+00,train,2.108631000e-01,1.716307377e-01,-3.923236233e-02,-1.100258000e-02,2.934985402e-02,4.035243402e-02
9.846000000e+00,train,2.119811000e-01,1.727370759e-01,-3.924402413e-02,-1.100947000e-02,2.935921382e-02,4.036868382e-02
9.851000000e+00,train,2.130964000e-01,1.738410303e-01,-3.925536972e-02,-1.101626000e-02,2.936810961e-02,4.038436961e-02
9.856000000e+00,train,2.142089000e-01,1.749422800e-01,-3.926661999e-02,-1.102296000e-02,2.937722113e-02,4.040018113e-02
9.861000000e+00,train,2.153186000e-01,1.760410780e-01,-3.927752202e-02,-1.102958000e-02,2.938628811e-02,4.041586811e-02
9.866000000e+00,validation,2.164256000e-01,1.771372026e-01,-3.928839745e-02,-1.103610000e-02,2.939535914e-02,4.043145914e-02
9.871000000e+00,train,2.175297000e-01,1.782308899e-01,-3.929881010e-02,-1.104253000e-02,2.940435818e-02,4.044688818e-02
9.876000000e+00,validation,2.186310000e-01,1.793218964e-01,-3.930910358e-02,-1.104888000e-02,2.941337216e-02,4.046225216e-02
9.881000000e+00,train,2.197296000e-01,1.804103671e-01,-3.931923286e-02,-1.105513000e-02,2.942247134e-02,4.047760134e-02
9.886000000e+00,train,2.208253000e-01,1.814963553e-01,-3.932894467e-02,-1.106130000e-02,2.943125832e-02,4.049255832e-02
9.891000000e+00,train,2.219183000e-01,1.825796173e-01,-3.933868272e-02,-1.106737000e-02,2.944043722e-02,4.050780722e-02
9.896000000e+00,test,2.230084000e-01,1.836604038e-01,-3.934799619e-02,-1.107336000e-02,2.944929005e-02,4.052265005e-02
9.901000000e+00,train,2.240958000e-01,1.847384947e-01,-3.935730531e-02,-1.107926000e-02,2.945832642e-02,4.053758642e-02
9.906000000e+00,train,2.251803000e-01,1.858140804e-01,-3.936621957e-02,-1.108507000e-02,2.946723581e-02,4.055230581e-02
9.911000000e+00,validation,2.262620000e-01,1.868870689e-01,-3.937493108e-02,-1.109079000e-02,2.947616799e-02,4.056695799e-02
9.916000000e+00,train,2.273409000e-01,1.879574539e-01,-3.938344608e-02,-1.109643000e-02,2.948512912e-02,4.058155912e-02
9.921000000e+00,test,2.284169000e-01,1.890251732e-01,-3.939172679e-02,-1.110197000e-02,2.949406649e-02,4.059603649e-02
9.926000000e+00,train,2.294902000e-01,1.900904028e-01,-3.939979723e-02,-1.110743000e-02,2.950284285e-02,4.061027285e-02
9.931000000e+00,train,2.305606000e-01,1.911529669e-01,-3.940763306e-02,-1.111280000e-02,2.951159142e-02,4.062439142e-02
9.936000000e+00,train,2.316282000e-01,1.922129046e-01,-3.941529538e-02,-1.111809000e-02,2.952055625e-02,4.063864625e-02
9.941000000e+00,test,2.326929000e-01,1.932702761e-01,-3.942262391e-02,-1.112329000e-02,2.952932869e-02,4.065261869e-02
9.946000000e+00,train,2.337549000e-01,1.943249902e-01,-3.942990977e-02,-1.112840000e-02,2.953805336e-02,4.066645336e-02
9.951000000e+00,train,2.348139000e-01,1.953771154e-01,-3.943678455e-02,-1.113342000e-02,2.954677377e-02,4.068019377e-02
9.956000000e+00,train,2.358702000e-01,1.964266521e-01,-3.944354791e-02,-1.113836000e-02,2.955548699e-02,4.069384699e-02
9.961000000e+00,train,2.369236000e-01,1.974735315e-01,-3.945006850e-02,-1.114321000e-02,2.956414867e-02,4.070735867e-02
9.966000000e+00,train,2.379741000e-01,1.985178526e-01,-3.945624745e-02,-1.114798000e-02,2.957259665e-02,4.072057665e-02
9.971000000e+00,train,2.390218000e-01,1.995594864e-01,-3.946231357e-02,-1.115266000e-02,2.958119361e-02,4.073385361e-02
9.976000000e+00,train,2.400667000e-01,2.005984403e-01,-3.946825968e-02,-1.115725000e-02,2.958992624e-02,4.074717624e-02
9.981000000e+00,train,2.411087000e-01,2.016347747e-01,-3.947392527e-02,-1.116176000e-02,2.959838449e-02,4.076014449e-02
9.986000000e+00,train,2.421479000e-01,2.026685211e-01,-3.947937887e-02,-1.116618000e-02,2.960682619e-02,4.077300619e-02
9.991000000e+00,train,2.431841000e-01,2.036995948e-01,-3.948450516e-02,-1.117052000e-02,2.961538753e-02,4.078590753e-02
9.996000000e+00,validation,2.442176000e-01,2.047281112e-01,-3.948948879e-02,-1.117478000e-02,2.962372333e-02,4.079850333e-02
1.000100000e+01,validation,2.452481000e-01,2.057538790e-01,-3.949422103e-02,-1.117895000e-02,2.963214569e-02,4.081109569e-02
1.000600000e+01,validation,2.462758000e-01,2.067770050e-01,-3.949879498e-02,-1.118303000e-02,2.964047630e-02,4.082350630e-02
1.001100000e+01,test,2.473007000e-01,2.077975579e-01,-3.950314210e-02,-1.118703000e-02,2.964875813e-02,4.083578813e-02
1.001600000e+01,train,2.483226000e-01,2.088153932e-01,-3.950720679e-02,-1.119095000e-02,2.965691455e-02,4.084786455e-02
1.002100000e+01,train,2.493417000e-01,2.098305564e-01,-3.951114360e-02,-1.119478000e-02,2.966518136e-02,4.085996136e-02
1.002600000e+01,train,2.503579000e-01,2.108431700e-01,-3.951472998e-02,-1.119853000e-02,2.967320101e-02,4.087173101e-02
1.003100000e+01,test,2.513713000e-01,2.118530505e-01,-3.951824952e-02,-1.120220000e-02,2.968127083e-02,4.088347083e-02
1.003600000e+01,train,2.523817000e-01,2.128601601e-01,-3.952153995e-02,-1.120578000e-02,2.968960798e-02,4.089538798e-02
1.004100000e+01,test,2.533893000e-01,2.138647579e-01,-3.952454214e-02,-1.120928000e-02,2.969747619e-02,4.090675619e-02
1.004600000e+01,train,2.543940000e-01,2.148666228e-01,-3.952737725e-02,-1.121270000e-02,2.970539022e-02,4.091809022e-02
1.005100000e+01,train,2.553958000e-01,2.158658238e-01,-3.952997625e-02,-1.121604000e-02,2.971339069e-02,4.092943069e-02
1.005600000e+01,test,2.563947000e-01,2.168624136e-01,-3.953228639e-02,-1.121929000e-02,2.972108232e-02,4.094037232e-02
1.006100000e+01,train,2.573907000e-01,2.178562410e-01,-3.953445900e-02,-1.122246000e-02,2.972901762e-02,4.095147762e-02
1.006600000e+01,validation,2.583838000e-01,2.188473657e-01,-3.953643428e-02,-1.122555000e-02,2.973678968e-02,4.096233968e-02
1.007100000e+01,train,2.593740000e-01,2.198358646e-01,-3.953813535e-02,-1.122856000e-02,2.974442404e-02,4.097298404e-02
1.007600000e+01,validation,2.603614000e-01,2.208216996e-01,-3.953970044e-02,-1.123148000e-02,2.975214006e-02,4.098362006e-02
1.008100000e+01,test,2.613458000e-01,2.218048328e-01,-3.954096715e-02,-1.123433000e-02,2.975968466e-02,4.099401466e-02
1.008600000e+01,validation,2.623273000e-01,2.227852414e-01,-3.954205858e-02,-1.123709000e-02,2.976724924e-02,4.100433924e-02
1.009100000e+01,validation,2.633059000e-01,2.237630237e-01,-3.954287629e-02,-1.123977000e-02,2.977467425e-02,4.101444425e-02
1.009600000e+01,train,2.642816000e-01,2.247380128e-01,-3.954358718e-02,-1.124238000e-02,2.978207248e-02,4.102445248e-02
1.010100000e+01,train,2.652544000e-01,2.257103388e-01,-3.954406124e-02,-1.124490000e-02,2.978954309e-02,4.103444309e-02
1.010600000e+01,validation,2.662243000e-01,2.266800844e-01,-3.954421562e-02,-1.124734000e-02,2.979663545e-02,4.104397545e-02
1.011100000e+01,validation,2.671913000e-01,2.276469989e-01,-3.954430112e-02,-1.124970000e-02,2.980391714e-02,4.105361714e-02
1.011600000e+01,train,2.681554000e-01,2.286112263e-01,-3.954417367e-02,-1.125198000e-02,2.981099469e-02,4.106297469e-02
1.012100000e+01,train,2.691165000e-01,2.295728060e-01,-3.954369395e-02,-1.125418000e-02,2.981811102e-02,4.107229102e-02
1.012600000e+01,train,2.700747000e-01,2.305315928e-01,-3.954310716e-02,-1.125630000e-02,2.982519294e-02,4.108149294e-02
1.013100000e+01,train,2.710300000e-01,2.314877687e-01,-3.954223129e-02,-1.125835000e-02,2.983209790e-02,4.109044790e-02
1.013600000e+01,train,2.719824000e-01,2.324411522e-01,-3.954124783e-02,-1.126031000e-02,2.983896394e-02,4.109927394e-02
1.014100000e+01,train,2.729319000e-01,2.333919255e-01,-3.953997455e-02,-1.126219000e-02,2.984564729e-02,4.110783729e-02
1.014600000e+01,train,2.738784000e-01,2.343398828e-01,-3.953851718e-02,-1.126400000e-02,2.985248427e-02,4.111648427e-02
1.015100000e+01,train,2.748220000e-01,2.352851617e-01,-3.953683829e-02,-1.126573000e-02,2.985909108e-02,4.112482108e-02
1.015600000e+01,train,2.757627000e-01,2.362276322e-01,-3.953506782e-02,-1.126738000e-02,2.986583596e-02,4.113321596e-02
1.016100000e+01,test,2.767004000e-01,2.371675157e-01,-3.953288432e-02,-1.126895000e-02,2.987220076e-02,4.114115076e-02
1.016600000e+01,train,2.776352000e-01,2.381045915e-01,-3.953060849e-02,-1.127044000e-02,2.987869795e-02,4.114913795e-02
1.017100000e+01,test,2.785670000e-01,2.390389960e-01,-3.952800402e-02,-1.127185000e-02,2.988494898e-02,4.115679898e-02
1.017600000e+01,train,2.794960000e-01,2.399705854e-01,-3.952541463e-02,-1.127319000e-02,2.989134358e-02,4.116453358e-02
1.018100000e+01,validation,2.804219000e-01,2.408995111e-01,-3.952238889e-02,-1.127445000e-02,2.989747526e-02,4.117192526e-02
1.018600000e+01,train,2.813450000e-01,2.418257210e-01,-3.951927900e-02,-1.127564000e-02,2.990358626e-02,4.117922626e-02
1.019100000e+01,train,2.822651000e-01,2.427491685e-01,-3.951593149e-02,-1.127674000e-02,2.990959234e-02,4.118633234e-02
1.019600000e+01,train,2.831822000e-01,2.436698084e-01,-3.951239161e-02,-1.127777000e-02,2.991572470e-02,4.119349470e-02
1.020100000e+01,test,2.840964000e-01,2.445877848e-01,-3.950861521e-02,-1.127872000e-02,2.992158930e-02,4.120030930e-02
1.020600000e+01,validation,2.850077000e-01,2.455029843e-01,-3.950471565e-02,-1.127960000e-02,2.992737089e-02,4.120697089e-02
1.021100000e+01,train,2.859160000e-01,2.464154901e-01,-3.950050989e-02,-1.128040000e-02,2.993308781e-02,4.121348781e-02
1.021600000e+01,train,2.868213000e-01,2.473252341e-01,-3.949606587e-02,-1.128113000e-02,2.993869200e-02,4.121982200e-02
1.022100000e+01,test,2.877237000e-01,2.482322085e-01,-3.949149149e-02,-1.128177000e-02,2.994419767e-02,4.122596767e-02
1.022600000e+01,train,2.886231000e-01,2.491364826e-01,-3.948661742e-02,-1.128235000e-02,2.994964501e-02,4.123199501e-02
1.023100000e+01,train,2.895196000e-01,2.500379028e-01,-3.948169722e-02,-1.128284000e-02,2.995512708e-02,4.123796708e-02
1.023600000e+01,test,2.904131000e-01,2.509366603e-01,-3.947643968e-02,-1.128327000e-02,2.996033064e-02,4.124360064e-02
1.024100000e+01,test,2.913037000e-01,2.518326560e-01,-3.947104398e-02,-1.128361000e-02,2.996541706e-02,4.124902706e-02
1.024600000e+01,validation,2.921913000e-01,2.527258597e-01,-3.946544034e-02,-1.128389000e-02,2.997058985e-02,4.125447985e-02
1.025100000e+01,train,2.930759000e-01,2.536163092e-01,-3.945959076e-02,-1.128409000e-02,2.997562830e-02,4.125971830e-02
1.025600000e+01,train,2.939576000e-01,2.545039969e-01,-3.945360307e-02,-1.128421000e-02,2.998054699e-02,4.126475699e-02
1.026100000e+01,test,2.948363000e-01,2.553889999e-01,-3.944730007e-02,-1.128426000e-02,2.998537021e-02,4.126963021e-02
1.026600000e+01,test,2.957121000e-01,2.562711796e-01,-3.944092040e-02,-1.128423000e-02,2.999001520e-02,4.127424520e-02
1.027100000e+01,train,2.965848000e-01,2.571505824e-01,-3.943421759e-02,-1.128414000e-02,2.999471365e-02,4.127885365e-02
1.027600000e+01,train,2.974546000e-01,2.580272241e-01,-3.942737595e-02,-1.128396000e-02,2.999928504e-02,4.128324504e-02
1.028100000e+01,validation,2.983214000e-01,2.589010202e-01,-3.942037980e-02,-1.128372000e-02,3.000386372e-02,4.128758372e-02
1.028600000e+01,train,2.991853000e-01,2.597721618e-01,-3.941313817e-02,-1.128340000e-02,3.000813771e-02,4.129153771e-02
1.029100000e+01,train,3.000462000e-01,2.606405570e-01,-3.940564303e-02,-1.128301000e-02,3.001225610e-02,4.129526610e-02
1.029600000e+01,test,3.009041000e-01,2.615061071e-01,-3.939799287e-02,-1.128255000e-02,3.001637660e-02,4.129892660e-02
1.030100000e+01,train,3.017590000e-01,2.623688806e-01,-3.939011944e-02,-1.128201000e-02,3.002054429e-02,4.130255429e-02
1.030600000e+01,test,3.026109000e-01,2.632288390e-01,-3.938206099e-02,-1.128140000e-02,3.002450863e-02,4.130590863e-02
1.031100000e+01,train,3.034599000e-01,2.640860591e-01,-3.937384094e-02,-1.128072000e-02,3.002829715e-02,4.130901715e-02
1.031600000e+01,train,3.043059000e-01,2.649405027e-01,-3.936539728e-02,-1.127996000e-02,3.003212846e-02,4.131208846e-02
1.032100000e+01,validation,3.051489000e-01,2.657922312e-01,-3.935666875e-02,-1.127914000e-02,3.003558835e-02,4.131472835e-02
1.032600000e+01,test,3.059889000e-01,2.666410918e-01,-3.934780821e-02,-1.127824000e-02,3.003923736e-02,4.131747736e-02
1.033100000e+01,train,3.068259000e-01,2.674871450e-01,-3.933875496e-02,-1.127727000e-02,3.004266392e-02,4.131993392e-02
1.033600000e+01,train,3.076599000e-01,2.683305289e-01,-3.932937114e-02,-1.127623000e-02,3.004595268e-02,4.132218268e-02
1.034100000e+01,validation,3.084910000e-01,2.691710065e-01,-3.931999352e-02,-1.127512000e-02,3.004917779e-02,4.132429779e-02
1.034600000e+01,train,3.093191000e-01,2.700087235e-01,-3.931037652e-02,-1.127394000e-02,3.005240954e-02,4.132634954e-02
1.035100000e+01,train,3.101441000e-01,2.708437326e-01,-3.930036739e-02,-1.127269000e-02,3.005525193e-02,4.132794193e-02
1.035600000e+01,train,3.109662000e-01,2.716758126e-01,-3.929038742e-02,-1.127137000e-02,3.005822029e-02,4.132959029e-02
1.036100000e+01,train,3.117853000e-01,2.725051552e-01,-3.928014481e-02,-1.126997000e-02,3.006099886e-02,4.133096886e-02
1.036600000e+01,train,3.126014000e-01,2.733317742e-01,-3.926962583e-02,-1.126851000e-02,3.006356546e-02,4.133207546e-02
1.037100000e+01,train,3.134145000e-01,2.741555568e-01,-3.925894317e-02,-1.126698000e-02,3.006610165e-02,4.133308165e-02
1.037600000e+01,train,3.142246000e-01,2.749765171e-01,-3.924808288e-02,-1.126537000e-02,3.006858400e-02,4.133395400e-02
1.038100000e+01,test,3.150317000e-01,2.757946481e-01,-3.923705192e-02,-1.126370000e-02,3.007102278e-02,4.133472278e-02
1.038600000e+01,test,3.158358000e-01,2.766100794e-01,-3.922572060e-02,-1.126196000e-02,3.007304902e-02,4.133500902e-02
1.039100000e+01,train,3.166370000e-01,2.774225663e-01,-3.921443369e-02,-1.126015000e-02,3.007537284e-02,4.133552284e-02
1.039600000e+01,test,3.174351000e-01,2.782323549e-01,-3.920274505e-02,-1.125827000e-02,3.007727552e-02,4.133554552e-02
1.040100000e+01,train,3.182302000e-01,2.790393182e-01,-3.919088183e-02,-1.125632000e-02,3.007913517e-02,4.133545517e-02
1.040600000e+01,train,3.190223000e-01,2.798434639e-01,-3.917883613e-02,-1.125430000e-02,3.008091239e-02,4.133521239e-02
1.041100000e+01,train,3.198114000e-01,2.806447954e-01,-3.916660457e-02,-1.125221000e-02,3.008261273e-02,4.133482273e-02
1.041600000e+01,test,3.205975000e-01,2.814433320e-01,-3.915416805e-02,-1.125006000e-02,3.008406188e-02,4.133412188e-02
1.042100000e+01,train,3.213806000e-01,2.822390507e-01,-3.914154926e-02,-1.124784000e-02,3.008542698e-02,4.133326698e-02
1.042600000e+01,train,3.221607000e-01,2.830320545e-01,-3.912864555e-02,-1.124555000e-02,3.008655126e-02,4.133210126e-02
1.043100000e+01,validation,3.229378000e-01,2.838221409e-01,-3.911565908e-02,-1.124319000e-02,3.008777655e-02,4.133096655e-02
1.043600000e+01,train,3.237119000e-01,2.846094247e-01,-3.910247533e-02,-1.124077000e-02,3.008888813e-02,4.132965813e-02
1.044100000e+01,train,3.244830000e-01,2.853939171e-01,-3.908908290e-02,-1.123827000e-02,3.008972607e-02,4.132799607e-02
1.044600000e+01,train,3.252511000e-01,2.861756027e-01,-3.907549733e-02,-1.123571000e-02,3.009046881e-02,4.132617881e-02
1.045100000e+01,train,3.260161000e-01,2.869543788e-01,-3.906172116e-02,-1.123309000e-02,3.009127091e-02,4.132436091e-02
1.045600000e+01,validation,3.267782000e-01,2.877304737e-01,-3.904772631e-02,-1.123039000e-02,3.009162811e-02,4.132201811e-02
1.046100000e+01,train,3.275372000e-01,2.885036289e-01,-3.903357113e-02,-1.122763000e-02,3.009224836e-02,4.131987836e-02
1.046600000e+01,test,3.282932000e-01,2.892740108e-01,-3.901918922e-02,-1.122481000e-02,3.009257157e-02,4.131738157e-02
1.047100000e+01,train,3.290463000e-01,2.900416128e-01,-3.900468721e-02,-1.122192000e-02,3.009258363e-02,4.131450363e-02
1.047600000e+01,validation,3.297963000e-01,2.908063889e-01,-3.898991108e-02,-1.121896000e-02,3.009266895e-02,4.131162895e-02
1.048100000e+01,train,3.305433000e-01,2.915682854e-01,-3.897501456e-02,-1.121594000e-02,3.009262891e-02,4.130856891e-02
1.048600000e+01,validation,3.312872000e-01,2.923274167e-01,-3.895978326e-02,-1.121285000e-02,3.009224954e-02,4.130509954e-02
1.049100000e+01,train,3.320282000e-01,2.930837182e-01,-3.894448184e-02,-1.120969000e-02,3.009196057e-02,4.130165057e-02
1.049600000e+01,train,3.327661000e-01,2.938371437e-01,-3.892895628e-02,-1.120647000e-02,3.009152546e-02,4.129799546e-02
1.050100000e+01,train,3.335011000e-01,2.945878040e-01,-3.891329597e-02,-1.120319000e-02,3.009074883e-02,4.129393883e-02
1.050600000e+01,train,3.342330000e-01,2.953355428e-01,-3.889745716e-02,-1.119984000e-02,3.009020839e-02,4.129004839e-02
1.051100000e+01,train,3.349619000e-01,2.960805164e-01,-3.888138363e-02,-1.119642000e-02,3.008932500e-02,4.128574500e-02
1.051600000e+01,train,3.356877000e-01,2.968227165e-01,-3.886498351e-02,-1.119295000e-02,3.008813729e-02,4.128108729e-02
1.052100000e+01,train,3.364106000e-01,2.975620333e-01,-3.884856673e-02,-1.118940000e-02,3.008693977e-02,4.127633977e-02
1.052600000e+01,test,3.371304000e-01,2.982985465e-01,-3.883185347e-02,-1.118580000e-02,3.008564106e-02,4.127144106e-02
1.053100000e+01,train,3.378473000e-01,2.990321838e-01,-3.881511621e-02,-1.118212000e-02,3.008431816e-02,4.126643816e-02
1.053600000e+01,train,3.385611000e-01,2.997629485e-01,-3.879815151e-02,-1.117839000e-02,3.008284971e-02,4.126123971e-02
1.054100000e+01,test,3.392719000e-01,3.004909627e-01,-3.878093728e-02,-1.117459000e-02,3.008100740e-02,4.125559740e-02
1.054600000e+01,validation,3.399796000e-01,3.012161583e-01,-3.876344174e-02,-1.117073000e-02,3.007921550e-02,4.124994550e-02
1.055100000e+01,test,3.406843000e-01,3.019383938e-01,-3.874590623e-02,-1.116681000e-02,3.007740386e-02,4.124421386e-02
1.055600000e+01,train,3.413861000e-01,3.026578818e-01,-3.872821819e-02,-1.116282000e-02,3.007522403e-02,4.123804403e-02
1.056100000e+01,validation,3.420848000e-01,3.033745817e-01,-3.871021827e-02,-1.115877000e-02,3.007288585e-02,4.123165585e-02
1.056600000e+01,validation,3.427804000e-01,3.040883941e-01,-3.869200593e-02,-1.115466000e-02,3.007055166e-02,4.122521166e-02
1.057100000e+01,train,3.434731000e-01,3.047993715e-01,-3.867372852e-02,-1.115048000e-02,3.006797513e-02,4.121845513e-02
1.057600000e+01,validation,3.441627000e-01,3.055074535e-01,-3.865524652e-02,-1.114624000e-02,3.006543916e-02,4.121167916e-02
1.058100000e+01,train,3.448493000e-01,3.062127961e-01,-3.863650389e-02,-1.114194000e-02,3.006249227e-02,4.120443227e-02
1.058600000e+01,train,3.455329000e-01,3.069152548e-01,-3.861764519e-02,-1.113758000e-02,3.005955160e-02,4.119713160e-02
1.059100000e+01,test,3.462134000e-01,3.076148708e-01,-3.859852915e-02,-1.113316000e-02,3.005638029e-02,4.118954029e-02
1.059600000e+01,train,3.468910000e-01,3.083116103e-01,-3.857938970e-02,-1.112868000e-02,3.005320089e-02,4.118188089e-02
1.060100000e+01,test,3.475655000e-01,3.090055801e-01,-3.855991993e-02,-1.112413000e-02,3.004981325e-02,4.117394325e-02
1.060600000e+01,train,3.482370000e-01,3.096966995e-01,-3.854030050e-02,-1.111952000e-02,3.004623019e-02,4.116575019e-02
1.061100000e+01,train,3.489054000e-01,3.103849501e-01,-3.852044988e-02,-1.111486000e-02,3.004259917e-02,4.115745917e-02
1.061600000e+01,train,3.495708000e-01,3.110703617e-01,-3.850043827e-02,-1.111013000e-02,3.003873913e-02,4.114886913e-02
1.062100000e+01,validation,3.502332000e-01,3.117529117e-01,-3.848028832e-02,-1.110534000e-02,3.003481758e-02,4.114015758e-02
1.062600000e+01,validation,3.508926000e-01,3.124326114e-01,-3.845998859e-02,-1.110049000e-02,3.003069727e-02,4.113118727e-02
1.063100000e+01,test,3.515490000e-01,3.131094496e-01,-3.843955035e-02,-1.109558000e-02,3.002651346e-02,4.112209346e-02
1.063600000e+01,train,3.522023000e-01,3.137834526e-01,-3.841884736e-02,-1.109061000e-02,3.002207944e-02,4.111268944e-02
1.064100000e+01,test,3.528526000e-01,3.144546928e-01,-3.839790724e-02,-1.108558000e-02,3.001744401e-02,4.110302401e-02
1.064600000e+01,test,3.534998000e-01,3.151229684e-01,-3.837683158e-02,-1.108049000e-02,3.001292334e-02,4.109341334e-02
1.065100000e+01,train,3.541441000e-01,3.157885081e-01,-3.835559191e-02,-1.107534000e-02,3.000798829e-02,4.108332829e-02
1.065600000e+01,train,3.547853000e-01,3.164511207e-01,-3.833417929e-02,-1.107013000e-02,3.000294910e-02,4.107307910e-02
1.066100000e+01,train,3.554235000e-01,3.171109704e-01,-3.831252958e-02,-1.106487000e-02,2.999770601e-02,4.106257601e-02
1.066600000e+01,test,3.560587000e-01,3.177678668e-01,-3.829083320e-02,-1.105954000e-02,2.999254361e-02,4.105208361e-02
1.067100000e+01,validation,3.566908000e-01,3.184219356e-01,-3.826886444e-02,-1.105416000e-02,2.998711221e-02,4.104127221e-02
1.067600000e+01,train,3.573199000e-01,3.190731797e-01,-3.824672031e-02,-1.104871000e-02,2.998141898e-02,4.103012898e-02
1.068100000e+01,train,3.579460000e-01,3.197216313e-01,-3.822436874e-02,-1.104321000e-02,2.997569914e-02,4.101890914e-02
1.068600000e+01,train,3.585690000e-01,3.203671968e-01,-3.820180316e-02,-1.103765000e-02,2.996965871e-02,4.100730871e-02
1.069100000e+01,train,3.591891000e-01,3.210098052e-01,-3.817929478e-02,-1.103203000e-02,2.996371453e-02,4.099574453e-02
1.069600000e+01,validation,3.598061000e-01,3.216496660e-01,-3.815643403e-02,-1.102636000e-02,2.995751059e-02,4.098387059e-02
1.070100000e+01,validation,3.604200000e-01,3.222867020e-01,-3.813329797e-02,-1.102063000e-02,2.995104180e-02,4.097167180e-02
1.070600000e+01,train,3.610310000e-01,3.229207924e-01,-3.811020761e-02,-1.101484000e-02,2.994463445e-02,4.095947445e-02
1.071100000e+01,train,3.616389000e-01,3.235521647e-01,-3.808673532e-02,-1.100899000e-02,2.993778582e-02,4.094677582e-02
1.071600000e+01,test,3.622438000e-01,3.241805911e-01,-3.806320892e-02,-1.100308000e-02,2.993099819e-02,4.093407819e-02
1.072100000e+01,test,3.628457000e-01,3.248062003e-01,-3.803949973e-02,-1.099712000e-02,2.992392964e-02,4.092104964e-02
1.072600000e+01,train,3.634445000e-01,3.254288637e-01,-3.801563629e-02,-1.099110000e-02,2.991692020e-02,4.090802020e-02
1.073100000e+01,test,3.640403000e-01,3.260488202e-01,-3.799147977e-02,-1.098503000e-02,2.990943556e-02,4.089446556e-02
1.073600000e+01,train,3.646331000e-01,3.266658343e-01,-3.796726568e-02,-1.097889000e-02,2.990201524e-02,4.088090524e-02
1.074100000e+01,validation,3.652229000e-01,3.272800352e-01,-3.794286482e-02,-1.097270000e-02,2.989429237e-02,4.086699237e-02
1.074600000e+01,test,3.658096000e-01,3.278912934e-01,-3.791830658e-02,-1.096646000e-02,2.988663338e-02,4.085309338e-02
1.075100000e+01,train,3.663933000e-01,3.284998146e-01,-3.789348539e-02,-1.096016000e-02,2.987870167e-02,4.083886167e-02
1.075600000e+01,test,3.669740000e-01,3.291054276e-01,-3.786857240e-02,-1.095380000e-02,2.987060721e-02,4.082440721e-02
1.076100000e+01,train,3.675516000e-01,3.297082420e-01,-3.784335799e-02,-1.094739000e-02,2.986218201e-02,4.080957201e-02
1.076600000e+01,train,3.681263000e-01,3.303081139e-01,-3.781818606e-02,-1.094093000e-02,2.985381773e-02,4.079474773e-02
1.077100000e+01,train,3.686979000e-01,3.309051570e-01,-3.779274298e-02,-1.093440000e-02,2.984532707e-02,4.077972707e-02
1.077600000e+01,validation,3.692665000e-01,3.314993943e-01,-3.776710569e-02,-1.092783000e-02,2.983651626e-02,4.076434626e-02
1.078100000e+01,train,3.698320000e-01,3.320907305e-01,-3.774126948e-02,-1.092120000e-02,2.982752765e-02,4.074872765e-02
1.078600000e+01,train,3.703946000e-01,3.326792150e-01,-3.771538505e-02,-1.091451000e-02,2.981860357e-02,4.073311357e-02
1.079100000e+01,train,3.709541000e-01,3.332649165e-01,-3.768918354e-02,-1.090777000e-02,2.980916516e-02,4.071693516e-02
1.079600000e+01,train,3.715106000e-01,3.338477015e-01,-3.766289851e-02,-1.090097000e-02,2.979972618e-02,4.070069618e-02
1.080100000e+01,train,3.720640000e-01,3.344276536e-01,-3.763634641e-02,-1.089412000e-02,2.979017691e-02,4.068429691e-02
1.080600000e+01,train,3.726145000e-01,3.350046859e-01,-3.760981413e-02,-1.088722000e-02,2.978061965e-02,4.066783965e-02
1.081100000e+01,validation,3.731619000e-01,3.355789230e-01,-3.758297704e-02,-1.088026000e-02,2.977073185e-02,4.065099185e-02
1.081600000e+01,train,3.737063000e-01,3.361503654e-01,-3.755593463e-02,-1.087325000e-02,2.976048802e-02,4.063373802e-02
1.082100000e+01,validation,3.742477000e-01,3.367188801e-01,-3.752881995e-02,-1.086619000e-02,2.975027255e-02,4.061646255e-02
1.082600000e+01,train,3.747860000e-01,3.372845843e-01,-3.750141568e-02,-1.085907000e-02,2.973988032e-02,4.059895032e-02
1.083100000e+01,test,3.753214000e-01,3.378473871e-01,-3.747401293e-02,-1.085190000e-02,2.972932922e-02,4.058122922e-02
1.083600000e+01,train,3.758537000e-01,3.384073838e-01,-3.744631625e-02,-1.084468000e-02,2.971857957e-02,4.056325957e-02
1.084100000e+01,train,3.763830000e-01,3.389644899e-01,-3.741851008e-02,-1.083740000e-02,2.970763917e-02,4.054503917e-02
1.084600000e+01,train,3.769093000e-01,3.395186755e-01,-3.739062453e-02,-1.083007000e-02,2.969671233e-02,4.052678233e-02
1.085100000e+01,train,3.774325000e-01,3.400701762e-01,-3.736232375e-02,-1.082269000e-02,2.968525702e-02,4.050794702e-02
1.085600000e+01,train,3.779528000e-01,3.406186729e-01,-3.733412713e-02,-1.081526000e-02,2.967392344e-02,4.048918344e-02
1.086100000e+01,train,3.784700000e-01,3.411644502e-01,-3.730554977e-02,-1.080777000e-02,2.966228600e-02,4.047005600e-02
1.086600000e+01,train,3.789842000e-01,3.417072421e-01,-3.727695789e-02,-1.080024000e-02,2.965059675e-02,4.045083675e-02
1.087100000e+01,train,3.794954000e-01,3.422472312e-01,-3.724816882e-02,-1.079265000e-02,2.963871182e-02,4.043136182e-02
1.087600000e+01,validation,3.800036000e-01,3.427844060e-01,-3.721919396e-02,-1.078501000e-02,2.962666303e-02,4.041167303e-02
1.088100000e+01,train,3.805087000e-01,3.433187054e-01,-3.718999465e-02,-1.077732000e-02,2.961439213e-02,4.039171213e-02
1.088600000e+01,test,3.810109000e-01,3.438500952e-01,-3.716080482e-02,-1.076957000e-02,2.960209930e-02,4.037166930e-02
1.089100000e+01,test,3.815100000e-01,3.443787126e-01,-3.713128743e-02,-1.076178000e-02,2.958940256e-02,4.035118256e-02
1.089600000e+01,train,3.820061000e-01,3.449045231e-01,-3.710157693e-02,-1.075393000e-02,2.957652709e-02,4.033045709e-02
1.090100000e+01,validation,3.824992000e-01,3.454273398e-01,-3.707186018e-02,-1.074604000e-02,2.956376309e-02,4.030980309e-02
1.090600000e+01,train,3.829893000e-01,3.459474717e-01,-3.704182827e-02,-1.073809000e-02,2.955046502e-02,4.028855502e-02
1.091100000e+01,train,3.834764000e-01,3.464646099e-01,-3.701179008e-02,-1.073010000e-02,2.953727727e-02,4.026737727e-02
1.091600000e+01,train,3.839605000e-01,3.469789452e-01,-3.698155476e-02,-1.072205000e-02,2.952388945e-02,4.024593945e-02
1.092100000e+01,validation,3.844415000e-01,3.474905113e-01,-3.695098873e-02,-1.071395000e-02,2.951010172e-02,4.022405172e-02
1.092600000e+01,train,3.849196000e-01,3.479990836e-01,-3.692051644e-02,-1.070581000e-02,2.949642286e-02,4.020223286e-02
1.093100000e+01,train,3.853946000e-01,3.485048603e-01,-3.688973965e-02,-1.069761000e-02,2.948252945e-02,4.018013945e-02
1.093600000e+01,train,3.858667000e-01,3.490078678e-01,-3.685883221e-02,-1.068937000e-02,2.946823485e-02,4.015760485e-02
1.094100000e+01,train,3.863357000e-01,3.495079839e-01,-3.682771608e-02,-1.068107000e-02,2.945389251e-02,4.013496251e-02
1.094600000e+01,train,3.868017000e-01,3.500052094e-01,-3.679649057e-02,-1.067273000e-02,2.943947644e-02,4.011220644e-02
1.095100000e+01,train,3.872647000e-01,3.504996354e-01,-3.676506463e-02,-1.066433000e-02,2.942486330e-02,4.008919330e-02
1.095600000e+01,train,3.877248000e-01,3.509912042e-01,-3.673359576e-02,-1.065589000e-02,2.940997616e-02,4.006586616e-02
1.096100000e+01,train,3.881818000e-01,3.514798858e-01,-3.670191420e-02,-1.064740000e-02,2.939502019e-02,4.004242019e-02
1.096600000e+01,train,3.886358000e-01,3.519658127e-01,-3.666998732e-02,-1.063886000e-02,2.937963432e-02,4.001849432e-02
1.097100000e+01,train,3.890868000e-01,3.524488147e-01,-3.663798533e-02,-1.063028000e-02,2.936439727e-02,3.999467727e-02
1.097600000e+01,validation,3.895348000e-01,3.529289669e-01,-3.660583311e-02,-1.062164000e-02,2.934887153e-02,3.997051153e-02
1.098100000e+01,train,3.899798000e-01,3.534063269e-01,-3.657347313e-02,-1.061296000e-02,2.933313298e-02,3.994609298e-02
1.098600000e+01,validation,3.904218000e-01,3.538808411e-01,-3.654095888e-02,-1.060423000e-02,2.931708554e-02,3.992131554e-02
1.099100000e+01,test,3.908608000e-01,3.543524411e-01,-3.650835892e-02,-1.059545000e-02,2.930117861e-02,3.989662861e-02
1.099600000e+01,train,3.912968000e-01,3.548212904e-01,-3.647550961e-02,-1.058662000e-02,2.928481975e-02,3.987143975e-02
1.100100000e+01,validation,3.917298000e-01,3.552872483e-01,-3.644255173e-02,-1.057775000e-02,2.926840790e-02,3.984615790e-02
1.100600000e+01,train,3.921598000e-01,3.557503376e-01,-3.640946245e-02,-1.056883000e-02,2.925187798e-02,3.982070798e-02
1.101100000e+01,test,3.925869000e-01,3.562105501e-01,-3.637634991e-02,-1.055986000e-02,2.923526833e-02,3.979512833e-02
1.101600000e+01,train,3.930109000e-01,3.566680160e-01,-3.634288399e-02,-1.055084000e-02,2.921818565e-02,3.976902565e-02
1.102100000e+01,test,3.934319000e-01,3.571227043e-01,-3.630919570e-02,-1.054178000e-02,2.920086091e-02,3.974264091e-02
1.102600000e+01,train,3.938500000e-01,3.575743832e-01,-3.627561680e-02,-1.053268000e-02,2.918381583e-02,3.971649583e-02
1.103100000e+01,test,3.942650000e-01,3.580233220e-01,-3.624167797e-02,-1.052352000e-02,2.916630931e-02,3.968982931e-02
1.103600000e+01,train,3.946771000e-01,3.584694224e-01,-3.620767757e-02,-1.051432000e-02,2.914847660e-02,3.966279660e-02
1.104100000e+01,train,3.950862000e-01,3.589126199e-01,-3.617358011e-02,-1.050508000e-02,2.913074798e-02,3.963582798e-02
1.104600000e+01,train,3.954922000e-01,3.593530470e-01,-3.613915297e-02,-1.049578000e-02,2.911276225e-02,3.960854225e-02
1.105100000e+01,train,3.958953000e-01,3.597906317e-01,-3.610466834e-02,-1.048645000e-02,2.909446853e-02,3.958091853e-02
1.105600000e+01,validation,3.962955000e-01,3.602254239e-01,-3.607007613e-02,-1.047706000e-02,2.907608387e-02,3.955314387e-02
1.106100000e+01,validation,3.966926000e-01,3.606572777e-01,-3.603532229e-02,-1.046763000e-02,2.905755830e-02,3.952518830e-02
1.106600000e+01,train,3.970867000e-01,3.610863653e-01,-3.600033473e-02,-1.045816000e-02,2.903875472e-02,3.949691472e-02
1.107100000e+01,train,3.974779000e-01,3.615125874e-01,-3.596531257e-02,-1.044864000e-02,2.901983413e-02,3.946847413e-02
1.107600000e+01,train,3.978661000e-01,3.619360433e-01,-3.593005672e-02,-1.043908000e-02,2.900063488e-02,3.943971488e-02
1.108100000e+01,train,3.982513000e-01,3.623566108e-01,-3.589468919e-02,-1.042947000e-02,2.898151071e-02,3.941098071e-02
1.108600000e+01,train,3.986335000e-01,3.627743505e-01,-3.585914951e-02,-1.041982000e-02,2.896204982e-02,3.938186982e-02
1.109100000e+01,train,3.990128000e-01,3.631892247e-01,-3.582357526e-02,-1.041012000e-02,2.894247041e-02,3.935259041e-02
1.109600000e+01,train,3.993890000e-01,3.636013473e-01,-3.578765265e-02,-1.040038000e-02,2.892258493e-02,3.932296493e-02
1.110100000e+01,train,3.997623000e-01,3.640106045e-01,-3.575169550e-02,-1.039059000e-02,2.890258024e-02,3.929317024e-02
1.110600000e+01,train,4.001326000e-01,3.644170149e-01,-3.571558505e-02,-1.038076000e-02,2.888241080e-02,3.926317080e-02
1.111100000e+01,validation,4.005000000e-01,3.648206623e-01,-3.567933768e-02,-1.037089000e-02,2.886196640e-02,3.923285640e-02
1.111600000e+01,validation,4.008644000e-01,3.652214589e-01,-3.564294108e-02,-1.036097000e-02,2.884137578e-02,3.920234578e-02
1.112100000e+01,train,4.012258000e-01,3.656193974e-01,-3.560640264e-02,-1.035101000e-02,2.882065162e-02,3.917166162e-02
1.112600000e+01,train,4.015842000e-01,3.660144850e-01,-3.556971499e-02,-1.034101000e-02,2.879978056e-02,3.914079056e-02
1.113100000e+01,train,4.019397000e-01,3.664068283e-01,-3.553287167e-02,-1.033096000e-02,2.877858787e-02,3.910954787e-02
1.113600000e+01,validation,4.022922000e-01,3.667962873e-01,-3.549591269e-02,-1.032087000e-02,2.875744692e-02,3.907831692e-02
1.114100000e+01,validation,4.026417000e-01,3.671829290e-01,-3.545877102e-02,-1.031074000e-02,2.873595871e-02,3.904669871e-02
1.114600000e+01,train,4.029883000e-01,3.675667928e-01,-3.542150722e-02,-1.030056000e-02,2.871434714e-02,3.901490714e-02
1.115100000e+01,train,4.033319000e-01,3.679478392e-01,-3.538406075e-02,-1.029035000e-02,2.869238764e-02,3.898273764e-02
1.115600000e+01,train,4.036726000e-01,3.683260087e-01,-3.534659130e-02,-1.028009000e-02,2.867046559e-02,3.895055559e-02
1.116100000e+01,train,4.040103000e-01,3.687014411e-01,-3.530885890e-02,-1.026979000e-02,2.864820696e-02,3.891799696e-02
1.116600000e+01,test,4.043450000e-01,3.690740227e-01,-3.527097735e-02,-1.025944000e-02,2.862579864e-02,3.888523864e-02
1.117100000e+01,train,4.046768000e-01,3.694437378e-01,-3.523306222e-02,-1.024906000e-02,2.860342029e-02,3.885248029e-02
1.117600000e+01,train,4.050056000e-01,3.698107314e-01,-3.519486862e-02,-1.023863000e-02,2.858052447e-02,3.881915447e-02
1.118100000e+01,train,4.053315000e-01,3.701748700e-01,-3.515663002e-02,-1.022816000e-02,2.855762555e-02,3.878578555e-02
1.118600000e+01,train,4.056544000e-01,3.705361610e-01,-3.511823904e-02,-1.021765000e-02,2.853458214e-02,3.875223214e-02
1.119100000e+01,train,4.059744000e-01,3.708946198e-01,-3.507978023e-02,-1.020710000e-02,2.851134233e-02,3.871844233e-02
1.119600000e+01,train,4.062914000e-01,3.712503341e-01,-3.504106586e-02,-1.019650000e-02,2.848777656e-02,3.868427656e-02
1.120100000e+01,test,4.066054000e-01,3.716031894e-01,-3.500221059e-02,-1.018587000e-02,2.846422581e-02,3.865009581e-02
1.120600000e+01,train,4.069166000e-01,3.719533076e-01,-3.496329244e-02,-1.017520000e-02,2.844033557e-02,3.861553557e-02
1.121100000e+01,train,4.072247000e-01,3.723005935e-01,-3.492410649e-02,-1.016448000e-02,2.841624772e-02,3.858072772e-02
1.121600000e+01,train,4.075300000e-01,3.726450204e-01,-3.488497965e-02,-1.015373000e-02,2.839217388e-02,3.854590388e-02
1.122100000e+01,test,4.078323000e-01,3.729867133e-01,-3.484558670e-02,-1.014293000e-02,2.836776612e-02,3.851069612e-02
1.122600000e+01,train,4.081316000e-01,3.733255781e-01,-3.480602189e-02,-1.013210000e-02,2.834314047e-02,3.847524047e-02
1.123100000e+01,train,4.084280000e-01,3.736616173e-01,-3.476638275e-02,-1.012122000e-02,2.831832868e-02,3.843954868e-02
1.123600000e+01,validation,4.087215000e-01,3.739948931e-01,-3.472660691e-02,-1.011030000e-02,2.829336199e-02,3.840366199e-02
1.124100000e+01,train,4.090120000e-01,3.743253130e-01,-3.468668701e-02,-1.009935000e-02,2.826841444e-02,3.836776444e-02
1.124600000e+01,test,4.092996000e-01,3.746530373e-01,-3.464656265e-02,-1.008835000e-02,2.824288701e-02,3.833123701e-02
1.125100000e+01,train,4.095843000e-01,3.749779066e-01,-3.460639342e-02,-1.007732000e-02,2.821735236e-02,3.829467236e-02
1.125600000e+01,train,4.098660000e-01,3.752999272e-01,-3.456607280e-02,-1.006625000e-02,2.819182305e-02,3.825807305e-02
1.126100000e+01,train,4.101448000e-01,3.756192220e-01,-3.452557795e-02,-1.005513000e-02,2.816591868e-02,3.822104868e-02
1.126600000e+01,test,4.104207000e-01,3.759356993e-01,-3.448500070e-02,-1.004398000e-02,2.813978763e-02,3.818376763e-02
1.127100000e+01,validation,4.106937000e-01,3.762493206e-01,-3.444437944e-02,-1.003279000e-02,2.811367404e-02,3.814646404e-02
1.127600000e+01,train,4.109637000e-01,3.765602005e-01,-3.440349952e-02,-1.002156000e-02,2.808736450e-02,3.810892450e-02
1.128100000e+01,train,4.112308000e-01,3.768682587e-01,-3.436254131e-02,-1.001030000e-02,2.806084682e-02,3.807114682e-02
1.128600000e+01,train,4.114950000e-01,3.771735943e-01,-3.432140568e-02,-9.998991000e-03,2.803395927e-02,3.803295027e-02
1.129100000e+01,train,4.117562000e-01,3.774760894e-01,-3.428011056e-02,-9.987647000e-03,2.800703646e-02,3.799468346e-02
1.129600000e+01,validation,4.120146000e-01,3.777758464e-01,-3.423875356e-02,-9.976265000e-03,2.797992310e-02,3.795618810e-02
1.130100000e+01,train,4.122700000e-01,3.780727817e-01,-3.419721832e-02,-9.964846000e-03,2.795260057e-02,3.791744657e-02
1.130600000e+01,train,4.125225000e-01,3.783670057e-01,-3.415549426e-02,-9.953388000e-03,2.792487484e-02,3.787826284e-02
1.131100000e+01,validation,4.127721000e-01,3.786583623e-01,-3.411373769e-02,-9.941894000e-03,2.789732497e-02,3.783921897e-02
1.131600000e+01,train,4.130188000e-01,3.789469044e-01,-3.407189558e-02,-9.930361000e-03,2.786955231e-02,3.779991331e-02
1.132100000e+01,test,4.132626000e-01,3.792327353e-01,-3.402986468e-02,-9.918792000e-03,2.784137570e-02,3.776016770e-02
1.132600000e+01,train,4.135035000e-01,3.795158052e-01,-3.398769484e-02,-9.907185000e-03,2.781319994e-02,3.772038494e-02
1.133100000e+01,train,4.137414000e-01,3.797960948e-01,-3.394530516e-02,-9.895542000e-03,2.778457544e-02,3.768011744e-02
1.133600000e+01,train,4.139765000e-01,3.800735129e-01,-3.390298714e-02,-9.883861000e-03,2.775614509e-02,3.764000609e-02
1.134100000e+01,train,4.142086000e-01,3.803483375e-01,-3.386026246e-02,-9.872144000e-03,2.772710319e-02,3.759924719e-02
1.134600000e+01,train,4.144379000e-01,3.806202143e-01,-3.381768571e-02,-9.860391000e-03,2.769822353e-02,3.755861453e-02
1.135100000e+01,test,4.146642000e-01,3.808893716e-01,-3.377482845e-02,-9.848601000e-03,2.766910559e-02,3.751770659e-02
1.135600000e+01,test,4.148877000e-01,3.811557832e-01,-3.373191678e-02,-9.836774000e-03,2.763980724e-02,3.747658124e-02
1.136100000e+01,train,4.151083000e-01,3.814194065e-01,-3.368889351e-02,-9.824912000e-03,2.761022575e-02,3.743513775e-02
1.136600000e+01,train,4.153260000e-01,3.816802988e-01,-3.364570118e-02,-9.813014000e-03,2.758043757e-02,3.739345157e-02
1.137100000e+01,train,4.155407000e-01,3.819383578e-01,-3.360234218e-02,-9.801080000e-03,2.755059746e-02,3.735167746e-02
1.137600000e+01,train,4.157526000e-01,3.821936932e-01,-3.355890680e-02,-9.789110000e-03,2.752053732e-02,3.730964732e-02
1.138100000e+01,train,4.159616000e-01,3.824462976e-01,-3.351530240e-02,-9.777105000e-03,2.749026992e-02,3.726737492e-02
1.138600000e+01,validation,4.161677000e-01,3.826961136e-01,-3.347158643e-02,-9.765065000e-03,2.745971820e-02,3.722478320e-02
1.139100000e+01,train,4.163710000e-01,3.829430692e-01,-3.342793083e-02,-9.752989000e-03,2.742932611e-02,3.718231511e-02
1.139600000e+01,train,4.165713000e-01,3.831874346e-01,-3.338386543e-02,-9.740878000e-03,2.739832648e-02,3.713920448e-02
1.140100000e+01,train,4.167688000e-01,3.834289771e-01,-3.333982286e-02,-9.728732000e-03,2.736726731e-02,3.709599931e-02
1.140600000e+01,train,4.169634000e-01,3.836676708e-01,-3.329572920e-02,-9.716552000e-03,2.733633469e-02,3.705288669e-02
1.141100000e+01,train,4.171551000e-01,3.839037701e-01,-3.325132993e-02,-9.704337000e-03,2.730481353e-02,3.700915053e-02
1.141600000e+01,validation,4.173440000e-01,3.841370506e-01,-3.320694937e-02,-9.692087000e-03,2.727321273e-02,3.696529973e-02
1.142100000e+01,train,4.175299000e-01,3.843675157e-01,-3.316238433e-02,-9.679803000e-03,2.724153861e-02,3.692134161e-02
1.142600000e+01,train,4.177131000e-01,3.845953634e-01,-3.311773657e-02,-9.667485000e-03,2.720946824e-02,3.687695324e-02
1.143100000e+01,test,4.178933000e-01,3.848203622e-01,-3.307293779e-02,-9.655133000e-03,2.717752352e-02,3.683265652e-02
1.143600000e+01,train,4.180707000e-01,3.850425830e-01,-3.302811700e-02,-9.642747000e-03,2.714528620e-02,3.678803320e-02
1.144100000e+01,train,4.182452000e-01,3.852621833e-01,-3.298301674e-02,-9.630327000e-03,2.711264556e-02,3.674297256e-02
1.144600000e+01,train,4.184168000e-01,3.854789492e-01,-3.293785084e-02,-9.617873000e-03,2.708010430e-02,3.669797730e-02
1.145100000e+01,train,4.185856000e-01,3.856929945e-01,-3.289260550e-02,-9.605386000e-03,2.704734664e-02,3.665273264e-02
1.145600000e+01,train,4.187515000e-01,3.859043316e-01,-3.284716841e-02,-9.592866000e-03,2.701431429e-02,3.660718029e-02
1.146100000e+01,train,4.189146000e-01,3.861128604e-01,-3.280173959e-02,-9.580312000e-03,2.698119430e-02,3.656150630e-02
1.146600000e+01,test,4.190748000e-01,3.863186801e-01,-3.275611993e-02,-9.567725000e-03,2.694782517e-02,3.651555017e-02
1.147100000e+01,train,4.192322000e-01,3.865218938e-01,-3.271030620e-02,-9.555106000e-03,2.691402588e-02,3.646913188e-02
1.147600000e+01,train,4.193867000e-01,3.867221699e-01,-3.266453012e-02,-9.542453000e-03,2.688050575e-02,3.642295875e-02
1.148100000e+01,train,4.195384000e-01,3.869198400e-01,-3.261856000e-02,-9.529768000e-03,2.684655520e-02,3.637632320e-02
1.148600000e+01,train,4.196872000e-01,3.871148083e-01,-3.257239172e-02,-9.517051000e-03,2.681234186e-02,3.632939286e-02
1.149100000e+01,train,4.198332000e-01,3.873069723e-01,-3.252622771e-02,-9.504301000e-03,2.677802071e-02,3.628232171e-02
1.149600000e+01,train,4.199763000e-01,3.874964010e-01,-3.247989901e-02,-9.491519000e-03,2.674363580e-02,3.623515480e-02
1.150100000e+01,train,4.201166000e-01,3.876831351e-01,-3.243346488e-02,-9.478704000e-03,2.670897487e-02,3.618767887e-02
1.150600000e+01,validation,4.202541000e-01,3.878671298e-01,-3.238697023e-02,-9.465858000e-03,2.667426940e-02,3.614012740e-02
1.151100000e+01,train,4.203887000e-01,3.880484266e-01,-3.234027340e-02,-9.452980000e-03,2.663928114e-02,3.609226114e-02
1.151600000e+01,train,4.205205000e-01,3.882270330e-01,-3.229346705e-02,-9.440070000e-03,2.660399697e-02,3.604406697e-02
1.152100000e+01,test,4.206495000e-01,3.884029071e-01,-3.224659286e-02,-9.427129000e-03,2.656865491e-02,3.599578391e-02
1.152600000e+01,test,4.207756000e-01,3.885760834e-01,-3.219951655e-02,-9.414156000e-03,2.653302973e-02,3.594718573e-02
1.153100000e+01,train,4.208989000e-01,3.887464358e-01,-3.215246421e-02,-9.401153000e-03,2.649749481e-02,3.589864781e-02
1.153600000e+01,train,4.210194000e-01,3.889141967e-01,-3.210520330e-02,-9.388118000e-03,2.646150222e-02,3.584962022e-02
1.154100000e+01,train,4.211371000e-01,3.890792630e-01,-3.205783704e-02,-9.375051000e-03,2.642523243e-02,3.580028343e-02
1.154600000e+01,train,4.212519000e-01,3.892415093e-01,-3.201039071e-02,-9.361955000e-03,2.638903328e-02,3.575098828e-02
1.155100000e+01,test,4.213640000e-01,3.894011340e-01,-3.196286604e-02,-9.348827000e-03,2.635258183e-02,3.570140883e-02
1.155600000e+01,train,4.214732000e-01,3.895580639e-01,-3.191513609e-02,-9.335669000e-03,2.631585296e-02,3.565152196e-02
1.156100000e+01,train,4.215796000e-01,3.897121771e-01,-3.186742287e-02,-9.322480000e-03,2.627920082e-02,3.560168082e-02
1.156600000e+01,train,4.216832000e-01,3.898636687e-01,-3.181953135e-02,-9.309261000e-03,2.624229604e-02,3.555155704e-02
1.157100000e+01,train,4.217840000e-01,3.900124842e-01,-3.177151578e-02,-9.296012000e-03,2.620506821e-02,3.550108021e-02
1.157600000e+01,train,4.218820000e-01,3.901585789e-01,-3.172342108e-02,-9.282733000e-03,2.616774896e-02,3.545048196e-02
1.158100000e+01,train,4.219771000e-01,3.903019518e-01,-3.167514815e-02,-9.269424000e-03,2.613036404e-02,3.539978804e-02
1.158600000e+01,train,4.220695000e-01,3.904427447e-01,-3.162675532e-02,-9.256085000e-03,2.609248793e-02,3.534857293e-02
1.159100000e+01,train,4.221591000e-01,3.905807280e-01,-3.157837196e-02,-9.242716000e-03,2.605467504e-02,3.529739104e-02
1.159600000e+01,train,4.222459000e-01,3.907160969e-01,-3.152980305e-02,-9.229318000e-03,2.601659601e-02,3.524591401e-02
1.160100000e+01,train,4.223299000e-01,3.908486866e-01,-3.148121344e-02,-9.215891000e-03,2.597837418e-02,3.519426518e-02
1.160600000e+01,train,4.224111000e-01,3.909786315e-01,-3.143246851e-02,-9.202434000e-03,2.594009189e-02,3.514252589e-02
1.161100000e+01,train,4.224895000e-01,3.911059036e-01,-3.138359643e-02,-9.188949000e-03,2.590149226e-02,3.509044126e-02
1.161600000e+01,train,4.225652000e-01,3.912305611e-01,-3.133463888e-02,-9.175434000e-03,2.586262623e-02,3.503806023e-02
1.162100000e+01,validation,4.226380000e-01,3.913524206e-01,-3.128557941e-02,-9.161890000e-03,2.582379053e-02,3.498568053e-02
1.162600000e+01,train,4.227081000e-01,3.914716688e-01,-3.123643125e-02,-9.148318000e-03,2.578469462e-02,3.493301262e-02
1.163100000e+01,train,4.227754000e-01,3.915883399e-01,-3.118706012e-02,-9.134717000e-03,2.574511338e-02,3.487983038e-02
1.163600000e+01,validation,4.228399000e-01,3.917021785e-01,-3.113772145e-02,-9.121088000e-03,2.570578744e-02,3.482687544e-02
1.164100000e+01,train,4.229016000e-01,3.918134173e-01,-3.108818267e-02,-9.107430000e-03,2.566616878e-02,3.477359878e-02
1.164600000e+01,train,4.229606000e-01,3.919219497e-01,-3.103865030e-02,-9.093744000e-03,2.562643175e-02,3.472017575e-02
1.165100000e+01,train,4.230168000e-01,3.920278091e-01,-3.098899090e-02,-9.080030000e-03,2.558637681e-02,3.466640681e-02
1.165600000e+01,train,4.230702000e-01,3.921310457e-01,-3.093915430e-02,-9.066288000e-03,2.554622189e-02,3.461250989e-02
1.166100000e+01,train,4.231209000e-01,3.922316782e-01,-3.088922177e-02,-9.052519000e-03,2.550579340e-02,3.455831240e-02
1.166600000e+01,train,4.231688000e-01,3.923295125e-01,-3.083928750e-02,-9.038722000e-03,2.546539473e-02,3.450411673e-02
1.167100000e+01,train,4.232139000e-01,3.924247541e-01,-3.078914588e-02,-9.024897000e-03,2.542469007e-02,3.444958707e-02
1.167600000e+01,train,4.232563000e-01,3.925173687e-01,-3.073893125e-02,-9.011044000e-03,2.538390463e-02,3.439494863e-02
1.168100000e+01,train,4.232959000e-01,3.926073144e-01,-3.068858558e-02,-8.997165000e-03,2.534278160e-02,3.433994660e-02
1.168600000e+01,train,4.233328000e-01,3.926945454e-01,-3.063825459e-02,-8.983258000e-03,2.530170670e-02,3.428496470e-02
1.169100000e+01,test,4.233669000e-01,3.927791722e-01,-3.058772778e-02,-8.969324000e-03,2.526035799e-02,3.422968199e-02
1.169600000e+01,train,4.233983000e-01,3.928612136e-01,-3.053708637e-02,-8.955364000e-03,2.521869016e-02,3.417405416e-02
1.170100000e+01,train,4.234270000e-01,3.929405590e-01,-3.048644095e-02,-8.941376000e-03,2.517689688e-02,3.411827288e-02
1.170600000e+01,validation,4.234529000e-01,3.930172888e-01,-3.043561116e-02,-8.927362000e-03,2.513499020e-02,3.406235220e-02
1.171100000e+01,train,4.234760000e-01,3.930913267e-01,-3.038467328e-02,-8.913322000e-03,2.509293859e-02,3.400626059e-02
1.171600000e+01,train,4.234965000e-01,3.931627750e-01,-3.033372498e-02,-8.899255000e-03,2.505058713e-02,3.394984213e-02
1.172100000e+01,train,4.235142000e-01,3.932315085e-01,-3.028269148e-02,-8.885162000e-03,2.500828357e-02,3.389344557e-02
1.172600000e+01,train,4.235291000e-01,3.932976524e-01,-3.023144760e-02,-8.871042000e-03,2.496568010e-02,3.383672210e-02
1.173100000e+01,validation,4.235414000e-01,3.933611806e-01,-3.018021942e-02,-8.856897000e-03,2.492296310e-02,3.377986010e-02
1.173600000e+01,train,4.235509000e-01,3.934220315e-01,-3.012886855e-02,-8.842726000e-03,2.488007517e-02,3.372280117e-02
1.174100000e+01,validation,4.235577000e-01,3.934802625e-01,-3.007743754e-02,-8.828528000e-03,2.483709309e-02,3.366562109e-02
1.174600000e+01,test,4.235617000e-01,3.935359153e-01,-3.002578474e-02,-8.814306000e-03,2.479377869e-02,3.360808469e-02
1.175100000e+01,test,4.235631000e-01,3.935889523e-01,-2.997414772e-02,-8.800058000e-03,2.475035068e-02,3.355040868e-02
1.175600000e+01,train,4.235617000e-01,3.936393151e-01,-2.992238486e-02,-8.785784000e-03,2.470675817e-02,3.349254217e-02
1.176100000e+01,test,4.235576000e-01,3.936870622e-01,-2.987053781e-02,-8.771485000e-03,2.466305205e-02,3.343453705e-02
1.176600000e+01,train,4.235508000e-01,3.937322342e-01,-2.981856582e-02,-8.757161000e-03,2.461902004e-02,3.337618104e-02
1.177100000e+01,train,4.235414000e-01,3.937747903e-01,-2.976660968e-02,-8.742812000e-03,2.457487441e-02,3.331768641e-02
1.177600000e+01,train,4.235292000e-01,3.938146535e-01,-2.971454648e-02,-8.728438000e-03,2.453073770e-02,3.325917570e-02
1.178100000e+01,train,4.235143000e-01,3.938520334e-01,-2.966226663e-02,-8.714040000e-03,2.448612668e-02,3.320016668e-02
1.178600000e+01,train,4.234967000e-01,3.938867055e-01,-2.960999446e-02,-8.699616000e-03,2.444155047e-02,3.314116647e-02
1.179100000e+01,train,4.234764000e-01,3.939188830e-01,-2.955751703e-02,-8.685168000e-03,2.439666045e-02,3.308182845e-02
1.179600000e+01,train,4.234534000e-01,3.939483486e-01,-2.950505145e-02,-8.670696000e-03,2.435182468e-02,3.302252068e-02
1.180100000e+01,train,4.234277000e-01,3.939752431e-01,-2.945245694e-02,-8.656200000e-03,2.430664363e-02,3.296284363e-02
1.180600000e+01,train,4.233993000e-01,3.939995093e-01,-2.939979067e-02,-8.641679000e-03,2.426153541e-02,3.290321441e-02
1.181100000e+01,validation,4.233683000e-01,3.940212045e-01,-2.934709551e-02,-8.627134000e-03,2.421608194e-02,3.284321594e-02
1.181600000e+01,validation,4.233346000e-01,3.940404033e-01,-2.929419666e-02,-8.612565000e-03,2.417031731e-02,3.278288231e-02
1.182100000e+01,train,4.232981000e-01,3.940569005e-01,-2.924119946e-02,-8.597973000e-03,2.412458890e-02,3.272256190e-02
1.182600000e+01,train,4.232591000e-01,3.940708030e-01,-2.918829700e-02,-8.583357000e-03,2.407870945e-02,3.266206645e-02
1.183100000e+01,train,4.232173000e-01,3.940822091e-01,-2.913509090e-02,-8.568717000e-03,2.403251891e-02,3.260123591e-02
1.183600000e+01,train,4.231729000e-01,3.940909186e-01,-2.908198137e-02,-8.554054000e-03,2.398635561e-02,3.254040961e-02
1.184100000e+01,validation,4.231258000e-01,3.940971347e-01,-2.902866530e-02,-8.539367000e-03,2.393987609e-02,3.247924309e-02
1.184600000e+01,train,4.230760000e-01,3.941007548e-01,-2.897524523e-02,-8.524658000e-03,2.389325990e-02,3.241791790e-02
1.185100000e+01,train,4.230236000e-01,3.941017837e-01,-2.892181633e-02,-8.509925000e-03,2.384648636e-02,3.235641136e-02
1.185600000e+01,train,4.229685000e-01,3.941002187e-01,-2.886828126e-02,-8.495169000e-03,2.379957230e-02,3.229474130e-02
1.186100000e+01,train,4.229108000e-01,3.940960395e-01,-2.881476051e-02,-8.480391000e-03,2.375268217e-02,3.223307317e-02
1.186600000e+01,validation,4.228504000e-01,3.940893923e-01,-2.876100773e-02,-8.465589000e-03,2.370530264e-02,3.217089164e-02
1.187100000e+01,test,4.227873000e-01,3.940801329e-01,-2.870716709e-02,-8.450765000e-03,2.365794316e-02,3.210870816e-02
1.187600000e+01,test,4.227216000e-01,3.940682833e-01,-2.865331670e-02,-8.435919000e-03,2.361043693e-02,3.204635593e-02
1.188100000e+01,train,4.226533000e-01,3.940539433e-01,-2.859935669e-02,-8.421050000e-03,2.356262122e-02,3.198367122e-02
1.188600000e+01,train,4.225823000e-01,3.940369940e-01,-2.854530596e-02,-8.406159000e-03,2.351482062e-02,3.192097962e-02
1.189100000e+01,train,4.225087000e-01,3.940175517e-01,-2.849114834e-02,-8.391246000e-03,2.346672759e-02,3.185797359e-02
1.189600000e+01,train,4.224324000e-01,3.939954325e-01,-2.843696749e-02,-8.376311000e-03,2.341860265e-02,3.179491365e-02
1.190100000e+01,train,4.223535000e-01,3.939708955e-01,-2.838260450e-02,-8.361354000e-03,2.337020650e-02,3.173156050e-02
1.190600000e+01,test,4.222720000e-01,3.939436756e-01,-2.832832439e-02,-8.346375000e-03,2.332181358e-02,3.166818858e-02
1.191100000e+01,validation,4.221879000e-01,3.939139793e-01,-2.827392067e-02,-8.331374000e-03,2.327306241e-02,3.160443641e-02
1.191600000e+01,train,4.221011000e-01,3.938817656e-01,-2.821933444e-02,-8.316352000e-03,2.322421445e-02,3.154056645e-02
1.192100000e+01,test,4.220117000e-01,3.938469784e-01,-2.816472156e-02,-8.301308000e-03,2.317516581e-02,3.147647381e-02
1.192600000e+01,train,4.219197000e-01,3.938096794e-01,-2.811002062e-02,-8.286244000e-03,2.312599857e-02,3.141224257e-02
1.193100000e+01,validation,4.218250000e-01,3.937697707e-01,-2.805522931e-02,-8.271157000e-03,2.307687151e-02,3.134802851e-02
1.193600000e+01,train,4.217278000e-01,3.937273865e-01,-2.800041347e-02,-8.256050000e-03,2.302739692e-02,3.128344692e-02
1.194100000e+01,validation,4.216280000e-01,3.936825276e-01,-2.794547236e-02,-8.240922000e-03,2.297757343e-02,3.121849543e-02
1.194600000e+01,train,4.215255000e-01,3.936350318e-01,-2.789046820e-02,-8.225773000e-03,2.292799105e-02,3.115376405e-02
1.195100000e+01,train,4.214204000e-01,3.935850627e-01,-2.783533735e-02,-8.210603000e-03,2.287805737e-02,3.108866037e-02
1.195600000e+01,train,4.213128000e-01,3.935326182e-01,-2.778018178e-02,-8.195412000e-03,2.282778811e-02,3.102320011e-02
1.196100000e+01,test,4.212025000e-01,3.934775439e-01,-2.772495613e-02,-8.180201000e-03,2.277773553e-02,3.095793653e-02
1.196600000e+01,train,4.210897000e-01,3.934199991e-01,-2.766970091e-02,-8.164970000e-03,2.272732668e-02,3.089229668e-02
1.197100000e+01,train,4.209742000e-01,3.933599510e-01,-2.761424901e-02,-8.149718000e-03,2.267678442e-02,3.082650242e-02
1.197600000e+01,train,4.208562000e-01,3.932974052e-01,-2.755879483e-02,-8.134446000e-03,2.262608675e-02,3.076053275e-02
1.198100000e+01,train,4.207356000e-01,3.932322893e-01,-2.750331075e-02,-8.119154000e-03,2.257520745e-02,3.069436145e-02
1.198600000e+01,train,4.206124000e-01,3.931647453e-01,-2.744765475e-02,-8.103842000e-03,2.252421603e-02,3.062805803e-02
1.199100000e+01,train,4.204866000e-01,3.930946333e-01,-2.739196667e-02,-8.088510000e-03,2.247303932e-02,3.056154932e-02
1.199600000e+01,train,4.203583000e-01,3.930219963e-01,-2.733630366e-02,-8.073158000e-03,2.242190819e-02,3.049506619e-02
1.200100000e+01,test,4.202273000e-01,3.929469918e-01,-2.728030816e-02,-8.057787000e-03,2.237026535e-02,3.042805235e-02
1.200600000e+01,train,4.200938000e-01,3.928693646e-01,-2.722443540e-02,-8.042396000e-03,2.231882703e-02,3.036122303e-02
1.201100000e+01,train,4.199578000e-01,3.927892763e-01,-2.716852372e-02,-8.026986000e-03,2.226701648e-02,3.029400248e-02
1.201600000e+01,train,4.198191000e-01,3.927066631e-01,-2.711243689e-02,-8.011556000e-03,2.221526357e-02,3.022681957e-02
1.202100000e+01,train,4.196780000e-01,3.926216894e-01,-2.705631059e-02,-7.996107000e-03,2.216297472e-02,3.015908172e-02
1.202600000e+01,train,4.195342000e-01,3.925340932e-01,-2.700010685e-02,-7.980639000e-03,2.211090251e-02,3.009154151e-02
1.203100000e+01,train,4.193879000e-01,3.924440051e-01,-2.694389490e-02,-7.965152000e-03,2.205867730e-02,3.002382930e-02
1.203600000e+01,train,4.192391000e-01,3.923515289e-01,-2.688757108e-02,-7.949647000e-03,2.200611760e-02,2.995576460e-02
1.204100000e+01,validation,4.190877000e-01,3.922565667e-01,-2.683113327e-02,-7.934122000e-03,2.195338263e-02,2.988750463e-02
1.204600000e+01,train,4.189337000e-01,3.921590850e-01,-2.677461500e-02,-7.918579000e-03,2.190069637e-02,2.981927537e-02
1.205100000e+01,train,4.187773000e-01,3.920591189e-01,-2.671818107e-02,-7.903017000e-03,2.184783212e-02,2.975084912e-02
1.205600000e+01,validation,4.186182000e-01,3.919567646e-01,-2.666143544e-02,-7.887437000e-03,2.179464617e-02,2.968208317e-02
1.206100000e+01,train,4.184567000e-01,3.918519276e-01,-2.660477235e-02,-7.871838000e-03,2.174127919e-02,2.961311719e-02
1.206600000e+01,test,4.182926000e-01,3.917445750e-01,-2.654802499e-02,-7.856221000e-03,2.168795451e-02,2.954417551e-02
1.207100000e+01,train,4.181260000e-01,3.916347115e-01,-2.649128848e-02,-7.840587000e-03,2.163465143e-02,2.947523843e-02
1.207600000e+01,validation,4.179569000e-01,3.915224631e-01,-2.643443686e-02,-7.824934000e-03,2.158102103e-02,2.940595503e-02
1.208100000e+01,train,4.177852000e-01,3.914077361e-01,-2.637746393e-02,-7.809263000e-03,2.152720316e-02,2.933646616e-02
1.208600000e+01,train,4.176110000e-01,3.912905962e-01,-2.632040378e-02,-7.793574000e-03,2.147325983e-02,2.926683383e-02
1.209100000e+01,train,4.174343000e-01,3.911709746e-01,-2.626332539e-02,-7.777868000e-03,2.141914683e-02,2.919701483e-02
1.209600000e+01,test,4.172551000e-01,3.910489465e-01,-2.620615352e-02,-7.762144000e-03,2.136488539e-02,2.912702939e-02
1.210100000e+01,train,4.170734000e-01,3.909244127e-01,-2.614898727e-02,-7.746402000e-03,2.131063687e-02,2.905703887e-02
1.210600000e+01,train,4.168892000e-01,3.907974999e-01,-2.609170006e-02,-7.730643000e-03,2.125605128e-02,2.898669428e-02
1.211100000e+01,train,4.167024000e-01,3.906680829e-01,-2.603431706e-02,-7.714867000e-03,2.120147633e-02,2.891634333e-02
1.211600000e+01,train,4.165132000e-01,3.905362849e-01,-2.597691507e-02,-7.699074000e-03,2.114658020e-02,2.884565420e-02
1.212100000e+01,train,4.163215000e-01,3.904019588e-01,-2.591954117e-02,-7.683263000e-03,2.109187738e-02,2.877514038e-02
1.212600000e+01,test,4.161273000e-01,3.902652573e-01,-2.586204271e-02,-7.667436000e-03,2.103683155e-02,2.870426755e-02
1.213100000e+01,train,4.159306000e-01,3.901261508e-01,-2.580444917e-02,-7.651592000e-03,2.098164737e-02,2.863323937e-02
1.213600000e+01,validation,4.157314000e-01,3.899846745e-01,-2.574672548e-02,-7.635731000e-03,2.092609832e-02,2.856182932e-02
1.214100000e+01,test,4.155297000e-01,3.898406654e-01,-2.568903458e-02,-7.619853000e-03,2.087077573e-02,2.849062873e-02
1.214600000e+01,validation,4.153256000e-01,3.896943534e-01,-2.563124657e-02,-7.603959000e-03,2.081514857e-02,2.841910757e-02
1.215100000e+01,train,4.151190000e-01,3.895455753e-01,-2.557342469e-02,-7.588048000e-03,2.075931330e-02,2.834736130e-02
1.215600000e+01,test,4.149099000e-01,3.893943706e-01,-2.551552944e-02,-7.572121000e-03,2.070351881e-02,2.827563981e-02
1.216100000e+01,train,4.146983000e-01,3.892406977e-01,-2.545760232e-02,-7.556178000e-03,2.064753220e-02,2.820371020e-02
1.216600000e+01,test,4.144843000e-01,3.890846946e-01,-2.539960539e-02,-7.540218000e-03,2.059144214e-02,2.813166014e-02
1.217100000e+01,train,4.142678000e-01,3.889263281e-01,-2.534147190e-02,-7.524243000e-03,2.053497679e-02,2.805921979e-02
1.217600000e+01,train,4.140488000e-01,3.887654353e-01,-2.528336469e-02,-7.508251000e-03,2.047872721e-02,2.798697821e-02
1.218100000e+01,train,4.138274000e-01,3.886022453e-01,-2.522515466e-02,-7.492244000e-03,2.042216388e-02,2.791440788e-02
1.218600000e+01,validation,4.136036000e-01,3.884366647e-01,-2.516693535e-02,-7.476221000e-03,2.036542624e-02,2.784164724e-02
1.219100000e+01,train,4.133772000e-01,3.882685900e-01,-2.510861004e-02,-7.460182000e-03,2.030869539e-02,2.776887739e-02
1.219600000e+01,train,4.131485000e-01,3.880981916e-01,-2.505030844e-02,-7.444128000e-03,2.025185040e-02,2.769597840e-02
1.220100000e+01,train,4.129173000e-01,3.879254046e-01,-2.499189542e-02,-7.428058000e-03,2.019482775e-02,2.762288575e-02
1.220600000e+01,train,4.126837000e-01,3.877503289e-01,-2.493337113e-02,-7.411973000e-03,2.013746487e-02,2.754943787e-02
1.221100000e+01,train,4.124476000e-01,3.875727593e-01,-2.487484067e-02,-7.395872000e-03,2.008012122e-02,2.747599322e-02
1.221600000e+01,train,4.122091000e-01,3.873928731e-01,-2.481622692e-02,-7.379757000e-03,2.002263943e-02,2.740239643e-02
1.222100000e+01,test,4.119682000e-01,3.872105027e-01,-2.475769731e-02,-7.363626000e-03,1.996513565e-02,2.732876165e-02
1.222600000e+01,test,4.117248000e-01,3.870259086e-01,-2.469889139e-02,-7.347481000e-03,1.990736778e-02,2.725484878e-02
1.223100000e+01,validation,4.114790000e-01,3.868388318e-01,-2.464016817e-02,-7.331320000e-03,1.984957570e-02,2.718089570e-02
1.223600000e+01,train,4.112308000e-01,3.866494370e-01,-2.458136298e-02,-7.315145000e-03,1.979166061e-02,2.710680561e-02
1.224100000e+01,validation,4.109802000e-01,3.864576616e-01,-2.452253844e-02,-7.298955000e-03,1.973355498e-02,2.703250998e-02
1.224600000e+01,train,4.107272000e-01,3.862635702e-01,-2.446362975e-02,-7.282751000e-03,1.967532278e-02,2.695807378e-02
1.225100000e+01,train,4.104718000e-01,3.860670948e-01,-2.440470518e-02,-7.266532000e-03,1.961691869e-02,2.688345069e-02
1.225600000e+01,validation,4.102139000e-01,3.858682797e-01,-2.434562033e-02,-7.250299000e-03,1.955857072e-02,2.680886972e-02
1.226100000e+01,train,4.099537000e-01,3.856671127e-01,-2.428658727e-02,-7.234051000e-03,1.949984165e-02,2.673389265e-02
1.226600000e+01,train,4.096911000e-01,3.854636034e-01,-2.422749663e-02,-7.217790000e-03,1.944118598e-02,2.665897598e-02
1.227100000e+01,train,4.094261000e-01,3.852577135e-01,-2.416838652e-02,-7.201514000e-03,1.938235270e-02,2.658386670e-02
1.227600000e+01,train,4.091586000e-01,3.850494867e-01,-2.410911327e-02,-7.185224000e-03,1.932357115e-02,2.650879515e-02
1.228100000e+01,train,4.088888000e-01,3.848390109e-01,-2.404978909e-02,-7.168921000e-03,1.926424132e-02,2.643316232e-02
1.228600000e+01,train,4.086167000e-01,3.846260971e-01,-2.399060289e-02,-7.152603000e-03,1.920514070e-02,2.635774370e-02
1.229100000e+01,train,4.083421000e-01,3.844108795e-01,-2.393122051e-02,-7.136272000e-03,1.914588146e-02,2.628215346e-02
1.229600000e+01,train,4.080652000e-01,3.841933490e-01,-2.387185099e-02,-7.119927000e-03,1.908650420e-02,2.620643120e-02
1.230100000e+01,train,4.077859000e-01,3.839735522e-01,-2.381234784e-02,-7.103569000e-03,1.902675015e-02,2.613031915e-02
1.230600000e+01,train,4.075042000e-01,3.837513136e-01,-2.375288640e-02,-7.087197000e-03,1.896723247e-02,2.605442947e-02
1.231100000e+01,train,4.072201000e-01,3.835268805e-01,-2.369321948e-02,-7.070812000e-03,1.890737757e-02,2.597818957e-02
1.231600000e+01,validation,4.069337000e-01,3.833000317e-01,-2.363366829e-02,-7.054414000e-03,1.884757324e-02,2.590198724e-02
1.232100000e+01,train,4.066450000e-01,3.830708892e-01,-2.357411079e-02,-7.038002000e-03,1.878759352e-02,2.582559552e-02
1.232600000e+01,train,4.063538000e-01,3.828395480e-01,-2.351425199e-02,-7.021578000e-03,1.872729665e-02,2.574887465e-02
1.233100000e+01,train,4.060604000e-01,3.826058066e-01,-2.345459338e-02,-7.005141000e-03,1.866699909e-02,2.567214009e-02
1.233600000e+01,validation,4.057646000e-01,3.823697257e-01,-2.339487428e-02,-6.988690000e-03,1.860678427e-02,2.559547427e-02
1.234100000e+01,validation,4.054664000e-01,3.821313886e-01,-2.333501144e-02,-6.972227000e-03,1.854617630e-02,2.551840330e-02
1.234600000e+01,train,4.051659000e-01,3.818908110e-01,-2.327508901e-02,-6.955752000e-03,1.848549005e-02,2.544124205e-02
1.235100000e+01,test,4.048631000e-01,3.816478103e-01,-2.321528966e-02,-6.939263000e-03,1.842499670e-02,2.536425970e-02
1.235600000e+01,validation,4.045579000e-01,3.814026223e-01,-2.315527767e-02,-6.922762000e-03,1.836415502e-02,2.528691702e-02
1.236100000e+01,train,4.042504000e-01,3.811551322e-01,-2.309526780e-02,-6.906249000e-03,1.830317866e-02,2.520942766e-02
1.236600000e+01,train,4.039406000e-01,3.809053441e-01,-2.303525592e-02,-6.889724000e-03,1.824204828e-02,2.513177228e-02
1.237100000e+01,train,4.036284000e-01,3.806533009e-01,-2.297509911e-02,-6.873186000e-03,1.818099435e-02,2.505418035e-02
1.237600000e+01,train,4.033140000e-01,3.803990045e-01,-2.291499550e-02,-6.856636000e-03,1.811955546e-02,2.497619146e-02
1.238100000e+01,train,4.029972000e-01,3.801423758e-01,-2.285482422e-02,-6.840074000e-03,1.805818827e-02,2.489826227e-02
1.238600000e+01,test,4.026781000e-01,3.798835221e-01,-2.279457794e-02,-6.823500000e-03,1.799669270e-02,2.482019270e-02
1.239100000e+01,train,4.023567000e-01,3.796223548e-01,-2.273434522e-02,-6.806914000e-03,1.793522400e-02,2.474213800e-02
1.239600000e+01,test,4.020330000e-01,3.793588967e-01,-2.267410326e-02,-6.790317000e-03,1.787358962e-02,2.466390662e-02
1.240100000e+01,train,4.017070000e-01,3.790932511e-01,-2.261374887e-02,-6.773708000e-03,1.781160903e-02,2.458531703e-02
1.240600000e+01,validation,4.013787000e-01,3.788253494e-01,-2.255335059e-02,-6.757087000e-03,1.774973258e-02,2.450681958e-02
1.241100000e+01,train,4.010481000e-01,3.785551642e-01,-2.249293581e-02,-6.740455000e-03,1.768767829e-02,2.442813329e-02
1.241600000e+01,train,4.007153000e-01,3.782827612e-01,-2.243253880e-02,-6.723811000e-03,1.762548405e-02,2.434929505e-02
1.242100000e+01,train,4.003801000e-01,3.780080404e-01,-2.237205958e-02,-6.707156000e-03,1.756333747e-02,2.427049347e-02
1.242600000e+01,train,4.000427000e-01,3.777311092e-01,-2.231159083e-02,-6.690489000e-03,1.750103848e-02,2.419152748e-02
1.243100000e+01,train,3.997029000e-01,3.774519518e-01,-2.225094815e-02,-6.673812000e-03,1.743863918e-02,2.411245118e-02
1.243600000e+01,test,3.993610000e-01,3.771705914e-01,-2.219040863e-02,-6.657124000e-03,1.737607501e-02,2.403319901e-02
1.244100000e+01,train,3.990167000e-01,3.768869399e-01,-2.212976009e-02,-6.640424000e-03,1.731334738e-02,2.395377138e-02
1.244600000e+01,train,3.986702000e-01,3.766011460e-01,-2.206905398e-02,-6.623714000e-03,1.725053839e-02,2.387425239e-02
1.245100000e+01,train,3.983214000e-01,3.763130424e-01,-2.200835759e-02,-6.606992000e-03,1.718773964e-02,2.379473164e-02
1.245600000e+01,train,3.979703000e-01,3.760227315e-01,-2.194756855e-02,-6.590261000e-03,1.712479646e-02,2.371505746e-02
1.246100000e+01,train,3.976170000e-01,3.757302017e-01,-2.188679835e-02,-6.573518000e-03,1.706174147e-02,2.363525947e-02
1.246600000e+01,train,3.972615000e-01,3.754354686e-01,-2.182603142e-02,-6.556765000e-03,1.699852298e-02,2.355528798e-02
1.247100000e+01,train,3.969037000e-01,3.751384979e-01,-2.176520206e-02,-6.540001000e-03,1.693536638e-02,2.347536738e-02
1.247600000e+01,train,3.965436000e-01,3.748393084e-01,-2.170429161e-02,-6.523227000e-03,1.687209873e-02,2.339532573e-02
1.248100000e+01,train,3.961813000e-01,3.745379228e-01,-2.164337717e-02,-6.506443000e-03,1.680865550e-02,2.331509850e-02
1.248600000e+01,train,3.958168000e-01,3.742343183e-01,-2.158248167e-02,-6.489649000e-03,1.674510168e-02,2.323475068e-02
1.249100000e+01,validation,3.954501000e-01,3.739285827e-01,-2.152151733e-02,-6.472844000e-03,1.668143635e-02,2.315428035e-02
1.249600000e+01,train,3.950811000e-01,3.736205445e-01,-2.146055553e-02,-6.456030000e-03,1.661777050e-02,2.307380050e-02
1.250100000e+01,train,3.947099000e-01,3.733103709e-01,-2.139952907e-02,-6.439205000e-03,1.655401315e-02,2.299321815e-02
1.250600000e+01,train,3.943364000e-01,3.729979898e-01,-2.133841016e-02,-6.422371000e-03,1.649011384e-02,2.291248484e-02
1.251100000e+01,test,3.939608000e-01,3.726834775e-01,-2.127732251e-02,-6.405526000e-03,1.642610405e-02,2.283163005e-02
1.251600000e+01,train,3.935829000e-01,3.723667649e-01,-2.121613510e-02,-6.388673000e-03,1.636193981e-02,2.275061281e-02
1.252100000e+01,validation,3.932029000e-01,3.720478219e-01,-2.115507812e-02,-6.371809000e-03,1.629782706e-02,2.266963606e-02
1.252600000e+01,train,3.928206000e-01,3.717267703e-01,-2.109382967e-02,-6.354936000e-03,1.623341199e-02,2.258834799e-02
1.253100000e+01,train,3.924361000e-01,3.714034916e-01,-2.103260844e-02,-6.338054000e-03,1.616905544e-02,2.250710944e-02
1.253600000e+01,validation,3.920494000e-01,3.710780855e-01,-2.097131445e-02,-6.321162000e-03,1.610457017e-02,2.242573217e-02
1.254100000e+01,test,3.916606000e-01,3.707504449e-01,-2.091015507e-02,-6.304260000e-03,1.604015683e-02,2.234441683e-02
1.254600000e+01,train,3.912695000e-01,3.704207104e-01,-2.084878959e-02,-6.287350000e-03,1.597541639e-02,2.226276639e-02
1.255100000e+01,train,3.908763000e-01,3.700888217e-01,-2.078747831e-02,-6.270431000e-03,1.591076004e-02,2.218119104e-02
1.255600000e+01,train,3.904809000e-01,3.697547326e-01,-2.072616744e-02,-6.253502000e-03,1.584595144e-02,2.209945344e-02
1.256100000e+01,train,3.900833000e-01,3.694185078e-01,-2.066479216e-02,-6.236565000e-03,1.578105451e-02,2.201761951e-02
1.256600000e+01,train,3.896835000e-01,3.690801664e-01,-2.060333365e-02,-6.219618000e-03,1.571602406e-02,2.193564206e-02
1.257100000e+01,validation,3.892815000e-01,3.687397007e-01,-2.054179926e-02,-6.202663000e-03,1.565087325e-02,2.185353625e-02
1.257600000e+01,train,3.888774000e-01,3.683970118e-01,-2.048038818e-02,-6.185699000e-03,1.558576393e-02,2.177146293e-02
1.258100000e+01,test,3.884711000e-01,3.680521987e-01,-2.041890127e-02,-6.168727000e-03,1.552053480e-02,2.168926180e-02
1.258600000e+01,test,3.880627000e-01,3.677052573e-01,-2.035744269e-02,-6.151746000e-03,1.545520573e-02,2.160695173e-02
1.259100000e+01,validation,3.876521000e-01,3.673561689e-01,-2.029593109e-02,-6.134756000e-03,1.538994995e-02,2.152470595e-02
1.259600000e+01,train,3.872394000e-01,3.670050855e-01,-2.023431449e-02,-6.117758000e-03,1.532420830e-02,2.144196630e-02
1.260100000e+01,train,3.868245000e-01,3.666517559e-01,-2.017274406e-02,-6.100752000e-03,1.525870202e-02,2.135945402e-02
1.260600000e+01,validation,3.864074000e-01,3.662963053e-01,-2.011109466e-02,-6.083738000e-03,1.519308391e-02,2.127682191e-02
1.261100000e+01,train,3.859883000e-01,3.659387077e-01,-2.004959232e-02,-6.066715000e-03,1.512754015e-02,2.119425515e-02
1.261600000e+01,train,3.855670000e-01,3.655791149e-01,-1.998788509e-02,-6.049684000e-03,1.506151177e-02,2.111119577e-02
1.262100000e+01,train,3.851435000e-01,3.652173783e-01,-1.992612170e-02,-6.032646000e-03,1.499556487e-02,2.102821087e-02
1.262600000e+01,train,3.847179000e-01,3.648534945e-01,-1.986440546e-02,-6.015599000e-03,1.492969325e-02,2.094529225e-02
1.263100000e+01,train,3.842903000e-01,3.644874937e-01,-1.980280626e-02,-5.998544000e-03,1.486369174e-02,2.086223574e-02
1.263600000e+01,validation,3.838604000e-01,3.641193417e-01,-1.974105833e-02,-5.981482000e-03,1.479778554e-02,2.077926754e-02
1.264100000e+01,train,3.834285000e-01,3.637491864e-01,-1.967931364e-02,-5.964412000e-03,1.473156263e-02,2.069597463e-02
1.264600000e+01,train,3.829945000e-01,3.633770016e-01,-1.961749837e-02,-5.947335000e-03,1.466508168e-02,2.061241668e-02
1.265100000e+01,train,3.825583000e-01,3.630025592e-01,-1.955574078e-02,-5.930250000e-03,1.459899893e-02,2.052924893e-02
1.265600000e+01,train,3.821201000e-01,3.626261897e-01,-1.949391027e-02,-5.913157000e-03,1.453250377e-02,2.044566077e-02
1.266100000e+01,train,3.816797000e-01,3.622476154e-01,-1.943208458e-02,-5.896057000e-03,1.446600950e-02,2.036206650e-02
1.266600000e+01,train,3.812373000e-01,3.618670652e-01,-1.937023481e-02,-5.878950000e-03,1.439948180e-02,2.027843180e-02
1.267100000e+01,train,3.807928000e-01,3.614844084e-01,-1.930839161e-02,-5.861836000e-03,1.433282007e-02,2.019465607e-02
1.267600000e+01,train,3.803461000e-01,3.610996043e-01,-1.924649574e-02,-5.844714000e-03,1.426623649e-02,2.011095049e-02
1.268100000e+01,train,3.798974000e-01,3.607128657e-01,-1.918453428e-02,-5.827585000e-03,1.419938256e-02,2.002696756e-02
1.268600000e+01,train,3.794467000e-01,3.603240206e-01,-1.912267944e-02,-5.810450000e-03,1.413239552e-02,1.994284552e-02
1.269100000e+01,train,3.789938000e-01,3.599331044e-01,-1.906069564e-02,-5.793307000e-03,1.406551845e-02,1.985882545e-02
1.269600000e+01,test,3.785389000e-01,3.595400440e-01,-1.899885598e-02,-5.776158000e-03,1.399872723e-02,1.977488523e-02
1.270100000e+01,train,3.780819000e-01,3.591450566e-01,-1.893684344e-02,-5.759001000e-03,1.393165383e-02,1.969065483e-02
1.270600000e+01,train,3.776228000e-01,3.587479551e-01,-1.887484495e-02,-5.741839000e-03,1.386446144e-02,1.960630044e-02
1.271100000e+01,validation,3.771617000e-01,3.583487898e-01,-1.881291023e-02,-5.724669000e-03,1.379736733e-02,1.952203633e-02
1.271600000e+01,train,3.766985000e-01,3.579476859e-01,-1.875081412e-02,-5.707493000e-03,1.373002437e-02,1.943751737e-02
1.272100000e+01,test,3.762333000e-01,3.575444264e-01,-1.868887357e-02,-5.690310000e-03,1.366292874e-02,1.935323874e-02
1.272600000e+01,train,3.757660000e-01,3.571392584e-01,-1.862674156e-02,-5.673122000e-03,1.359537948e-02,1.926850148e-02
1.273100000e+01,train,3.752967000e-01,3.567319234e-01,-1.856477657e-02,-5.655926000e-03,1.352811056e-02,1.918403656e-02
1.273600000e+01,train,3.748253000e-01,3.563226612e-01,-1.850263884e-02,-5.638725000e-03,1.346056161e-02,1.909928661e-02
1.274100000e+01,test,3.743519000e-01,3.559113652e-01,-1.844053484e-02,-5.621517000e-03,1.339290721e-02,1.901442421e-02
1.274600000e+01,train,3.738765000e-01,3.554980044e-01,-1.837849556e-02,-5.604303000e-03,1.332537926e-02,1.892968226e-02
1.275100000e+01,train,3.733991000e-01,3.550825913e-01,-1.831650870e-02,-5.587083000e-03,1.325791934e-02,1.884500234e-02
1.275600000e+01,validation,3.729196000e-01,3.546652654e-01,-1.825433459e-02,-5.569858000e-03,1.319002722e-02,1.875988522e-02
1.276100000e+01,train,3.724381000e-01,3.542458903e-01,-1.819220970e-02,-5.552626000e-03,1.312221041e-02,1.867483641e-02
1.276600000e+01,validation,3.719546000e-01,3.538245536e-01,-1.813004638e-02,-5.535389000e-03,1.305434023e-02,1.858972923e-02
1.277100000e+01,train,3.714691000e-01,3.534011604e-01,-1.806793964e-02,-5.518145000e-03,1.298655878e-02,1.850470378e-02
1.277600000e+01,train,3.709816000e-01,3.529757365e-01,-1.800586352e-02,-5.500896000e-03,1.291868079e-02,1.841957679e-02
1.278100000e+01,train,3.704920000e-01,3.525483584e-01,-1.794364164e-02,-5.483642000e-03,1.285073728e-02,1.833437928e-02
1.278600000e+01,train,3.700005000e-01,3.521190487e-01,-1.788145128e-02,-5.466382000e-03,1.278253632e-02,1.824891832e-02
1.279100000e+01,test,3.695070000e-01,3.516876898e-01,-1.781931022e-02,-5.449116000e-03,1.271441240e-02,1.816352840e-02
1.279600000e+01,train,3.690115000e-01,3.512543692e-01,-1.775713084e-02,-5.431846000e-03,1.264623700e-02,1.807808300e-02
1.280100000e+01,train,3.685140000e-01,3.508191057e-01,-1.769489432e-02,-5.414569000e-03,1.257796485e-02,1.799253385e-02
1.280600000e+01,validation,3.680145000e-01,3.503817773e-01,-1.763272266e-02,-5.397288000e-03,1.250982257e-02,1.790711057e-02
1.281100000e+01,train,3.675131000e-01,3.499424986e-01,-1.757060141e-02,-5.380001000e-03,1.244159783e-02,1.782159883e-02
1.281600000e+01,validation,3.670097000e-01,3.495012957e-01,-1.750840432e-02,-5.362710000e-03,1.237310406e-02,1.773581406e-02
1.282100000e+01,validation,3.665043000e-01,3.490581158e-01,-1.744618425e-02,-5.345413000e-03,1.230473921e-02,1.765015221e-02
1.282600000e+01,train,3.659969000e-01,3.486129853e-01,-1.738391472e-02,-5.328111000e-03,1.223629315e-02,1.756440415e-02
1.283100000e+01,train,3.654876000e-01,3.481659005e-01,-1.732169951e-02,-5.310805000e-03,1.216778432e-02,1.747858932e-02
1.283600000e+01,train,3.649763000e-01,3.477168687e-01,-1.725943127e-02,-5.293493000e-03,1.209920007e-02,1.739269307e-02
1.284100000e+01,train,3.644631000e-01,3.472658825e-01,-1.719721754e-02,-5.276177000e-03,1.203055440e-02,1.730673140e-02
1.284600000e+01,train,3.639479000e-01,3.468129490e-01,-1.713495099e-02,-5.258856000e-03,1.196183469e-02,1.722069069e-02
1.285100000e+01,train,3.634308000e-01,3.463580384e-01,-1.707276156e-02,-5.241531000e-03,1.189324582e-02,1.713477682e-02
1.285600000e+01,train,3.629118000e-01,3.459012765e-01,-1.701052351e-02,-5.224201000e-03,1.182441547e-02,1.704861647e-02
1.286100000e+01,train,3.623908000e-01,3.454424717e-01,-1.694832834e-02,-5.206866000e-03,1.175567941e-02,1.696254541e-02
1.286600000e+01,train,3.618678000e-01,3.449817927e-01,-1.688600733e-02,-5.189528000e-03,1.168689484e-02,1.687642284e-02
1.287100000e+01,train,3.613430000e-01,3.445192615e-01,-1.682373854e-02,-5.172184000e-03,1.161789589e-02,1.679007989e-02
1.287600000e+01,train,3.608162000e-01,3.440546580e-01,-1.676154200e-02,-5.154837000e-03,1.154917135e-02,1.670400835e-02
1.288100000e+01,test,3.602875000e-01,3.435883130e-01,-1.669918699e-02,-5.137485000e-03,1.148003840e-02,1.661752340e-02
1.288600000e+01,train,3.597569000e-01,3.431198913e-01,-1.663700868e-02,-5.120129000e-03,1.141120145e-02,1.653133045e-02
1.289100000e+01,validation,3.592244000e-01,3.426496218e-01,-1.657477824e-02,-5.102769000e-03,1.134213050e-02,1.644489950e-02
1.289600000e+01,train,3.586900000e-01,3.421774886e-01,-1.651251141e-02,-5.085405000e-03,1.127300660e-02,1.635841160e-02
1.290100000e+01,train,3.581537000e-01,3.417033780e-01,-1.645032204e-02,-5.068038000e-03,1.120401749e-02,1.627205549e-02
1.290600000e+01,train,3.576155000e-01,3.412274266e-01,-1.638807340e-02,-5.050666000e-03,1.113478311e-02,1.618544911e-02
1.291100000e+01,train,3.570753000e-01,3.407495970e-01,-1.632570297e-02,-5.033290000e-03,1.106552198e-02,1.609881198e-02
1.291600000e+01,train,3.565333000e-01,3.402698047e-01,-1.626349532e-02,-5.015911000e-03,1.099637071e-02,1.601228171e-02
1.292100000e+01,validation,3.559895000e-01,3.397882406e-01,-1.620125944e-02,-4.998528000e-03,1.092701889e-02,1.592554689e-02
1.292600000e+01,train,3.554437000e-01,3.393047136e-01,-1.613898638e-02,-4.981142000e-03,1.085777759e-02,1.583891959e-02
1.293100000e+01,train,3.548960000e-01,3.388193042e-01,-1.607669583e-02,-4.963751000e-03,1.078853110e-02,1.575228210e-02
1.293600000e+01,test,3.543465000e-01,3.383320655e-01,-1.601443450e-02,-4.946358000e-03,1.071900814e-02,1.566536614e-02
1.294100000e+01,train,3.537951000e-01,3.378428339e-01,-1.595226613e-02,-4.928961000e-03,1.064980190e-02,1.557876290e-02
1.294600000e+01,train,3.532419000e-01,3.373518262e-01,-1.589007384e-02,-4.911561000e-03,1.058041701e-02,1.549197801e-02
1.295100000e+01,test,3.526868000e-01,3.368589591e-01,-1.582784092e-02,-4.894157000e-03,1.051096183e-02,1.540511883e-02
1.295600000e+01,train,3.521298000e-01,3.363642240e-01,-1.576557603e-02,-4.876750000e-03,1.044147793e-02,1.531822793e-02
1.296100000e+01,train,3.515710000e-01,3.358676180e-01,-1.570338198e-02,-4.859340000e-03,1.037195692e-02,1.523129692e-02
1.296600000e+01,train,3.510104000e-01,3.353692246e-01,-1.564117537e-02,-4.841927000e-03,1.030241830e-02,1.514434530e-02
1.297100000e+01,validation,3.504479000e-01,3.348689560e-01,-1.557894402e-02,-4.824511000e-03,1.023286420e-02,1.505737520e-02
1.297600000e+01,train,3.498835000e-01,3.343668352e-01,-1.551666476e-02,-4.807092000e-03,1.016322854e-02,1.497032054e-02
1.298100000e+01,train,3.493174000e-01,3.338628466e-01,-1.545455342e-02,-4.789670000e-03,1.009356512e-02,1.488323512e-02
1.298600000e+01,train,3.487494000e-01,3.333570632e-01,-1.539233678e-02,-4.772245000e-03,1.002389767e-02,1.479614267e-02
1.299100000e+01,train,3.481795000e-01,3.328493932e-01,-1.533010676e-02,-4.754818000e-03,9.954375782e-03,1.470919378e-02
1.299600000e+01,train,3.476079000e-01,3.323398628e-01,-1.526803717e-02,-4.737388000e-03,9.884813479e-03,1.462220148e-02
1.300100000e+01,test,3.470344000e-01,3.318286709e-01,-1.520572906e-02,-4.719955000e-03,9.814861931e-03,1.453481693e-02
1.300600000e+01,test,3.464592000e-01,3.313154819e-01,-1.514371814e-02,-4.702519000e-03,9.745250975e-03,1.444776997e-02
1.301100000e+01,validation,3.458821000e-01,3.308006080e-01,-1.508149204e-02,-4.685082000e-03,9.675469051e-03,1.436055105e-02
1.301600000e+01,train,3.453032000e-01,3.302838441e-01,-1.501935594e-02,-4.667641000e-03,9.605827767e-03,1.427346877e-02
1.302100000e+01,train,3.447225000e-01,3.297653260e-01,-1.495717402e-02,-4.650198000e-03,9.535973998e-03,1.418617200e-02
1.302600000e+01,train,3.441401000e-01,3.292449141e-01,-1.489518585e-02,-4.632753000e-03,9.466279681e-03,1.409903268e-02
1.303100000e+01,train,3.435558000e-01,3.287227481e-01,-1.483305189e-02,-4.615306000e-03,9.396373568e-03,1.401167957e-02
1.303600000e+01,train,3.429697000e-01,3.281988636e-01,-1.477083639e-02,-4.597856000e-03,9.326497385e-03,1.392435338e-02
1.304100000e+01,train,3.423819000e-01,3.276731226e-01,-1.470877736e-02,-4.580405000e-03,9.256564313e-03,1.383696931e-02
1.304600000e+01,validation,3.417923000e-01,3.271455672e-01,-1.464673278e-02,-4.562951000e-03,9.186830663e-03,1.374978166e-02
1.305100000e+01,test,3.412009000e-01,3.266162546e-01,-1.458464544e-02,-4.545495000e-03,9.116878575e-03,1.366237357e-02
1.305600000e+01,train,3.406078000e-01,3.260851274e-01,-1.452267256e-02,-4.528037000e-03,9.047126575e-03,1.357516358e-02
1.306100000e+01,train,3.400129000e-01,3.255523420e-01,-1.446055800e-02,-4.510578000e-03,8.976995998e-03,1.348757400e-02
1.306600000e+01,test,3.394162000e-01,3.250176505e-01,-1.439854949e-02,-4.493116000e-03,8.907214050e-03,1.340033005e-02
1.307100000e+01,test,3.388178000e-01,3.244812704e-01,-1.433652959e-02,-4.475653000e-03,8.837259989e-03,1.331291299e-02
1.307600000e+01,train,3.382176000e-01,3.239431103e-01,-1.427448972e-02,-4.458188000e-03,8.767281321e-03,1.322546932e-02
1.308100000e+01,train,3.376157000e-01,3.234031657e-01,-1.421253426e-02,-4.440722000e-03,8.697299358e-03,1.313802136e-02
1.308600000e+01,train,3.370120000e-01,3.228614142e-01,-1.415058579e-02,-4.423253000e-03,8.627505831e-03,1.305075883e-02
1.309100000e+01,train,3.364066000e-01,3.223179816e-01,-1.408861844e-02,-4.405784000e-03,8.557527887e-03,1.296331189e-02
1.309600000e+01,train,3.357995000e-01,3.217728678e-01,-1.402663222e-02,-4.388313000e-03,8.487365868e-03,1.287567887e-02
1.310100000e+01,validation,3.351906000e-01,3.212258405e-01,-1.396475949e-02,-4.370840000e-03,8.417567803e-03,1.278840780e-02
1.310600000e+01,train,3.345800000e-01,3.206772344e-01,-1.390276564e-02,-4.353366000e-03,8.347432102e-03,1.270079810e-02
1.311100000e+01,train,3.339677000e-01,3.201268180e-01,-1.384088199e-02,-4.335891000e-03,8.277479226e-03,1.261337023e-02
1.311600000e+01,train,3.333537000e-01,3.195746245e-01,-1.377907546e-02,-4.318414000e-03,8.207512493e-03,1.252592649e-02
1.312100000e+01,test,3.327379000e-01,3.190208224e-01,-1.371707761e-02,-4.300937000e-03,8.137412765e-03,1.243834977e-02
1.312600000e+01,train,3.321205000e-01,3.184652171e-01,-1.365528294e-02,-4.283458000e-03,8.067485326e-03,1.235094333e-02
1.313100000e+01,train,3.315014000e-01,3.179079339e-01,-1.359346614e-02,-4.265978000e-03,7.997382807e-03,1.226336081e-02
1.313600000e+01,train,3.308805000e-01,3.173488362e-01,-1.353166380e-02,-4.248497000e-03,7.927485078e-03,1.217598208e-02
1.314100000e+01,train,3.302580000e-01,3.167881411e-01,-1.346985892e-02,-4.231016000e-03,7.857423888e-03,1.208843989e-02
1.314600000e+01,train,3.296338000e-01,3.162256691e-01,-1.340813088e-02,-4.213533000e-03,7.787349507e-03,1.200088251e-02
1.315100000e+01,validation,3.290079000e-01,3.156615620e-01,-1.334633795e-02,-4.196050000e-03,7.717331002e-03,1.191338100e-02
1.315600000e+01,train,3.283803000e-01,3.150956813e-01,-1.328461872e-02,-4.178566000e-03,7.647307301e-03,1.182587330e-02
1.316100000e+01,train,3.277510000e-01,3.145281654e-01,-1.322283460e-02,-4.161081000e-03,7.577340142e-03,1.173842114e-02
1.316600000e+01,train,3.271201000e-01,3.139588726e-01,-1.316122737e-02,-4.143595000e-03,7.507361180e-03,1.165095618e-02
1.317100000e+01,train,3.264875000e-01,3.133879556e-01,-1.309954441e-02,-4.126109000e-03,7.437432365e-03,1.156354136e-02
1.317600000e+01,train,3.258532000e-01,3.128153573e-01,-1.303784273e-02,-4.108622000e-03,7.367324985e-03,1.147594698e-02
1.318100000e+01,train,3.252173000e-01,3.122411347e-01,-1.297616534e-02,-4.091135000e-03,7.297268423e-03,1.138840342e-02
1.318600000e+01,train,3.245797000e-01,3.116651049e-01,-1.291459511e-02,-4.073648000e-03,7.227407114e-03,1.130105511e-02
1.319100000e+01,test,3.239405000e-01,3.110874809e-01,-1.285301909e-02,-4.056160000e-03,7.157392344e-03,1.121355234e-02
1.319600000e+01,validation,3.232996000e-01,3.105082480e-01,-1.279135204e-02,-4.038672000e-03,7.087250382e-03,1.112592238e-02
1.320100000e+01,train,3.226571000e-01,3.099272916e-01,-1.272980841e-02,-4.021183000e-03,7.017322154e-03,1.103850515e-02
1.320600000e+01,train,3.220130000e-01,3.093446312e-01,-1.266836882e-02,-4.003695000e-03,6.947409424e-03,1.095110442e-02
1.321100000e+01,train,3.213672000e-01,3.087603426e-01,-1.260685743e-02,-3.986206000e-03,6.877568393e-03,1.086377439e-02
1.321600000e+01,train,3.207198000e-01,3.081744636e-01,-1.254533642e-02,-3.968717000e-03,6.807556747e-03,1.077627375e-02
1.322100000e+01,validation,3.200708000e-01,3.075868424e-01,-1.248395763e-02,-3.951228000e-03,6.737805680e-03,1.068903368e-02
1.322600000e+01,train,3.194202000e-01,3.069977376e-01,-1.242246243e-02,-3.933739000e-03,6.667708739e-03,1.060144774e-02
1.323100000e+01,train,3.187679000e-01,3.064068254e-01,-1.236107460e-02,-3.916251000e-03,6.597810868e-03,1.051406187e-02
1.323600000e+01,test,3.181141000e-01,3.058143614e-01,-1.229973860e-02,-3.898762000e-03,6.528016753e-03,1.042677875e-02
1.324100000e+01,train,3.174586000e-01,3.052202996e-01,-1.223830039e-02,-3.881274000e-03,6.458066701e-03,1.033934070e-02
1.324600000e+01,train,3.168016000e-01,3.046245446e-01,-1.217705540e-02,-3.863786000e-03,6.388127846e-03,1.025191385e-02
1.325100000e+01,train,3.161429000e-01,3.040272302e-01,-1.211566978e-02,-3.846298000e-03,6.318307411e-03,1.016460541e-02
1.325600000e+01,test,3.154827000e-01,3.034282265e-01,-1.205447353e-02,-3.828810000e-03,6.248479995e-03,1.007728999e-02
1.326100000e+01,test,3.148208000e-01,3.028276633e-01,-1.199313667e-02,-3.811323000e-03,6.178771662e-03,9.990094662e-03
1.326600000e+01,train,3.141574000e-01,3.022254182e-01,-1.193198181e-02,-3.793837000e-03,6.109044072e-03,9.902881072e-03
1.327100000e+01,test,3.134924000e-01,3.016216365e-01,-1.187076347e-02,-3.776351000e-03,6.039243634e-03,9.815594634e-03
1.327600000e+01,train,3.128259000e-01,3.010163368e-01,-1.180956322e-02,-3.758865000e-03,5.969326587e-03,9.728191587e-03
1.328100000e+01,train,3.121578000e-01,3.004093137e-01,-1.174848629e-02,-3.741381000e-03,5.899628018e-03,9.641009018e-03
1.328600000e+01,train,3.114881000e-01,2.998007727e-01,-1.168732729e-02,-3.723896000e-03,5.829812819e-03,9.553708819e-03
1.329100000e+01,test,3.108168000e-01,2.991905772e-01,-1.162622277e-02,-3.706413000e-03,5.760260730e-03,9.466673730e-03
1.329600000e+01,train,3.101440000e-01,2.985787649e-01,-1.156523512e-02,-3.688931000e-03,5.690753579e-03,9.379684579e-03
1.330100000e+01,train,3.094697000e-01,2.979654605e-01,-1.150423951e-02,-3.671449000e-03,5.620946255e-03,9.292395255e-03
1.330600000e+01,validation,3.087938000e-01,2.973505708e-01,-1.144322921e-02,-3.653968000e-03,5.551445579e-03,9.205413579e-03
1.331100000e+01,train,3.081163000e-01,2.967340941e-01,-1.138220587e-02,-3.636488000e-03,5.481786744e-03,9.118274744e-03
1.331600000e+01,validation,3.074374000e-01,2.961160695e-01,-1.132133055e-02,-3.619010000e-03,5.412218133e-03,9.031228133e-03
1.332100000e+01,train,3.067569000e-01,2.954965228e-01,-1.126037719e-02,-3.601532000e-03,5.342554841e-03,8.944086841e-03
1.332600000e+01,train,3.060749000e-01,2.948753366e-01,-1.119956343e-02,-3.584055000e-03,5.273130378e-03,8.857185378e-03
1.333100000e+01,train,3.053913000e-01,2.942526249e-01,-1.113867515e-02,-3.566580000e-03,5.203606008e-03,8.770186008e-03
1.333600000e+01,validation,3.047062000e-01,2.936283688e-01,-1.107783121e-02,-3.549106000e-03,5.134178409e-03,8.683284409e-03
1.334100000e+01,test,3.040197000e-01,2.930025645e-01,-1.101713547e-02,-3.531633000e-03,5.064843401e-03,8.596476401e-03
1.334600000e+01,train,3.033316000e-01,2.923752423e-01,-1.095635769e-02,-3.514161000e-03,4.995395837e-03,8.509556837e-03
1.335100000e+01,train,3.026420000e-01,2.917463066e-01,-1.089569344e-02,-3.496691000e-03,4.926003588e-03,8.422694588e-03
1.335600000e+01,train,3.019509000e-01,2.911158918e-01,-1.083500820e-02,-3.479223000e-03,4.856747403e-03,8.335970403e-03
1.336100000e+01,train,3.012583000e-01,2.904839666e-01,-1.077433338e-02,-3.461755000e-03,4.787366020e-03,8.249121020e-03
1.336600000e+01,train,3.005642000e-01,2.898504966e-01,-1.071370340e-02,-3.444290000e-03,4.718085519e-03,8.162375519e-03
1.337100000e+01,train,2.998687000e-01,2.892155551e-01,-1.065314490e-02,-3.426826000e-03,4.648928391e-03,8.075754391e-03
1.337600000e+01,test,2.991716000e-01,2.885789925e-01,-1.059260747e-02,-3.409363000e-03,4.579841948e-03,7.989204948e-03
1.338100000e+01,train,2.984731000e-01,2.879409846e-01,-1.053211544e-02,-3.391903000e-03,4.510694377e-03,7.902597377e-03
1.338600000e+01,train,2.977731000e-01,2.873014473e-01,-1.047165270e-02,-3.374444000e-03,4.441596201e-03,7.816040201e-03
1.339100000e+01,train,2.970717000e-01,2.866604531e-01,-1.041124691e-02,-3.356986000e-03,4.372470812e-03,7.729456812e-03
1.339600000e+01,train,2.963688000e-01,2.860179222e-01,-1.035087778e-02,-3.339531000e-03,4.303408459e-03,7.642939459e-03
1.340100000e+01,train,2.956644000e-01,2.853739493e-01,-1.029045068e-02,-3.322078000e-03,4.234292929e-03,7.556370929e-03
1.340600000e+01,train,2.949586000e-01,2.847284057e-01,-1.023019432e-02,-3.304626000e-03,4.165465399e-03,7.470091399e-03
1.341100000e+01,validation,2.942513000e-01,2.840814280e-01,-1.016987198e-02,-3.287177000e-03,4.096546191e-03,7.383723191e-03
1.341600000e+01,validation,2.935426000e-01,2.834329973e-01,-1.010960275e-02,-3.269730000e-03,4.027582559e-03,7.297312559e-03
1.342100000e+01,test,2.928324000e-01,2.827830369e-01,-1.004936310e-02,-3.252284000e-03,3.958695471e-03,7.210979471e-03
1.342600000e+01,train,2.921208000e-01,2.821316008e-01,-9.989199239e-03,-3.234841000e-03,3.889956351e-03,7.124797351e-03
1.343100000e+01,train,2.914078000e-01,2.814787232e-01,-9.929076778e-03,-3.217401000e-03,3.821139867e-03,7.038540867e-03
1.343600000e+01,train,2.906934000e-01,2.808243888e-01,-9.869011192e-03,-3.199962000e-03,3.752425783e-03,6.952387783e-03
1.344100000e+01,train,2.899775000e-01,2.801685749e-01,-9.808925067e-03,-3.182526000e-03,3.683878837e-03,6.866404837e-03
1.344600000e+01,train,2.892602000e-01,2.795113269e-01,-9.748873118e-03,-3.165092000e-03,3.615243247e-03,6.780335247e-03
1.345100000e+01,train,2.885416000e-01,2.788526408e-01,-9.688959182e-03,-3.147660000e-03,3.546538242e-03,6.694198242e-03
1.345600000e+01,test,2.878215000e-01,2.781924830e-01,-9.629017020e-03,-3.130231000e-03,3.477963593e-03,6.608194593e-03
1.346100000e+01,validation,2.871000000e-01,2.775308606e-01,-9.569139390e-03,-3.112805000e-03,3.409530765e-03,6.522335765e-03
1.346600000e+01,train,2.863771000e-01,2.768677812e-01,-9.509318774e-03,-3.095381000e-03,3.341202997e-03,6.436583997e-03
1.347100000e+01,train,2.856528000e-01,2.762033255e-01,-9.449474509e-03,-3.077959000e-03,3.272863110e-03,6.350822110e-03
1.347600000e+01,train,2.849271000e-01,2.755374391e-01,-9.389660860e-03,-3.060541000e-03,3.204442503e-03,6.264983503e-03
1.348100000e+01,train,2.842000000e-01,2.748700585e-01,-9.329941498e-03,-3.043125000e-03,3.136344843e-03,6.179469843e-03
1.348600000e+01,train,2.834716000e-01,2.742013348e-01,-9.270265182e-03,-3.025712000e-03,3.068038736e-03,6.093750736e-03
1.349100000e+01,train,2.827418000e-01,2.735312535e-01,-9.210546455e-03,-3.008301000e-03,2.999676287e-03,6.007977287e-03
1.349600000e+01,validation,2.820106000e-01,2.728595823e-01,-9.151017701e-03,-2.990894000e-03,2.931806015e-03,5.922700015e-03
1.350100000e+01,train,2.812781000e-01,2.721866713e-01,-9.091428742e-03,-2.973489000e-03,2.863546357e-03,5.837035357e-03
1.350600000e+01,train,2.805442000e-01,2.715122693e-01,-9.031930657e-03,-2.956088000e-03,2.795617866e-03,5.751705866e-03
1.351100000e+01,test,2.798089000e-01,2.708365059e-01,-8.972394129e-03,-2.938689000e-03,2.727653921e-03,5.666342921e-03
1.351600000e+01,train,2.790723000e-01,2.701592742e-01,-8.913025776e-03,-2.921293000e-03,2.659830177e-03,5.581123177e-03
1.352100000e+01,train,2.783343000e-01,2.694807801e-01,-8.853519884e-03,-2.903901000e-03,2.591809974e-03,5.495710974e-03
1.352600000e+01,validation,2.775950000e-01,2.688008025e-01,-8.794197459e-03,-2.886512000e-03,2.524109248e-03,5.410621248e-03
1.353100000e+01,train,2.768544000e-01,2.681194559e-01,-8.734944104e-03,-2.869126000e-03,2.456388040e-03,5.325514040e-03
1.353600000e+01,train,2.761124000e-01,2.674367252e-01,-8.675674802e-03,-2.851743000e-03,2.388823895e-03,5.240566895e-03
1.354100000e+01,test,2.753691000e-01,2.667526327e-01,-8.616467335e-03,-2.834363000e-03,2.321227634e-03,5.155590634e-03
1.354600000e+01,train,2.746245000e-01,2.660671746e-01,-8.557325362e-03,-2.816987000e-03,2.253617795e-03,5.070604795e-03
1.355100000e+01,train,2.738786000e-01,2.653803980e-01,-8.498201952e-03,-2.799614000e-03,2.186202922e-03,4.985816922e-03
1.355600000e+01,test,2.731313000e-01,2.646921982e-01,-8.439101844e-03,-2.782245000e-03,2.118700374e-03,4.900945374e-03
1.356100000e+01,train,2.723828000e-01,2.640026718e-01,-8.380128243e-03,-2.764879000e-03,2.051432605e-03,4.816311605e-03
1.356600000e+01,validation,2.716329000e-01,2.633117951e-01,-8.321104924e-03,-2.747517000e-03,1.984101077e-03,4.731618077e-03
1.357100000e+01,train,2.708818000e-01,2.626195229e-01,-8.262277120e-03,-2.730158000e-03,1.916962107e-03,4.647120107e-03
1.357600000e+01,train,2.701293000e-01,2.619259655e-01,-8.203334536e-03,-2.712803000e-03,1.849822453e-03,4.562625453e-03
1.358100000e+01,validation,2.693756000e-01,2.612311457e-01,-8.144454330e-03,-2.695451000e-03,1.782490216e-03,4.477941216e-03
1.358600000e+01,validation,2.686206000e-01,2.605348159e-01,-8.085784146e-03,-2.678104000e-03,1.715692404e-03,4.393796404e-03
1.359100000e+01,train,2.678643000e-01,2.598372967e-01,-8.027003325e-03,-2.660760000e-03,1.648725858e-03,4.309485858e-03
1.359600000e+01,train,2.671067000e-01,2.591384195e-01,-7.968280531e-03,-2.643420000e-03,1.581735993e-03,4.225155993e-03
1.360100000e+01,train,2.663478000e-01,2.584381240e-01,-7.909676025e-03,-2.626083000e-03,1.515132784e-03,4.141215784e-03
1.360600000e+01,test,2.655877000e-01,2.577366766e-01,-7.851023420e-03,-2.608751000e-03,1.448144336e-03,4.056895336e-03
1.361100000e+01,validation,2.648264000e-01,2.570338109e-01,-7.792589082e-03,-2.591423000e-03,1.381543165e-03,3.972966165e-03
1.361600000e+01,test,2.640637000e-01,2.563296676e-01,-7.734032355e-03,-2.574098000e-03,1.314930158e-03,3.889028158e-03
1.362100000e+01,train,2.632999000e-01,2.556241978e-01,-7.675702172e-03,-2.556778000e-03,1.248556328e-03,3.805334328e-03
1.362600000e+01,train,2.625347000e-01,2.549174805e-01,-7.617219523e-03,-2.539462000e-03,1.181966843e-03,3.721428843e-03
1.363100000e+01,train,2.617684000e-01,2.542094481e-01,-7.558951892e-03,-2.522150000e-03,1.115583887e-03,3.637733887e-03
1.363600000e+01,train,2.610007000e-01,2.535001340e-01,-7.500565953e-03,-2.504842000e-03,1.049210641e-03,3.554052641e-03
1.364100000e+01,validation,2.602319000e-01,2.527895050e-01,-7.442395009e-03,-2.487539000e-03,9.830445351e-04,3.470583535e-03
1.364600000e+01,validation,2.594618000e-01,2.520775943e-01,-7.384205733e-03,-2.470239000e-03,9.168887645e-04,3.387127764e-03
1.365100000e+01,validation,2.586906000e-01,2.513644678e-01,-7.326132195e-03,-2.452944000e-03,8.507783557e-04,3.303722356e-03
1.365600000e+01,train,2.579180000e-01,2.506500335e-01,-7.267966548e-03,-2.435654000e-03,7.848643942e-04,3.220518394e-03
1.366100000e+01,validation,2.571443000e-01,2.499343104e-01,-7.209989604e-03,-2.418368000e-03,7.189733021e-04,3.137341302e-03
1.366600000e+01,test,2.563694000e-01,2.492174122e-01,-7.151987819e-03,-2.401086000e-03,6.529191118e-04,3.054005112e-03
1.367100000e+01,train,2.555933000e-01,2.484991688e-01,-7.094131167e-03,-2.383809000e-03,5.872789699e-04,2.971087970e-03
1.367600000e+01,train,2.548159000e-01,2.477796442e-01,-7.036255798e-03,-2.366536000e-03,5.216496536e-04,2.888185654e-03
1.368100000e+01,train,2.540374000e-01,2.470589110e-01,-6.978489025e-03,-2.349269000e-03,4.560559172e-04,2.805324917e-03
1.368600000e+01,train,2.532577000e-01,2.463369652e-01,-6.920734793e-03,-2.332005000e-03,3.905176645e-04,2.722522664e-03
1.369100000e+01,test,2.524768000e-01,2.456138072e-01,-6.862992779e-03,-2.314747000e-03,3.250338189e-04,2.639780819e-03
1.369600000e+01,train,2.516947000e-01,2.448893790e-01,-6.805320965e-03,-2.297493000e-03,2.595308329e-04,2.557023833e-03
1.370100000e+01,validation,2.509114000e-01,2.441637009e-01,-6.747699084e-03,-2.280244000e-03,1.943015723e-04,2.474545572e-03
1.370600000e+01,validation,2.501270000e-01,2.434368180e-01,-6.690181997e-03,-2.263000000e-03,1.291146416e-04,2.392114642e-03
1.371100000e+01,validation,2.493414000e-01,2.427086275e-01,-6.632772501e-03,-2.245760000e-03,6.412681142e-05,2.309886811e-03
1.371600000e+01,train,2.485547000e-01,2.419793310e-01,-6.575369003e-03,-2.228526000e-03,-9.784292014e-07,2.227547571e-03
1.372100000e+01,train,2.477668000e-01,2.412487849e-01,-6.518015073e-03,-2.211297000e-03,-6.581015078e-05,2.145486849e-03
1.372600000e+01,validation,2.469777000e-01,2.405170752e-01,-6.460624800e-03,-2.194072000e-03,-1.308338765e-04,2.063238124e-03
1.373100000e+01,validation,2.461875000e-01,2.397841192e-01,-6.403380786e-03,-2.176853000e-03,-1.955761767e-04,1.981276823e-03
1.373600000e+01,train,2.453961000e-01,2.390499548e-01,-6.346145217e-03,-2.159639000e-03,-2.602795975e-04,1.899359403e-03
1.374100000e+01,validation,2.446037000e-01,2.383145628e-01,-6.289137155e-03,-2.142430000e-03,-3.247465897e-04,1.817683410e-03
1.374600000e+01,test,2.438100000e-01,2.375780504e-01,-6.231949615e-03,-2.125226000e-03,-3.893039292e-04,1.735922071e-03
1.375100000e+01,train,2.430153000e-01,2.368403144e-01,-6.174985602e-03,-2.108027000e-03,-4.536438724e-04,1.654383128e-03
1.375600000e+01,train,2.422194000e-01,2.361013695e-01,-6.118030484e-03,-2.090834000e-03,-5.179175099e-04,1.572916490e-03
1.376100000e+01,train,2.414224000e-01,2.353612815e-01,-6.061118502e-03,-2.073646000e-03,-5.820893196e-04,1.491556680e-03
1.376600000e+01,train,2.406243000e-01,2.346200000e-01,-6.004299953e-03,-2.056463000e-03,-6.462471244e-04,1.410215876e-03
1.377100000e+01,train,2.398251000e-01,2.338776746e-01,-5.947425438e-03,-2.039286000e-03,-7.104642597e-04,1.328821740e-03
1.377600000e+01,test,2.390248000e-01,2.331340111e-01,-5.890788865e-03,-2.022114000e-03,-7.742479148e-04,1.247866085e-03
1.378100000e+01,train,2.382234000e-01,2.323893224e-01,-5.834077578e-03,-2.004948000e-03,-8.381359209e-04,1.166812079e-03
1.378600000e+01,validation,2.374209000e-01,2.316433978e-01,-5.777502213e-03,-1.987788000e-03,-9.017660299e-04,1.086021970e-03
1.379100000e+01,train,2.366173000e-01,2.308963675e-01,-5.720932455e-03,-1.970633000e-03,-9.655098052e-04,1.005123195e-03
1.379600000e+01,train,2.358127000e-01,2.301481021e-01,-5.664597945e-03,-1.953483000e-03,-1.028998334e-03,9.244846659e-04
1.380100000e+01,train,2.350069000e-01,2.293987700e-01,-5.608130026e-03,-1.936339000e-03,-1.092353259e-03,8.439857412e-04
1.380600000e+01,validation,2.342001000e-01,2.286483389e-01,-5.551761063e-03,-1.919201000e-03,-1.155830040e-03,7.633709599e-04
1.381100000e+01,train,2.333922000e-01,2.278967497e-01,-5.495450336e-03,-1.902069000e-03,-1.219023904e-03,6.830450955e-04
1.381600000e+01,train,2.325832000e-01,2.271439549e-01,-5.439245134e-03,-1.884943000e-03,-1.282163618e-03,6.027793816e-04
1.382100000e+01,train,2.317732000e-01,2.263900929e-01,-5.383107085e-03,-1.867822000e-03,-1.345165381e-03,5.226566191e-04
1.382600000e+01,train,2.309621000e-01,2.256352017e-01,-5.326898256e-03,-1.850708000e-03,-1.408248650e-03,4.424593498e-04
1.383100000e+01,test,2.301500000e-01,2.248790522e-01,-5.270947836e-03,-1.833599000e-03,-1.470880261e-03,3.627187389e-04
1.383600000e+01,validation,2.293368000e-01,2.241218953e-01,-5.214904729e-03,-1.816496000e-03,-1.533780073e-03,2.827159275e-04
1.384100000e+01,train,2.285226000e-01,2.233635870e-01,-5.159012991e-03,-1.799400000e-03,-1.596405056e-03,2.029949444e-04
1.384600000e+01,train,2.277074000e-01,2.226042110e-01,-5.103189005e-03,-1.782309000e-03,-1.658887399e-03,1.234216011e-04
1.385100000e+01,train,2.268911000e-01,2.218436984e-01,-5.047401624e-03,-1.765225000e-03,-1.721269901e-03,4.395509940e-05
1.385600000e+01,train,2.260738000e-01,2.210821634e-01,-4.991636595e-03,-1.748147000e-03,-1.783741977e-03,-3.559497716e-05
1.386100000e+01,train,2.252554000e-01,2.203194692e-01,-4.935930785e-03,-1.731074000e-03,-1.845922500e-03,-1.148485000e-04
1.386600000e+01,train,2.244361000e-01,2.195557143e-01,-4.880385651e-03,-1.714009000e-03,-1.907970324e-03,-1.939613238e-04
1.387100000e+01,test,2.236157000e-01,2.187908994e-01,-4.824800627e-03,-1.696949000e-03,-1.969887829e-03,-2.729388294e-04
1.387600000e+01,train,2.227944000e-01,2.180249550e-01,-4.769444960e-03,-1.679896000e-03,-2.031715808e-03,-3.518198077e-04
1.388100000e+01,train,2.219720000e-01,2.172580492e-01,-4.713950840e-03,-1.662849000e-03,-2.093572049e-03,-4.307230493e-04
1.388600000e+01,train,2.211487000e-01,2.164900137e-01,-4.658686336e-03,-1.645809000e-03,-2.155336839e-03,-5.095278391e-04
1.389100000e+01,train,2.203243000e-01,2.157208952e-01,-4.603404751e-03,-1.628775000e-03,-2.216777845e-03,-5.880028446e-04
1.389600000e+01,train,2.194990000e-01,2.149507461e-01,-4.548253915e-03,-1.611748000e-03,-2.278287343e-03,-6.665393432e-04
1.390100000e+01,test,2.186726000e-01,2.141796050e-01,-4.492994971e-03,-1.594727000e-03,-2.339618002e-03,-7.448910021e-04
1.390600000e+01,train,2.178453000e-01,2.134073416e-01,-4.437958408e-03,-1.577713000e-03,-2.400867822e-03,-8.231548220e-04
1.391100000e+01,validation,2.170171000e-01,2.126340869e-01,-4.383013150e-03,-1.560705000e-03,-2.461940931e-03,-9.012359306e-04
1.391600000e+01,validation,2.161878000e-01,2.118597780e-01,-4.328021986e-03,-1.543704000e-03,-2.522886457e-03,-9.791824571e-04
1.392100000e+01,train,2.153576000e-01,2.110844389e-01,-4.273161068e-03,-1.526710000e-03,-2.583901074e-03,-1.057191074e-03
1.392600000e+01,train,2.145265000e-01,2.103080848e-01,-4.218415211e-03,-1.509723000e-03,-2.644541274e-03,-1.134818274e-03
1.393100000e+01,validation,2.136943000e-01,2.095307073e-01,-4.163592708e-03,-1.492742000e-03,-2.705260382e-03,-1.212518382e-03
1.393600000e+01,validation,2.128613000e-01,2.087522385e-01,-4.109061480e-03,-1.475768000e-03,-2.765634505e-03,-1.289866505e-03
1.394100000e+01,train,2.120273000e-01,2.079728151e-01,-4.054484926e-03,-1.458801000e-03,-2.826042799e-03,-1.367241799e-03
1.394600000e+01,test,2.111923000e-01,2.071924367e-01,-3.999863265e-03,-1.441841000e-03,-2.886483717e-03,-1.444642717e-03
1.395100000e+01,train,2.103565000e-01,2.064109744e-01,-3.945525568e-03,-1.424888000e-03,-2.946591198e-03,-1.521703198e-03
1.395600000e+01,test,2.095196000e-01,2.056285577e-01,-3.891042323e-03,-1.407943000e-03,-3.006732748e-03,-1.598789748e-03
1.396100000e+01,train,2.086819000e-01,2.048451483e-01,-3.836751714e-03,-1.391004000e-03,-3.066687196e-03,-1.675683196e-03
1.396600000e+01,train,2.078433000e-01,2.040607611e-01,-3.782538937e-03,-1.374072000e-03,-3.126480284e-03,-1.752408284e-03
1.397100000e+01,train,2.070037000e-01,2.032753199e-01,-3.728380138e-03,-1.357147000e-03,-3.186142231e-03,-1.828995231e-03
1.397600000e+01,validation,2.061632000e-01,2.024889853e-01,-3.674214693e-03,-1.340230000e-03,-3.245778805e-03,-1.905548805e-03
1.398100000e+01,validation,2.053218000e-01,2.017015738e-01,-3.620226210e-03,-1.323320000e-03,-3.305090791e-03,-1.981770791e-03
1.398600000e+01,train,2.044796000e-01,2.009132764e-01,-3.566323640e-03,-1.306417000e-03,-3.364389913e-03,-2.057972913e-03
1.399100000e+01,train,2.036364000e-01,2.001240307e-01,-3.512369281e-03,-1.289521000e-03,-3.423727740e-03,-2.134206740e-03
1.399600000e+01,test,2.027923000e-01,1.993337926e-01,-3.458507382e-03,-1.272633000e-03,-3.482876722e-03,-2.210243722e-03
1.400100000e+01,train,2.019474000e-01,1.985425461e-01,-3.404853947e-03,-1.255752000e-03,-3.541654747e-03,-2.285902747e-03
1.400600000e+01,train,2.011016000e-01,1.977503445e-01,-3.351255496e-03,-1.238879000e-03,-3.600460366e-03,-2.361581366e-03
1.401100000e+01,train,2.002548000e-01,1.969572632e-01,-3.297536759e-03,-1.222013000e-03,-3.659258315e-03,-2.437245315e-03
1.401600000e+01,train,1.994073000e-01,1.961632660e-01,-3.244033962e-03,-1.205155000e-03,-3.717837339e-03,-2.512682339e-03
1.402100000e+01,train,1.985588000e-01,1.953682215e-01,-3.190578514e-03,-1.188304000e-03,-3.776290455e-03,-2.587986455e-03
1.402600000e+01,train,1.977095000e-01,1.945723588e-01,-3.137141216e-03,-1.171461000e-03,-3.834679421e-03,-2.663218421e-03
1.403100000e+01,train,1.968594000e-01,1.937755183e-01,-3.083881651e-03,-1.154625000e-03,-3.892902544e-03,-2.738277544e-03
1.403600000e+01,train,1.960084000e-01,1.929776619e-01,-3.030738141e-03,-1.137797000e-03,-3.950738098e-03,-2.812941098e-03
1.404100000e+01,train,1.951565000e-01,1.921790548e-01,-2.977445247e-03,-1.120977000e-03,-4.008929564e-03,-2.887952564e-03
1.404600000e+01,train,1.943038000e-01,1.913794092e-01,-2.924390843e-03,-1.104165000e-03,-4.066542796e-03,-2.962377796e-03
1.405100000e+01,train,1.934503000e-01,1.905789069e-01,-2.871393056e-03,-1.087360000e-03,-4.124338598e-03,-3.036978598e-03
1.405600000e+01,train,1.925959000e-01,1.897773958e-01,-2.818504208e-03,-1.070563000e-03,-4.181756924e-03,-3.111193924e-03
1.406100000e+01,train,1.917408000e-01,1.889750818e-01,-2.765718237e-03,-1.053775000e-03,-4.239136844e-03,-3.185361844e-03
1.406600000e+01,test,1.908847000e-01,1.881718800e-01,-2.712819998e-03,-1.036994000e-03,-4.296488869e-03,-3.259494869e-03
1.407100000e+01,train,1.900279000e-01,1.873677618e-01,-2.660138174e-03,-1.020221000e-03,-4.353615494e-03,-3.333394494e-03
1.407600000e+01,train,1.891703000e-01,1.865627406e-01,-2.607559361e-03,-1.003456000e-03,-4.410535313e-03,-3.407079313e-03
1.408100000e+01,train,1.883118000e-01,1.857568400e-01,-2.554960021e-03,-9.866992000e-04,-4.467443458e-03,-3.480744258e-03
1.408600000e+01,train,1.874526000e-01,1.849501283e-01,-2.502471734e-03,-9.699506000e-04,-4.524294464e-03,-3.554343864e-03
1.409100000e+01,train,1.865926000e-01,1.841424765e-01,-2.450123548e-03,-9.532100000e-04,-4.580722475e-03,-3.627512475e-03
1.409600000e+01,test,1.857317000e-01,1.833339446e-01,-2.397755378e-03,-9.364777000e-04,-4.637134871e-03,-3.700657171e-03
1.410100000e+01,test,1.848701000e-01,1.825246319e-01,-2.345468146e-03,-9.197536000e-04,-4.693693247e-03,-3.773939647e-03
1.410600000e+01,train,1.840077000e-01,1.817143865e-01,-2.293313531e-03,-9.030377000e-04,-4.749840968e-03,-3.846803268e-03
1.411100000e+01,test,1.831445000e-01,1.809032307e-01,-2.241269256e-03,-8.863302000e-04,-4.805766635e-03,-3.919436435e-03
1.411600000e+01,validation,1.822806000e-01,1.800913628e-01,-2.189237199e-03,-8.696310000e-04,-4.861793718e-03,-3.992162718e-03
1.412100000e+01,test,1.814159000e-01,1.792785546e-01,-2.137345449e-03,-8.529402000e-04,-4.917394552e-03,-4.064454352e-03
1.412600000e+01,train,1.805504000e-01,1.784649721e-01,-2.085427869e-03,-8.362578000e-04,-4.973149310e-03,-4.136891510e-03
1.413100000e+01,train,1.796841000e-01,1.776504495e-01,-2.033650534e-03,-8.195840000e-04,-5.028477388e-03,-4.208893388e-03
1.413600000e+01,train,1.788172000e-01,1.768352147e-01,-1.981985295e-03,-8.029186000e-04,-5.083906019e-03,-4.280987419e-03
1.414100000e+01,train,1.779494000e-01,1.760190764e-01,-1.930323593e-03,-7.862618000e-04,-5.139120348e-03,-4.352858548e-03
1.414600000e+01,train,1.770809000e-01,1.752021044e-01,-1.878795601e-03,-7.696136000e-04,-5.194082224e-03,-4.424468624e-03
1.415100000e+01,train,1.762117000e-01,1.743843206e-01,-1.827379433e-03,-7.529740000e-04,-5.248978221e-03,-4.496004221e-03
1.415600000e+01,validation,1.753418000e-01,1.735657940e-01,-1.776006038e-03,-7.363431000e-04,-5.303766278e-03,-4.567423178e-03
1.416100000e+01,train,1.744711000e-01,1.727464630e-01,-1.724637010e-03,-7.197209000e-04,-5.358501035e-03,-4.638780135e-03
1.416600000e+01,train,1.735997000e-01,1.719261990e-01,-1.673500993e-03,-7.031075000e-04,-5.412818689e-03,-4.709711189e-03
1.417100000e+01,train,1.727276000e-01,1.711051994e-01,-1.622400647e-03,-6.865029000e-04,-5.467038833e-03,-4.780535933e-03
1.417600000e+01,train,1.718547000e-01,1.702834871e-01,-1.571212922e-03,-6.699071000e-04,-5.521353905e-03,-4.851446805e-03
1.418100000e+01,train,1.709812000e-01,1.694609402e-01,-1.520259845e-03,-6.533202000e-04,-5.575409195e-03,-4.922088995e-03
1.418600000e+01,validation,1.701070000e-01,1.686375586e-01,-1.469441382e-03,-6.367422000e-04,-5.629204505e-03,-4.992462305e-03
1.419100000e+01,validation,1.692320000e-01,1.678134716e-01,-1.418528436e-03,-6.201732000e-04,-5.683105152e-03,-5.062931952e-03
1.419600000e+01,train,1.683564000e-01,1.669885125e-01,-1.367887456e-03,-6.036132000e-04,-5.736528763e-03,-5.132915563e-03
1.420100000e+01,validation,1.674801000e-01,1.661628251e-01,-1.317274940e-03,-5.870623000e-04,-5.789864708e-03,-5.202802408e-03
1.420600000e+01,test,1.666030000e-01,1.653364244e-01,-1.266575627e-03,-5.705204000e-04,-5.843290409e-03,-5.272770009e-03
1.421100000e+01,validation,1.657254000e-01,1.645092657e-01,-1.216134346e-03,-5.539877000e-04,-5.896426389e-03,-5.342438689e-03
1.421600000e+01,train,1.648470000e-01,1.636812944e-01,-1.165705627e-03,-5.374641000e-04,-5.949487872e-03,-5.412023772e-03
1.422100000e+01,test,1.639680000e-01,1.628525644e-01,-1.115435645e-03,-5.209497000e-04,-6.002255322e-03,-5.481305622e-03
1.422600000e+01,validation,1.630883000e-01,1.620230912e-01,-1.065208753e-03,-5.044446000e-04,-6.054908116e-03,-5.550463516e-03
1.423100000e+01,train,1.622079000e-01,1.611929587e-01,-1.014941348e-03,-4.879488000e-04,-6.107429069e-03,-5.619480269e-03
1.423600000e+01,train,1.613269000e-01,1.603620209e-01,-9.648791160e-04,-4.714623000e-04,-6.159887054e-03,-5.688424754e-03
1.424100000e+01,train,1.604453000e-01,1.595303171e-01,-9.149828802e-04,-4.549851000e-04,-6.212037262e-03,-5.757052162e-03
1.424600000e+01,train,1.595630000e-01,1.586979761e-01,-8.650239367e-04,-4.385174000e-04,-6.264243004e-03,-5.825725604e-03
1.425100000e+01,train,1.586800000e-01,1.578648688e-01,-8.151311637e-04,-4.220592000e-04,-6.316139312e-03,-5.894080112e-03
1.425600000e+01,train,1.577965000e-01,1.570310030e-01,-7.654970277e-04,-4.056104000e-04,-6.367739646e-03,-5.962129246e-03
1.426100000e+01,train,1.569123000e-01,1.561964006e-01,-7.158993585e-04,-3.891711000e-04,-6.419231771e-03,-6.030060671e-03
1.426600000e+01,train,1.560274000e-01,1.553611606e-01,-6.662393723e-04,-3.727415000e-04,-6.470776047e-03,-6.098034547e-03
1.427100000e+01,train,1.551420000e-01,1.545252610e-01,-6.167389825e-04,-3.563214000e-04,-6.522185066e-03,-6.165863666e-03
1.427600000e+01,test,1.542559000e-01,1.536885951e-01,-5.673048718e-04,-3.399110000e-04,-6.573282419e-03,-6.233371419e-03
1.428100000e+01,train,1.533693000e-01,1.528511699e-01,-5.181300918e-04,-3.235103000e-04,-6.624078341e-03,-6.300568041e-03
1.428600000e+01,train,1.524820000e-01,1.520131069e-01,-4.688930964e-04,-3.071193000e-04,-6.674924382e-03,-6.367805082e-03
1.429100000e+01,validation,1.515941000e-01,1.511743768e-01,-4.197232386e-04,-2.907381000e-04,-6.725620124e-03,-6.434882024e-03
1.429600000e+01,train,1.507057000e-01,1.503349560e-01,-3.707439735e-04,-2.743667000e-04,-6.775970351e-03,-6.501603651e-03
1.430100000e+01,train,1.498166000e-01,1.494949050e-01,-3.216949869e-04,-2.580051000e-04,-6.826383172e-03,-6.568378072e-03
1.430600000e+01,train,1.489270000e-01,1.486541867e-01,-2.728132732e-04,-2.416535000e-04,-6.876643884e-03,-6.634990384e-03
1.431100000e+01,train,1.480367000e-01,1.478127084e-01,-2.239915847e-04,-2.253118000e-04,-6.926597513e-03,-6.701285713e-03
1.431600000e+01,train,1.471459000e-01,1.469706615e-01,-1.752384507e-04,-2.089800000e-04,-6.976558629e-03,-6.767578629e-03
1.432100000e+01,train,1.462546000e-01,1.461278255e-01,-1.267745119e-04,-1.926583000e-04,-7.026012807e-03,-6.833354507e-03
1.432600000e+01,validation,1.453626000e-01,1.452844276e-01,-7.817242565e-05,-1.763466000e-04,-7.075483225e-03,-6.899136625e-03
1.433100000e+01,train,1.444702000e-01,1.444404682e-01,-2.973177041e-05,-1.600451000e-04,-7.124971684e-03,-6.964926584e-03
1.433600000e+01,test,1.435771000e-01,1.435957416e-01,1.864164750e-05,-1.437536000e-04,-7.174139207e-03,-7.030385607e-03
1.434100000e+01,train,1.426835000e-01,1.427504234e-01,6.692344972e-05,-1.274724000e-04,-7.223119715e-03,-7.095647315e-03
1.434600000e+01,train,1.417894000e-01,1.419044448e-01,1.150447628e-04,-1.112013000e-04,-7.271955190e-03,-7.160753890e-03
1.435100000e+01,test,1.408947000e-01,1.410579040e-01,1.632040231e-04,-9.494057000e-05,-7.320804111e-03,-7.225863541e-03
1.435600000e+01,test,1.399995000e-01,1.402106654e-01,2.111653522e-04,-7.869008000e-05,-7.369290618e-03,-7.290600538e-03
1.436100000e+01,train,1.391037000e-01,1.393628419e-01,2.591419492e-04,-6.244994000e-05,-7.417599214e-03,-7.355149274e-03
1.436600000e+01,train,1.382075000e-01,1.385143503e-01,3.068503207e-04,-4.622017000e-05,-7.465746510e-03,-7.419526340e-03
1.437100000e+01,train,1.373107000e-01,1.376652668e-01,3.545667769e-04,-3.000082000e-05,-7.513703242e-03,-7.483702422e-03
1.437600000e+01,train,1.364134000e-01,1.368156288e-01,4.022287705e-04,-1.379192000e-05,-7.561685638e-03,-7.547893718e-03
1.438100000e+01,train,1.355155000e-01,1.359653610e-01,4.498609854e-04,2.406471000e-06,-7.609258170e-03,-7.611664641e-03
1.438600000e+01,train,1.346172000e-01,1.351145312e-01,4.973311691e-04,1.859433000e-05,-7.656841746e-03,-7.675436076e-03
1.439100000e+01,validation,1.337184000e-01,1.342630176e-01,5.446175841e-04,3.477160000e-05,-7.704083279e-03,-7.738854879e-03
1.439600000e+01,validation,1.328191000e-01,1.334110039e-01,5.919038984e-04,5.093826000e-05,-7.751282432e-03,-7.802220692e-03
1.440100000e+01,train,1.319193000e-01,1.325584048e-01,6.391047771e-04,6.709426000e-05,-7.798297250e-03,-7.865391510e-03
1.440600000e+01,validation,1.310190000e-01,1.317052138e-01,6.862137666e-04,8.323956000e-05,-7.845119177e-03,-7.928358737e-03
1.441100000e+01,train,1.301182000e-01,1.308514228e-01,7.332228396e-04,9.937412000e-05,-7.891731758e-03,-7.991105878e-03
1.441600000e+01,test,1.292169000e-01,1.299971534e-01,7.802534034e-04,1.154979000e-04,-7.938336498e-03,-8.053834398e-03
1.442100000e+01,train,1.283152000e-01,1.291421850e-01,8.269850038e-04,1.316109000e-04,-7.984569021e-03,-8.116179921e-03
1.442600000e+01,train,1.274130000e-01,1.282868223e-01,8.738222501e-04,1.477130000e-04,-8.030928669e-03,-8.178641669e-03
1.443100000e+01,validation,1.265104000e-01,1.274307454e-01,9.203454064e-04,1.638042000e-04,-8.076738568e-03,-8.240542768e-03
1.443600000e+01,test,1.256073000e-01,1.265741750e-01,9.668750227e-04,1.798844000e-04,-8.122512074e-03,-8.302396474e-03
1.444100000e+01,train,1.247037000e-01,1.257170810e-01,1.013380988e-03,1.959537000e-04,-8.168045130e-03,-8.363998830e-03
1.444600000e+01,train,1.237997000e-01,1.248595307e-01,1.059830661e-03,2.120120000e-04,-8.213756487e-03,-8.425768487e-03
1.445100000e+01,train,1.228953000e-01,1.240013275e-01,1.106027489e-03,2.280592000e-04,-8.258860628e-03,-8.486919828e-03
1.445600000e+01,train,1.219904000e-01,1.231426309e-01,1.152230935e-03,2.440953000e-04,-8.303927846e-03,-8.548023146e-03
1.446100000e+01,test,1.210851000e-01,1.222833487e-01,1.198248659e-03,2.601202000e-04,-8.348805122e-03,-8.608925322e-03
1.446600000e+01,train,1.201794000e-01,1.214236417e-01,1.244241705e-03,2.761340000e-04,-8.393601961e-03,-8.669735961e-03
1.447100000e+01,train,1.192732000e-01,1.205634107e-01,1.290210712e-03,2.921365000e-04,-8.438154324e-03,-8.730290824e-03
1.447600000e+01,validation,1.183666000e-01,1.197025943e-01,1.335994258e-03,3.081278000e-04,-8.482517012e-03,-8.790644812e-03
1.448100000e+01,train,1.174596000e-01,1.188413605e-01,1.381760512e-03,3.241078000e-04,-8.526811260e-03,-8.850919060e-03
1.448600000e+01,train,1.165522000e-01,1.179796022e-01,1.427402222e-03,3.400765000e-04,-8.570857386e-03,-8.910933886e-03
1.449100000e+01,test,1.156445000e-01,1.171173203e-01,1.472820302e-03,3.560337000e-04,-8.614659864e-03,-8.970693564e-03
1.449600000e+01,test,1.147363000e-01,1.162545213e-01,1.518221325e-03,3.719796000e-04,-8.658227004e-03,-9.030206604e-03
1.450100000e+01,test,1.138277000e-01,1.153912976e-01,1.563597568e-03,3.879139000e-04,-8.701710919e-03,-9.089624819e-03
1.450600000e+01,train,1.129187000e-01,1.145275566e-01,1.608856561e-03,4.038368000e-04,-8.744957948e-03,-9.148794748e-03
1.451100000e+01,train,1.120094000e-01,1.136634280e-01,1.654028024e-03,4.197481000e-04,-8.788336376e-03,-9.208084476e-03
1.451600000e+01,train,1.110996000e-01,1.127987450e-01,1.699145044e-03,4.356479000e-04,-8.831262176e-03,-9.266910076e-03
1.452100000e+01,train,1.101895000e-01,1.119335155e-01,1.744015451e-03,4.515360000e-04,-8.873750243e-03,-9.325286243e-03
1.452600000e+01,test,1.092791000e-01,1.110679966e-01,1.788896560e-03,4.674125000e-04,-8.916526735e-03,-9.383939235e-03
1.453100000e+01,train,1.083683000e-01,1.102019231e-01,1.833623108e-03,4.832772000e-04,-8.958848981e-03,-9.442126181e-03
1.453600000e+01,train,1.074571000e-01,1.093353327e-01,1.878232655e-03,4.991302000e-04,-9.000933666e-03,-9.500063866e-03
1.454100000e+01,train,1.065455000e-01,1.084684234e-01,1.922923403e-03,5.149715000e-04,-9.043105292e-03,-9.558076792e-03
1.454600000e+01,train,1.056337000e-01,1.076009593e-01,1.967259334e-03,5.308009000e-04,-9.084820395e-03,-9.615621295e-03
1.455100000e+01,train,1.047214000e-01,1.067331760e-01,2.011776027e-03,5.466184000e-04,-9.126619604e-03,-9.673238004e-03
1.455600000e+01,validation,1.038089000e-01,1.058648454e-01,2.055945393e-03,5.624240000e-04,-9.167975116e-03,-9.730399116e-03
1.456100000e+01,train,1.028960000e-01,1.049961883e-01,2.100188336e-03,5.782177000e-04,-9.209402164e-03,-9.787619864e-03
1.456600000e+01,train,1.019828000e-01,1.041270902e-01,2.144290176e-03,5.939994000e-04,-9.250559013e-03,-9.844558413e-03
1.457100000e+01,validation,1.010692000e-01,1.032575360e-01,2.188336037e-03,6.097691000e-04,-9.291418875e-03,-9.901187975e-03
1.457600000e+01,train,1.001554000e-01,1.023875336e-01,2.232133612e-03,6.255267000e-04,-9.331995996e-03,-9.957522696e-03
1.458100000e+01,train,9.924119000e-02,1.015171129e-01,2.275922949e-03,6.412722000e-04,-9.372493320e-03,-1.001376552e-02
1.458600000e+01,train,9.832671000e-02,1.006463409e-01,2.319630921e-03,6.570056000e-04,-9.412893344e-03,-1.006989894e-02
1.459100000e+01,train,9.741193000e-02,9.977522377e-02,2.363293765e-03,6.727267000e-04,-9.453163090e-03,-1.012588979e-02
1.459600000e+01,train,9.649685000e-02,9.890365384e-02,2.406803841e-03,6.884357000e-04,-9.493155694e-03,-1.018159139e-02
1.460100000e+01,train,9.558149000e-02,9.803164273e-02,2.450152734e-03,7.041323000e-04,-9.532875498e-03,-1.023700780e-02
1.460600000e+01,train,9.466583000e-02,9.715927143e-02,2.493441430e-03,7.198167000e-04,-9.572436753e-03,-1.029225345e-02
1.461100000e+01,validation,9.374989000e-02,9.628655013e-02,2.536660135e-03,7.354887000e-04,-9.611871381e-03,-1.034736008e-02
1.461600000e+01,train,9.283367000e-02,9.541347300e-02,2.579802999e-03,7.511483000e-04,-9.651139366e-03,-1.040228767e-02
1.462100000e+01,validation,9.191718000e-02,9.453994133e-02,2.622761334e-03,7.667955000e-04,-9.690079935e-03,-1.045687543e-02
1.462600000e+01,train,9.100043000e-02,9.366615567e-02,2.665725672e-03,7.824303000e-04,-9.729034683e-03,-1.051146498e-02
1.463100000e+01,train,9.008341000e-02,9.279190905e-02,2.708499049e-03,7.980525000e-04,-9.767618634e-03,-1.056567113e-02
1.463600000e+01,train,8.916613000e-02,9.191740238e-02,2.751272378e-03,8.136621000e-04,-9.806175368e-03,-1.061983747e-02
1.464100000e+01,test,8.824860000e-02,9.104243497e-02,2.793834970e-03,8.292592000e-04,-9.844361806e-03,-1.067362101e-02
1.464600000e+01,train,8.733082000e-02,9.016721176e-02,2.836391760e-03,8.448436000e-04,-9.882512291e-03,-1.072735589e-02
1.465100000e+01,train,8.641280000e-02,8.929151698e-02,2.878716977e-03,8.604154000e-04,-9.920256387e-03,-1.078067179e-02
1.465600000e+01,test,8.549454000e-02,8.841565220e-02,2.921112202e-03,8.759745000e-04,-9.958073448e-03,-1.083404795e-02
1.466100000e+01,validation,8.457605000e-02,8.753932283e-02,2.963272833e-03,8.915208000e-04,-9.995494375e-03,-1.088701517e-02
1.466600000e+01,train,8.365733000e-02,8.666272143e-02,3.005391426e-03,9.070543000e-04,-1.003280518e-02,-1.093985948e-02
1.467100000e+01,train,8.273839000e-02,8.578575905e-02,3.047369054e-03,9.225749000e-04,-1.006987511e-02,-1.099245001e-02
1.467600000e+01,test,8.181923000e-02,8.490851407e-02,3.089284074e-03,9.380827000e-04,-1.010680015e-02,-1.104488285e-02
1.468100000e+01,train,8.089986000e-02,8.403100108e-02,3.131141078e-03,9.535776000e-04,-1.014360499e-02,-1.109718259e-02
1.468600000e+01,train,7.998028000e-02,8.315310618e-02,3.172826183e-03,9.690595000e-04,-1.018010082e-02,-1.114916032e-02
1.469100000e+01,validation,7.906049000e-02,8.227494036e-02,3.214450360e-03,9.845285000e-04,-1.021645605e-02,-1.120098455e-02
1.469600000e+01,train,7.814051000e-02,8.139639713e-02,3.255887135e-03,9.999844000e-04,-1.025249488e-02,-1.125247928e-02
1.470100000e+01,train,7.722033000e-02,8.051767103e-02,3.297341026e-03,1.015427000e-03,-1.028851840e-02,-1.130394540e-02
1.470600000e+01,train,7.629997000e-02,7.963856875e-02,3.338598746e-03,1.030857000e-03,-1.032419658e-02,-1.135505358e-02
1.471100000e+01,train,7.537942000e-02,7.875917778e-02,3.379757780e-03,1.046273000e-03,-1.035968691e-02,-1.140595991e-02
1.471600000e+01,train,7.445869000e-02,7.787960509e-02,3.420915089e-03,1.061677000e-03,-1.039513227e-02,-1.145680927e-02
1.472100000e+01,train,7.353779000e-02,7.699963867e-02,3.461848673e-03,1.077067000e-03,-1.043018644e-02,-1.150725344e-02
1.472600000e+01,test,7.261672000e-02,7.611949062e-02,3.502770619e-03,1.092444000e-03,-1.046519553e-02,-1.155763953e-02
1.473100000e+01,train,7.169549000e-02,7.523905898e-02,3.543568980e-03,1.107807000e-03,-1.049997720e-02,-1.160778420e-02
1.473600000e+01,train,7.077410000e-02,7.435832636e-02,3.584226359e-03,1.123157000e-03,-1.053448702e-02,-1.165764402e-02
1.474100000e+01,train,6.985256000e-02,7.347740923e-02,3.624849231e-03,1.138494000e-03,-1.056893136e-02,-1.170742536e-02
1.474600000e+01,validation,6.893086000e-02,7.259618745e-02,3.665327448e-03,1.153817000e-03,-1.060307955e-02,-1.175689655e-02
1.475100000e+01,train,6.800902000e-02,7.171468680e-02,3.705666801e-03,1.169127000e-03,-1.063699352e-02,-1.180612052e-02
1.475600000e+01,test,6.708705000e-02,7.083297482e-02,3.745924824e-03,1.184423000e-03,-1.067073408e-02,-1.185515708e-02
1.476100000e+01,validation,6.616494000e-02,6.995106434e-02,3.786124344e-03,1.199706000e-03,-1.070435146e-02,-1.190405746e-02
1.476600000e+01,train,6.524270000e-02,6.906886134e-02,3.826161341e-03,1.214975000e-03,-1.073767895e-02,-1.195265395e-02
1.477100000e+01,test,6.432033000e-02,6.818645417e-02,3.866124171e-03,1.230231000e-03,-1.077084398e-02,-1.200107498e-02
1.477600000e+01,train,6.339785000e-02,6.730384704e-02,3.905997041e-03,1.245472000e-03,-1.080383792e-02,-1.204930992e-02
1.478100000e+01,train,6.247525000e-02,6.642093373e-02,3.945683732e-03,1.260700000e-03,-1.083648633e-02,-1.209718633e-02
1.478600000e+01,train,6.155254000e-02,6.553790458e-02,3.985364581e-03,1.275915000e-03,-1.086909895e-02,-1.214501395e-02
1.479100000e+01,train,6.062973000e-02,6.465458078e-02,4.024850783e-03,1.291115000e-03,-1.090136978e-02,-1.219248478e-02
1.479600000e+01,validation,5.970682000e-02,6.377113823e-02,4.064318231e-03,1.306302000e-03,-1.093358449e-02,-1.223988649e-02
1.480100000e+01,train,5.878382000e-02,6.288749007e-02,4.103670072e-03,1.321475000e-03,-1.096558809e-02,-1.228706309e-02
1.480600000e+01,train,5.786072000e-02,6.200362505e-02,4.142905048e-03,1.336633000e-03,-1.099734266e-02,-1.233397566e-02
1.481100000e+01,train,5.693754000e-02,6.111955086e-02,4.182010863e-03,1.351778000e-03,-1.102886253e-02,-1.238064053e-02
1.481600000e+01,validation,5.601428000e-02,6.023525262e-02,4.220972621e-03,1.366909000e-03,-1.106012094e-02,-1.242702994e-02
1.482100000e+01,train,5.509095000e-02,5.935084129e-02,4.259891290e-03,1.382026000e-03,-1.109128641e-02,-1.247331241e-02
1.482600000e+01,train,5.416754000e-02,5.846621781e-02,4.298677814e-03,1.397128000e-03,-1.112219617e-02,-1.251932417e-02
1.483100000e+01,train,5.324407000e-02,5.758146730e-02,4.337397297e-03,1.412217000e-03,-1.115295609e-02,-1.256517309e-02
1.483600000e+01,test,5.232054000e-02,5.669649443e-02,4.375954430e-03,1.427291000e-03,-1.118342767e-02,-1.261071867e-02
1.484100000e+01,validation,5.139696000e-02,5.581139736e-02,4.414437360e-03,1.442351000e-03,-1.121376830e-02,-1.265611930e-02
1.484600000e+01,validation,5.047332000e-02,5.492617517e-02,4.452855173e-03,1.457397000e-03,-1.124393355e-02,-1.270133055e-02
1.485100000e+01,test,4.954964000e-02,5.404072676e-02,4.491086762e-03,1.472428000e-03,-1.127378486e-02,-1.274621286e-02
1.485600000e+01,train,4.862592000e-02,5.315514840e-02,4.529228399e-03,1.487446000e-03,-1.130346536e-02,-1.279091136e-02
1.486100000e+01,train,4.770216000e-02,5.226954078e-02,4.567380779e-03,1.502448000e-03,-1.133311093e-02,-1.283555893e-02
1.486600000e+01,validation,4.677838000e-02,5.138370069e-02,4.605320691e-03,1.517437000e-03,-1.136240005e-02,-1.287983705e-02
1.487100000e+01,validation,4.585456000e-02,5.049772491e-02,4.643164913e-03,1.532411000e-03,-1.139147847e-02,-1.292388947e-02
1.487600000e+01,train,4.493073000e-02,4.961162002e-02,4.680890016e-03,1.547370000e-03,-1.142035463e-02,-1.296772463e-02
1.488100000e+01,train,4.400688000e-02,4.872537627e-02,4.718496269e-03,1.562315000e-03,-1.144899851e-02,-1.301131351e-02
1.488600000e+01,test,4.308302000e-02,4.783899762e-02,4.755977621e-03,1.577245000e-03,-1.147740025e-02,-1.305464525e-02
1.489100000e+01,train,4.215915000e-02,4.695257113e-02,4.793421134e-03,1.592161000e-03,-1.150571549e-02,-1.309787649e-02
1.489600000e+01,validation,4.123529000e-02,4.606601438e-02,4.830724378e-03,1.607062000e-03,-1.153378204e-02,-1.314084404e-02
1.490100000e+01,validation,4.031142000e-02,4.517930503e-02,4.867885025e-03,1.621948000e-03,-1.156156014e-02,-1.318350814e-02
1.490600000e+01,train,3.938757000e-02,4.429255342e-02,4.904983415e-03,1.636819000e-03,-1.158921509e-02,-1.322603409e-02
1.491100000e+01,train,3.846373000e-02,4.340565646e-02,4.941926462e-03,1.651676000e-03,-1.161659331e-02,-1.326826931e-02
1.491600000e+01,train,3.753990000e-02,4.251871396e-02,4.978813960e-03,1.666518000e-03,-1.164382617e-02,-1.331034417e-02
1.492100000e+01,train,3.661610000e-02,4.163172255e-02,5.015622552e-03,1.681345000e-03,-1.167092613e-02,-1.335227113e-02
1.492600000e+01,validation,3.569233000e-02,4.074457605e-02,5.052246049e-03,1.696157000e-03,-1.169768405e-02,-1.339384105e-02
1.493100000e+01,train,3.476860000e-02,3.985737409e-02,5.088774091e-03,1.710954000e-03,-1.172426534e-02,-1.343521934e-02
1.493600000e+01,train,3.384490000e-02,3.897012089e-02,5.125220889e-03,1.725736000e-03,-1.175066148e-02,-1.347639748e-02
1.494100000e+01,validation,3.292124000e-02,3.808281961e-02,5.161579614e-03,1.740503000e-03,-1.177689337e-02,-1.351739637e-02
1.494600000e+01,validation,3.199763000e-02,3.719534988e-02,5.197719878e-03,1.755255000e-03,-1.180272910e-02,-1.355798410e-02
1.495100000e+01,train,3.107407000e-02,3.630792775e-02,5.233857746e-03,1.769992000e-03,-1.182854048e-02,-1.359853248e-02
1.495600000e+01,train,3.015057000e-02,3.542044842e-02,5.269878416e-03,1.784713000e-03,-1.185412567e-02,-1.363883867e-02
1.496100000e+01,train,2.922714000e-02,3.453289647e-02,5.305756474e-03,1.799420000e-03,-1.187945528e-02,-1.367887528e-02
1.496600000e+01,test,2.830377000e-02,3.364528379e-02,5.341513794e-03,1.814111000e-03,-1.190453517e-02,-1.371864617e-02
1.497100000e+01,train,2.738047000e-02,3.275771276e-02,5.377242763e-03,1.828787000e-03,-1.192954970e-02,-1.375833670e-02
1.497600000e+01,train,2.645725000e-02,3.187006325e-02,5.412813250e-03,1.843447000e-03,-1.195426825e-02,-1.379771525e-02
1.498100000e+01,train,2.553412000e-02,3.098235313e-02,5.448233130e-03,1.858092000e-03,-1.197873716e-02,-1.383682916e-02
1.498600000e+01,train,2.461107000e-02,3.009456903e-02,5.483499033e-03,1.872722000e-03,-1.200290295e-02,-1.387562495e-02
1.499100000e+01,test,2.368811000e-02,2.920691596e-02,5.518805964e-03,1.887336000e-03,-1.202710094e-02,-1.391443694e-02
1.499600000e+01,test,2.276525000e-02,2.831918863e-02,5.553938626e-03,1.901935000e-03,-1.205099389e-02,-1.395292889e-02
1.500100000e+01,train,2.184249000e-02,2.743138394e-02,5.588893936e-03,1.916518000e-03,-1.207456096e-02,-1.399107896e-02
1.500600000e+01,train,2.091984000e-02,2.654360519e-02,5.623765192e-03,1.931086000e-03,-1.209795642e-02,-1.402904242e-02
1.501100000e+01,train,1.999729000e-02,2.565584073e-02,5.658550726e-03,1.945638000e-03,-1.212117514e-02,-1.406681314e-02
1.501600000e+01,train,1.907487000e-02,2.476809967e-02,5.693229669e-03,1.960174000e-03,-1.214420407e-02,-1.410437807e-02
1.502100000e+01,validation,1.815256000e-02,2.388038406e-02,5.727824056e-03,1.974695000e-03,-1.216705824e-02,-1.414175324e-02
1.502600000e+01,test,1.723039000e-02,2.299264391e-02,5.762253911e-03,1.989199000e-03,-1.218962513e-02,-1.417882413e-02
1.503100000e+01,train,1.630834000e-02,2.210493370e-02,5.796593696e-03,2.003689000e-03,-1.221199572e-02,-1.421568472e-02
1.503600000e+01,train,1.538643000e-02,2.121724566e-02,5.830815659e-03,2.018162000e-03,-1.223415502e-02,-1.425231702e-02
1.504100000e+01,test,1.446466000e-02,2.032959416e-02,5.864934156e-03,2.032619000e-03,-1.225611212e-02,-1.428873112e-02
1.504600000e+01,train,1.354303000e-02,1.944196139e-02,5.898931395e-03,2.047060000e-03,-1.227782075e-02,-1.432488075e-02
1.505100000e+01,test,1.262156000e-02,1.855437477e-02,5.932814771e-03,2.061486000e-03,-1.229934150e-02,-1.436082750e-02
1.505600000e+01,train,1.170024000e-02,1.766684155e-02,5.966601550e-03,2.075895000e-03,-1.232067215e-02,-1.439656715e-02
1.506100000e+01,validation,1.077908000e-02,1.677934066e-02,6.000260663e-03,2.090289000e-03,-1.234174472e-02,-1.443203372e-02
1.506600000e+01,train,9.858081000e-03,1.589189529e-02,6.033814287e-03,2.104666000e-03,-1.236262809e-02,-1.446729409e-02
1.507100000e+01,train,8.937255000e-03,1.500451466e-02,6.067259656e-03,2.119027000e-03,-1.238329682e-02,-1.450232382e-02
1.507600000e+01,train,8.016604000e-03,1.411719345e-02,6.100589454e-03,2.133372000e-03,-1.240375187e-02,-1.453712387e-02
1.508100000e+01,validation,7.096133000e-03,1.322992891e-02,6.133795912e-03,2.147701000e-03,-1.242397451e-02,-1.457167551e-02
1.508600000e+01,train,6.175846000e-03,1.234274731e-02,6.166901305e-03,2.162013000e-03,-1.244400381e-02,-1.460601681e-02
1.509100000e+01,train,5.255748000e-03,1.145564186e-02,6.199893857e-03,2.176309000e-03,-1.246381743e-02,-1.464012643e-02
1.509600000e+01,test,4.335845000e-03,1.056861581e-02,6.232770814e-03,2.190589000e-03,-1.248341396e-02,-1.467400296e-02
1.510100000e+01,train,3.416140000e-03,9.681670670e-03,6.265530670e-03,2.204853000e-03,-1.250278944e-02,-1.470764244e-02
1.510600000e+01,validation,2.496639000e-03,8.794814197e-03,6.298175197e-03,2.219100000e-03,-1.252194614e-02,-1.474104614e-02
1.511100000e+01,train,1.577346000e-03,7.908055221e-03,6.330709221e-03,2.233330000e-03,-1.254089269e-02,-1.477422269e-02
1.511600000e+01,train,6.582664000e-04,7.021409220e-03,6.363142820e-03,2.247544000e-03,-1.255964590e-02,-1.480718990e-02
1.512100000e+01,train,-2.605947000e-04,6.134849841e-03,6.395444541e-03,2.261742000e-03,-1.257815282e-02,-1.483989482e-02
1.512600000e+01,train,-1.179233000e-03,5.248410690e-03,6.427643690e-03,2.275922000e-03,-1.259646440e-02,-1.487238640e-02
1.513100000e+01,train,-2.097643000e-03,4.362074919e-03,6.459717919e-03,2.290087000e-03,-1.261454145e-02,-1.490462845e-02
1.513600000e+01,train,-3.015821000e-03,3.475866265e-03,6.491687265e-03,2.304234000e-03,-1.263241932e-02,-1.493665332e-02
1.514100000e+01,train,-3.933761000e-03,2.589775212e-03,6.523536212e-03,2.318365000e-03,-1.265007069e-02,-1.496843569e-02
1.514600000e+01,train,-4.851458000e-03,1.703820276e-03,6.555278276e-03,2.332479000e-03,-1.266751939e-02,-1.499999839e-02
1.515100000e+01,train,-5.768909000e-03,8.179829458e-04,6.586891946e-03,2.346576000e-03,-1.268472795e-02,-1.503130395e-02
1.515600000e+01,train,-6.686107000e-03,-6.770421975e-05,6.618402780e-03,2.360657000e-03,-1.270174124e-02,-1.506239824e-02
1.516100000e+01,validation,-7.603049000e-03,-9.532499394e-04,6.649799061e-03,2.374720000e-03,-1.271853700e-02,-1.509325700e-02
1.516600000e+01,test,-8.519729000e-03,-1.838655561e-03,6.681073439e-03,2.388767000e-03,-1.273510627e-02,-1.512387327e-02
1.517100000e+01,validation,-9.436143000e-03,-2.723902789e-03,6.712240211e-03,2.402796000e-03,-1.275147126e-02,-1.515426726e-02
1.517600000e+01,train,-1.035229000e-02,-3.608994808e-03,6.743295192e-03,2.416809000e-03,-1.276761070e-02,-1.518441970e-02
1.518100000e+01,train,-1.126815000e-02,-4.493928115e-03,6.774221885e-03,2.430804000e-03,-1.278354771e-02,-1.521435171e-02
1.518600000e+01,train,-1.218374000e-02,-5.378690717e-03,6.805049283e-03,2.444783000e-03,-1.279926259e-02,-1.524404559e-02
1.519100000e+01,train,-1.309904000e-02,-6.263289553e-03,6.835750447e-03,2.458744000e-03,-1.281475896e-02,-1.527350296e-02
1.519600000e+01,train,-1.401405000e-02,-7.147710644e-03,6.866339356e-03,2.472688000e-03,-1.283002970e-02,-1.530271770e-02
1.520100000e+01,train,-1.492876000e-02,-8.031958698e-03,6.896801302e-03,2.486615000e-03,-1.284508038e-02,-1.533169538e-02
1.520600000e+01,test,-1.584317000e-02,-8.916011888e-03,6.927158112e-03,2.500524000e-03,-1.285993345e-02,-1.536045745e-02
1.521100000e+01,test,-1.675728000e-02,-9.799888092e-03,6.957391908e-03,2.514417000e-03,-1.287454233e-02,-1.538895933e-02
1.521600000e+01,train,-1.767108000e-02,-1.068354979e-02,6.987530208e-03,2.528291000e-03,-1.288898504e-02,-1.541727604e-02
1.522100000e+01,train,-1.858457000e-02,-1.156703084e-02,7.017539158e-03,2.542149000e-03,-1.290315796e-02,-1.544530696e-02
1.522600000e+01,train,-1.949773000e-02,-1.245030784e-02,7.047422155e-03,2.555989000e-03,-1.291713106e-02,-1.547312006e-02
1.523100000e+01,train,-2.041058000e-02,-1.333336409e-02,7.077215915e-03,2.569811000e-03,-1.293091611e-02,-1.550072711e-02
1.523600000e+01,train,-2.132309000e-02,-1.421622292e-02,7.106867085e-03,2.583616000e-03,-1.294444314e-02,-1.552805914e-02
1.524100000e+01,test,-2.223527000e-02,-1.509885679e-02,7.136413207e-03,2.597404000e-03,-1.295777356e-02,-1.555517756e-02
1.524600000e+01,test,-2.314711000e-02,-1.598127355e-02,7.165836454e-03,2.611173000e-03,-1.297087782e-02,-1.558205082e-02
1.525100000e+01,test,-2.405861000e-02,-1.686345906e-02,7.195150944e-03,2.624925000e-03,-1.298376388e-02,-1.560868888e-02
1.525600000e+01,train,-2.496976000e-02,-1.774542001e-02,7.224339990e-03,2.638660000e-03,-1.299643669e-02,-1.563509669e-02
1.526100000e+01,train,-2.588055000e-02,-1.862714047e-02,7.253409532e-03,2.652376000e-03,-1.300888973e-02,-1.566126573e-02
1.526600000e+01,train,-2.679099000e-02,-1.950862294e-02,7.282367062e-03,2.666075000e-03,-1.302111954e-02,-1.568719454e-02
1.527100000e+01,test,-2.770107000e-02,-2.038985732e-02,7.311212679e-03,2.679756000e-03,-1.303314332e-02,-1.571289932e-02
1.527600000e+01,train,-2.861078000e-02,-2.127083700e-02,7.339942996e-03,2.693419000e-03,-1.304495557e-02,-1.573837457e-02
1.528100000e+01,train,-2.952012000e-02,-2.215156936e-02,7.368550636e-03,2.707065000e-03,-1.305654337e-02,-1.576360837e-02
1.528600000e+01,train,-3.042908000e-02,-2.303204024e-02,7.397039755e-03,2.720692000e-03,-1.306791490e-02,-1.578860690e-02
1.529100000e+01,train,-3.133766000e-02,-2.391225009e-02,7.425409908e-03,2.734301000e-03,-1.307905350e-02,-1.581335450e-02
1.529600000e+01,train,-3.224586000e-02,-2.479218856e-02,7.453671440e-03,2.747892000e-03,-1.308999193e-02,-1.583788393e-02
1.530100000e+01,train,-3.315366000e-02,-2.567184875e-02,7.481811245e-03,2.761465000e-03,-1.310072614e-02,-1.586219114e-02
1.530600000e+01,validation,-3.406107000e-02,-2.655124433e-02,7.509825666e-03,2.775020000e-03,-1.311120143e-02,-1.588622143e-02
1.531100000e+01,test,-3.496808000e-02,-2.743035195e-02,7.537728054e-03,2.788557000e-03,-1.312148755e-02,-1.591004455e-02
1.531600000e+01,train,-3.587468000e-02,-2.830916503e-02,7.565514972e-03,2.802075000e-03,-1.313156451e-02,-1.593363951e-02
1.532100000e+01,train,-3.678088000e-02,-2.918768970e-02,7.593190301e-03,2.815576000e-03,-1.314140545e-02,-1.595698145e-02
1.532600000e+01,test,-3.768666000e-02,-3.006592975e-02,7.620730248e-03,2.829058000e-03,-1.315102080e-02,-1.598007880e-02
1.533100000e+01,train,-3.859202000e-02,-3.094385910e-02,7.648160899e-03,2.842521000e-03,-1.316043584e-02,-1.600295684e-02
1.533600000e+01,train,-3.949695000e-02,-3.182147538e-02,7.675474621e-03,2.855967000e-03,-1.316964238e-02,-1.602560938e-02
1.534100000e+01,test,-4.040146000e-02,-3.269879131e-02,7.702668692e-03,2.869393000e-03,-1.317861564e-02,-1.604800864e-02
1.534600000e+01,test,-4.130553000e-02,-3.357579512e-02,7.729734879e-03,2.882802000e-03,-1.318736105e-02,-1.607016305e-02
1.535100000e+01,train,-4.220917000e-02,-3.445247443e-02,7.756695574e-03,2.896191000e-03,-1.319589814e-02,-1.609208914e-02
1.535600000e+01,test,-4.311236000e-02,-3.532883141e-02,7.783528586e-03,2.909563000e-03,-1.320422513e-02,-1.611378813e-02
1.536100000e+01,train,-4.401511000e-02,-3.620485743e-02,7.810252575e-03,2.922915000e-03,-1.321233751e-02,-1.613525251e-02
1.536600000e+01,test,-4.491740000e-02,-3.708055507e-02,7.836844934e-03,2.936249000e-03,-1.322021711e-02,-1.615646611e-02
1.537100000e+01,train,-4.581924000e-02,-3.795590685e-02,7.863333150e-03,2.949564000e-03,-1.322789410e-02,-1.617745810e-02
1.537600000e+01,train,-4.672061000e-02,-3.883091882e-02,7.889691176e-03,2.962861000e-03,-1.323535277e-02,-1.619821377e-02
1.538100000e+01,train,-4.762152000e-02,-3.970559075e-02,7.915929248e-03,2.976139000e-03,-1.324256940e-02,-1.621870840e-02
1.538600000e+01,test,-4.852195000e-02,-4.057989794e-02,7.942052058e-03,2.989397000e-03,-1.324961094e-02,-1.623900794e-02
1.539100000e+01,train,-4.942191000e-02,-4.145385369e-02,7.968056312e-03,3.002637000e-03,-1.325641051e-02,-1.625904751e-02
1.539600000e+01,validation,-5.032140000e-02,-4.232745025e-02,7.993949746e-03,3.015859000e-03,-1.326299694e-02,-1.627885594e-02
1.540100000e+01,train,-5.122039000e-02,-4.320068617e-02,8.019703834e-03,3.029061000e-03,-1.326935393e-02,-1.629841493e-02
1.540600000e+01,train,-5.211890000e-02,-4.407354444e-02,8.045355556e-03,3.042244000e-03,-1.327551163e-02,-1.631775563e-02
1.541100000e+01,test,-5.301691000e-02,-4.494602929e-02,8.070880710e-03,3.055408000e-03,-1.328144805e-02,-1.633685605e-02
1.541600000e+01,train,-5.391442000e-02,-4.581813836e-02,8.096281636e-03,3.068553000e-03,-1.328714956e-02,-1.635570256e-02
1.542100000e+01,test,-5.481142000e-02,-4.668986047e-02,8.121559532e-03,3.081679000e-03,-1.329265083e-02,-1.637432983e-02
1.542600000e+01,train,-5.570792000e-02,-4.756119252e-02,8.146727484e-03,3.094785000e-03,-1.329794221e-02,-1.639272721e-02
1.543100000e+01,train,-5.660391000e-02,-4.843212559e-02,8.171784406e-03,3.107873000e-03,-1.330302224e-02,-1.641089524e-02
1.543600000e+01,train,-5.749938000e-02,-4.930267048e-02,8.196709519e-03,3.120941000e-03,-1.330785679e-02,-1.642879779e-02
1.544100000e+01,train,-5.839432000e-02,-5.017281088e-02,8.221509117e-03,3.133990000e-03,-1.331248701e-02,-1.644647701e-02
1.544600000e+01,test,-5.928874000e-02,-5.104254285e-02,8.246197154e-03,3.147020000e-03,-1.331690606e-02,-1.646392606e-02
1.545100000e+01,train,-6.018262000e-02,-5.191187085e-02,8.270749150e-03,3.160030000e-03,-1.332109015e-02,-1.648112015e-02
1.545600000e+01,train,-6.107597000e-02,-5.278077364e-02,8.295196362e-03,3.173020000e-03,-1.332507507e-02,-1.649809507e-02
1.546100000e+01,validation,-6.196878000e-02,-5.364925386e-02,8.319526142e-03,3.185992000e-03,-1.332885390e-02,-1.651484590e-02
1.546600000e+01,train,-6.286104000e-02,-5.451731749e-02,8.343722512e-03,3.198943000e-03,-1.333238743e-02,-1.653133043e-02
1.547100000e+01,test,-6.375275000e-02,-5.538494727e-02,8.367802733e-03,3.211876000e-03,-1.333571975e-02,-1.654759575e-02
1.547600000e+01,train,-6.464391000e-02,-5.625213859e-02,8.391771407e-03,3.224788000e-03,-1.333885716e-02,-1.656364516e-02
1.548100000e+01,train,-6.553450000e-02,-5.711890119e-02,8.415598806e-03,3.237681000e-03,-1.334173631e-02,-1.657941731e-02
1.548600000e+01,train,-6.642454000e-02,-5.798520268e-02,8.439337323e-03,3.250554000e-03,-1.334444498e-02,-1.659499898e-02
1.549100000e+01,train,-6.731400000e-02,-5.885107241e-02,8.462927591e-03,3.263408000e-03,-1.334690060e-02,-1.661030860e-02
1.549600000e+01,train,-6.820289000e-02,-5.971649032e-02,8.486399677e-03,3.276241000e-03,-1.334913715e-02,-1.662537815e-02
1.550100000e+01,train,-6.909120000e-02,-6.058143917e-02,8.509760832e-03,3.289055000e-03,-1.335119771e-02,-1.664025271e-02
1.550600000e+01,train,-6.997892000e-02,-6.144593979e-02,8.532980211e-03,3.301849000e-03,-1.335300180e-02,-1.665485080e-02
1.551100000e+01,validation,-7.086606000e-02,-6.230995738e-02,8.556102616e-03,3.314623000e-03,-1.335462304e-02,-1.666924604e-02
1.551600000e+01,train,-7.175261000e-02,-6.317351013e-02,8.579099872e-03,3.327377000e-03,-1.335601347e-02,-1.668339047e-02
1.552100000e+01,train,-7.263856000e-02,-6.403659739e-02,8.601962613e-03,3.340111000e-03,-1.335717650e-02,-1.669728750e-02
1.552600000e+01,train,-7.352391000e-02,-6.489919567e-02,8.624714328e-03,3.352825000e-03,-1.335813370e-02,-1.671095870e-02
1.553100000e+01,test,-7.440865000e-02,-6.576130887e-02,8.647341131e-03,3.365519000e-03,-1.335889507e-02,-1.672441407e-02
1.553600000e+01,train,-7.529278000e-02,-6.662293892e-02,8.669841080e-03,3.378193000e-03,-1.335941131e-02,-1.673760431e-02
1.554100000e+01,train,-7.617630000e-02,-6.748406779e-02,8.692232207e-03,3.390847000e-03,-1.335974041e-02,-1.675058741e-02
1.554600000e+01,validation,-7.705919000e-02,-6.834471112e-02,8.714478879e-03,3.403480000e-03,-1.335982729e-02,-1.676330729e-02
1.555100000e+01,validation,-7.794146000e-02,-6.920484141e-02,8.736618592e-03,3.416093000e-03,-1.335971902e-02,-1.677581202e-02
1.555600000e+01,validation,-7.882311000e-02,-7.006446980e-02,8.758640195e-03,3.428686000e-03,-1.335937861e-02,-1.678806461e-02
1.556100000e+01,train,-7.970412000e-02,-7.092357585e-02,8.780544149e-03,3.441258000e-03,-1.335885629e-02,-1.680011429e-02
1.556600000e+01,train,-8.058449000e-02,-7.178218012e-02,8.802309881e-03,3.453811000e-03,-1.335808722e-02,-1.681189822e-02
1.557100000e+01,train,-8.146421000e-02,-7.264025858e-02,8.823951419e-03,3.466342000e-03,-1.335710997e-02,-1.682345197e-02
1.557600000e+01,validation,-8.234329000e-02,-7.349780826e-02,8.845481735e-03,3.478853000e-03,-1.335593049e-02,-1.683478349e-02
1.558100000e+01,train,-8.322172000e-02,-7.435483226e-02,8.866887742e-03,3.491344000e-03,-1.335452824e-02,-1.684587224e-02
1.558600000e+01,train,-8.409949000e-02,-7.521132102e-02,8.888168981e-03,3.503814000e-03,-1.335291763e-02,-1.685673163e-02
1.559100000e+01,train,-8.497660000e-02,-7.606726726e-02,8.909332739e-03,3.516263000e-03,-1.335109694e-02,-1.686735994e-02
1.559600000e+01,test,-8.585305000e-02,-7.692268148e-02,8.930368521e-03,3.528692000e-03,-1.334904679e-02,-1.687773879e-02
1.560100000e+01,train,-8.672882000e-02,-7.777753672e-02,8.951283278e-03,3.541100000e-03,-1.334679730e-02,-1.688789730e-02
1.560600000e+01,train,-8.760392000e-02,-7.863185312e-02,8.972066882e-03,3.553487000e-03,-1.334431421e-02,-1.689780121e-02
1.561100000e+01,train,-8.847834000e-02,-7.948560097e-02,8.992739025e-03,3.565854000e-03,-1.334164641e-02,-1.690750041e-02
1.561600000e+01,train,-8.935208000e-02,-8.033878578e-02,9.013294219e-03,3.578200000e-03,-1.333875645e-02,-1.691695645e-02
1.562100000e+01,train,-9.022512000e-02,-8.119141526e-02,9.033704738e-03,3.590524000e-03,-1.333564384e-02,-1.692616784e-02
1.562600000e+01,train,-9.109748000e-02,-8.204346235e-02,9.054017645e-03,3.602828000e-03,-1.333233932e-02,-1.693516732e-02
1.563100000e+01,train,-9.196914000e-02,-8.289494473e-02,9.074195271e-03,3.615111000e-03,-1.332881181e-02,-1.694392281e-02
1.563600000e+01,validation,-9.284009000e-02,-8.374585104e-02,9.094238961e-03,3.627373000e-03,-1.332505057e-02,-1.695242357e-02
1.564100000e+01,validation,-9.371034000e-02,-8.459616489e-02,9.114175108e-03,3.639614000e-03,-1.332111488e-02,-1.696072888e-02
1.564600000e+01,train,-9.457988000e-02,-8.544589623e-02,9.133983767e-03,3.651834000e-03,-1.331693937e-02,-1.696877337e-02
1.565100000e+01,train,-9.544870000e-02,-8.629503936e-02,9.153660641e-03,3.664032000e-03,-1.331254875e-02,-1.697658075e-02
1.565600000e+01,train,-9.631680000e-02,-8.714357667e-02,9.173223332e-03,3.676210000e-03,-1.330797392e-02,-1.698418392e-02
1.566100000e+01,train,-9.718417000e-02,-8.799152220e-02,9.192647799e-03,3.688366000e-03,-1.330315840e-02,-1.699152440e-02
1.566600000e+01,train,-9.805082000e-02,-8.883885510e-02,9.211964902e-03,3.700501000e-03,-1.329815458e-02,-1.699865558e-02
1.567100000e+01,train,-9.891673000e-02,-8.968557651e-02,9.231153487e-03,3.712614000e-03,-1.329294234e-02,-1.700555634e-02
1.567600000e+01,train,-9.978191000e-02,-9.053169477e-02,9.250215232e-03,3.724707000e-03,-1.328747912e-02,-1.701218612e-02
1.568100000e+01,test,-1.006463000e-01,-9.137718292e-02,9.269117083e-03,3.736777000e-03,-1.328179508e-02,-1.701857208e-02
1.568600000e+01,train,-1.015100000e-01,-9.222205496e-02,9.287945042e-03,3.748827000e-03,-1.327597065e-02,-1.702479765e-02
1.569100000e+01,test,-1.023730000e-01,-9.306628928e-02,9.306710723e-03,3.760855000e-03,-1.326989081e-02,-1.703074581e-02
1.569600000e+01,train,-1.032351000e-01,-9.390988767e-02,9.325212329e-03,3.772861000e-03,-1.326370347e-02,-1.703656447e-02
1.570100000e+01,train,-1.040966000e-01,-9.475285574e-02,9.343744265e-03,3.784846000e-03,-1.325724809e-02,-1.704209409e-02
1.570600000e+01,train,-1.049572000e-01,-9.559519099e-02,9.362009006e-03,3.796809000e-03,-1.325052804e-02,-1.704733704e-02
1.571100000e+01,train,-1.058171000e-01,-9.643688354e-02,9.380216459e-03,3.808750000e-03,-1.324355980e-02,-1.705230980e-02
1.571600000e+01,train,-1.066762000e-01,-9.727791325e-02,9.398286748e-03,3.820670000e-03,-1.323652845e-02,-1.705719845e-02
1.572100000e+01,validation,-1.075345000e-01,-9.811830326e-02,9.416196739e-03,3.832568000e-03,-1.322909239e-02,-1.706166039e-02
1.572600000e+01,train,-1.083921000e-01,-9.895802805e-02,9.434071946e-03,3.844444000e-03,-1.322159622e-02,-1.706604022e-02
1.573100000e+01,train,-1.092488000e-01,-9.979707371e-02,9.451726288e-03,3.856298000e-03,-1.321391051e-02,-1.707020851e-02
1.573600000e+01,train,-1.101048000e-01,-1.006354645e-01,9.469335514e-03,3.868131000e-03,-1.320599573e-02,-1.707412673e-02
1.574100000e+01,train,-1.109600000e-01,-1.014731758e-01,9.486824171e-03,3.879941000e-03,-1.319789325e-02,-1.707783425e-02
1.574600000e+01,test,-1.118143000e-01,-1.023102430e-01,9.504057044e-03,3.891730000e-03,-1.318939096e-02,-1.708112096e-02
1.575100000e+01,validation,-1.126679000e-01,-1.031465909e-01,9.521309113e-03,3.903497000e-03,-1.318091794e-02,-1.708441494e-02
1.575600000e+01,train,-1.135207000e-01,-1.039822844e-01,9.538415580e-03,3.915241000e-03,-1.317206320e-02,-1.708730420e-02
1.576100000e+01,validation,-1.143726000e-01,-1.048172767e-01,9.555323251e-03,3.926963000e-03,-1.316305453e-02,-1.709001753e-02
1.576600000e+01,train,-1.152237000e-01,-1.056515681e-01,9.572131921e-03,3.938663000e-03,-1.315389095e-02,-1.709255395e-02
1.577100000e+01,train,-1.160740000e-01,-1.064851555e-01,9.588844542e-03,3.950341000e-03,-1.314457845e-02,-1.709491945e-02
1.577600000e+01,validation,-1.169235000e-01,-1.073180523e-01,9.605447713e-03,3.961997000e-03,-1.313494157e-02,-1.709693857e-02
1.578100000e+01,train,-1.177721000e-01,-1.081502377e-01,9.621862299e-03,3.973631000e-03,-1.312516930e-02,-1.709880030e-02
1.578600000e+01,train,-1.186199000e-01,-1.089817225e-01,9.638177461e-03,3.985242000e-03,-1.311508998e-02,-1.710033198e-02
1.579100000e+01,test,-1.194669000e-01,-1.098124742e-01,9.654425814e-03,3.996831000e-03,-1.310490877e-02,-1.710173977e-02
1.579600000e+01,train,-1.203130000e-01,-1.106425329e-01,9.670467118e-03,4.008397000e-03,-1.309440670e-02,-1.710280370e-02
1.580100000e+01,train,-1.211583000e-01,-1.114718412e-01,9.686458808e-03,4.019941000e-03,-1.308383173e-02,-1.710377273e-02
1.580600000e+01,train,-1.220027000e-01,-1.123004292e-01,9.702270795e-03,4.031462000e-03,-1.307298252e-02,-1.710444452e-02
1.581100000e+01,train,-1.228463000e-01,-1.131282748e-01,9.718025170e-03,4.042961000e-03,-1.306204460e-02,-1.710500560e-02
1.581600000e+01,train,-1.236890000e-01,-1.139554177e-01,9.733582324e-03,4.054437000e-03,-1.305065199e-02,-1.710508899e-02
1.582100000e+01,train,-1.245308000e-01,-1.147817909e-01,9.749009099e-03,4.065891000e-03,-1.303921669e-02,-1.710510769e-02
1.582600000e+01,validation,-1.253718000e-01,-1.156074294e-01,9.764370642e-03,4.077322000e-03,-1.302752870e-02,-1.710485070e-02
1.583100000e+01,train,-1.262118000e-01,-1.164322885e-01,9.779511456e-03,4.088730000e-03,-1.301581331e-02,-1.710454331e-02
1.583600000e+01,train,-1.270510000e-01,-1.172564351e-01,9.794564875e-03,4.100116000e-03,-1.300365989e-02,-1.710377589e-02
1.584100000e+01,validation,-1.278894000e-01,-1.180797830e-01,9.809616989e-03,4.111478000e-03,-1.299151002e-02,-1.710298802e-02
1.584600000e+01,train,-1.287268000e-01,-1.189024064e-01,9.824393588e-03,4.122818000e-03,-1.297893943e-02,-1.710175743e-02
1.585100000e+01,test,-1.295633000e-01,-1.197242311e-01,9.839068906e-03,4.134135000e-03,-1.296637287e-02,-1.710050787e-02
1.585600000e+01,test,-1.303990000e-01,-1.205453118e-01,9.853688240e-03,4.145429000e-03,-1.295341717e-02,-1.709884617e-02
1.586100000e+01,train,-1.312337000e-01,-1.213656110e-01,9.868089029e-03,4.156700000e-03,-1.294028652e-02,-1.709698652e-02
1.586600000e+01,test,-1.320675000e-01,-1.221850918e-01,9.882408233e-03,4.167948000e-03,-1.292719250e-02,-1.709514050e-02
1.587100000e+01,train,-1.329005000e-01,-1.230037991e-01,9.896700877e-03,4.179173000e-03,-1.291375740e-02,-1.709293040e-02
1.587600000e+01,train,-1.337325000e-01,-1.238218250e-01,9.910674963e-03,4.190374000e-03,-1.289982905e-02,-1.709020305e-02
1.588100000e+01,train,-1.345635000e-01,-1.246388912e-01,9.924608820e-03,4.201553000e-03,-1.288617107e-02,-1.708772407e-02
1.588600000e+01,train,-1.353937000e-01,-1.254552635e-01,9.938436476e-03,4.212708000e-03,-1.287203974e-02,-1.708474774e-02
1.589100000e+01,train,-1.362230000e-01,-1.262708057e-01,9.952194330e-03,4.223841000e-03,-1.285781213e-02,-1.708165313e-02
1.589600000e+01,train,-1.370513000e-01,-1.270855476e-01,9.965752395e-03,4.234949000e-03,-1.284328771e-02,-1.707823671e-02
1.590100000e+01,validation,-1.378786000e-01,-1.278994593e-01,9.979140677e-03,4.246035000e-03,-1.282866752e-02,-1.707470252e-02
1.590600000e+01,train,-1.387051000e-01,-1.287125862e-01,9.992513836e-03,4.257097000e-03,-1.281372229e-02,-1.707081929e-02
1.591100000e+01,validation,-1.395305000e-01,-1.295248753e-01,1.000562466e-02,4.268136000e-03,-1.279869488e-02,-1.706683088e-02
1.591600000e+01,validation,-1.403551000e-01,-1.303363721e-01,1.001872793e-02,4.279151000e-03,-1.278335663e-02,-1.706250763e-02
1.592100000e+01,validation,-1.411787000e-01,-1.311470465e-01,1.003165353e-02,4.290143000e-03,-1.276790797e-02,-1.705805097e-02
1.592600000e+01,train,-1.420013000e-01,-1.319568221e-01,1.004447786e-02,4.301111000e-03,-1.275232439e-02,-1.705343539e-02
1.593100000e+01,train,-1.428229000e-01,-1.327658053e-01,1.005709466e-02,4.312056000e-03,-1.273643077e-02,-1.704848677e-02
1.593600000e+01,train,-1.436436000e-01,-1.335739969e-01,1.006960307e-02,4.322977000e-03,-1.272022278e-02,-1.704319978e-02
1.594100000e+01,test,-1.444634000e-01,-1.343812672e-01,1.008213279e-02,4.333874000e-03,-1.270406833e-02,-1.703794233e-02
1.594600000e+01,validation,-1.452821000e-01,-1.351876692e-01,1.009443080e-02,4.344748000e-03,-1.268757672e-02,-1.703232472e-02
1.595100000e+01,train,-1.460999000e-01,-1.359933554e-01,1.010654464e-02,4.355598000e-03,-1.267079945e-02,-1.702639745e-02
1.595600000e+01,train,-1.469167000e-01,-1.367980447e-01,1.011865535e-02,4.366424000e-03,-1.265404720e-02,-1.702047120e-02
1.596100000e+01,train,-1.477325000e-01,-1.376019423e-01,1.013055770e-02,4.377226000e-03,-1.263698191e-02,-1.701420791e-02
1.596600000e+01,validation,-1.485473000e-01,-1.384049564e-01,1.014234359e-02,4.388004000e-03,-1.261975571e-02,-1.700775971e-02
1.597100000e+01,test,-1.493611000e-01,-1.392070729e-01,1.015402705e-02,4.398758000e-03,-1.260239040e-02,-1.700114840e-02
1.597600000e+01,train,-1.501739000e-01,-1.400083063e-01,1.016559368e-02,4.409489000e-03,-1.258486272e-02,-1.699435172e-02
1.598100000e+01,train,-1.509857000e-01,-1.408087706e-01,1.017692942e-02,4.420195000e-03,-1.256683549e-02,-1.698703049e-02
1.598600000e+01,train,-1.517965000e-01,-1.416082232e-01,1.018827680e-02,4.430877000e-03,-1.254900741e-02,-1.697988441e-02
1.599100000e+01,train,-1.526063000e-01,-1.424069219e-01,1.019937805e-02,4.441535000e-03,-1.253065218e-02,-1.697218718e-02
1.599600000e+01,train,-1.534151000e-01,-1.432046242e-01,1.021047584e-02,4.452169000e-03,-1.251232214e-02,-1.696449114e-02
1.600100000e+01,train,-1.542228000e-01,-1.440014736e-01,1.022132644e-02,4.462779000e-03,-1.249362846e-02,-1.695640746e-02
1.600600000e+01,validation,-1.550296000e-01,-1.447974107e-01,1.023218928e-02,4.473365000e-03,-1.247496944e-02,-1.694833444e-02
1.601100000e+01,validation,-1.558353000e-01,-1.455925175e-01,1.024278249e-02,4.483926000e-03,-1.245576040e-02,-1.693968640e-02
1.601600000e+01,train,-1.566399000e-01,-1.463866062e-01,1.025329384e-02,4.494463000e-03,-1.243675997e-02,-1.693122297e-02
1.602100000e+01,test,-1.574435000e-01,-1.471798419e-01,1.026365813e-02,4.504975000e-03,-1.241739761e-02,-1.692237261e-02
1.602600000e+01,test,-1.582461000e-01,-1.479721269e-01,1.027397314e-02,4.515464000e-03,-1.239783014e-02,-1.691329414e-02
1.603100000e+01,test,-1.590477000e-01,-1.487635220e-01,1.028417804e-02,4.525927000e-03,-1.237811236e-02,-1.690403936e-02
1.603600000e+01,train,-1.598481000e-01,-1.495539661e-01,1.029413386e-02,4.536366000e-03,-1.235819124e-02,-1.689455724e-02
1.604100000e+01,test,-1.606476000e-01,-1.503435584e-01,1.030404157e-02,4.546781000e-03,-1.233790352e-02,-1.688468452e-02
1.604600000e+01,validation,-1.614460000e-01,-1.511321697e-01,1.031383030e-02,4.557171000e-03,-1.231761418e-02,-1.687478518e-02
1.605100000e+01,train,-1.622433000e-01,-1.519198306e-01,1.032346938e-02,4.567537000e-03,-1.229711914e-02,-1.686465614e-02
1.605600000e+01,train,-1.630395000e-01,-1.527065106e-01,1.033298938e-02,4.577877000e-03,-1.227662244e-02,-1.685449944e-02
1.606100000e+01,train,-1.638347000e-01,-1.534923612e-01,1.034233881e-02,4.588193000e-03,-1.225557340e-02,-1.684376640e-02
1.606600000e+01,train,-1.646288000e-01,-1.542772390e-01,1.035156098e-02,4.598485000e-03,-1.223450616e-02,-1.683299116e-02
1.607100000e+01,train,-1.654218000e-01,-1.550610976e-01,1.036070242e-02,4.608751000e-03,-1.221319680e-02,-1.682194780e-02
1.607600000e+01,train,-1.662137000e-01,-1.558440745e-01,1.036962548e-02,4.618993000e-03,-1.219172193e-02,-1.681071493e-02
1.608100000e+01,train,-1.670046000e-01,-1.566260022e-01,1.037859781e-02,4.629209000e-03,-1.217020604e-02,-1.679941504e-02
1.608600000e+01,train,-1.677943000e-01,-1.574070175e-01,1.038728250e-02,4.639401000e-03,-1.214827005e-02,-1.678767105e-02
1.609100000e+01,train,-1.685830000e-01,-1.581870524e-01,1.039594764e-02,4.649568000e-03,-1.212633175e-02,-1.677589975e-02
1.609600000e+01,train,-1.693706000e-01,-1.589661671e-01,1.040443293e-02,4.659710000e-03,-1.210398903e-02,-1.676369903e-02
1.610100000e+01,test,-1.701570000e-01,-1.597442108e-01,1.041278921e-02,4.669827000e-03,-1.208178921e-02,-1.675161621e-02
1.610600000e+01,train,-1.709424000e-01,-1.605213418e-01,1.042105820e-02,4.679919000e-03,-1.205917249e-02,-1.673909149e-02
1.611100000e+01,validation,-1.717266000e-01,-1.612975157e-01,1.042908432e-02,4.689985000e-03,-1.203636318e-02,-1.672634818e-02
1.611600000e+01,train,-1.725097000e-01,-1.620726556e-01,1.043704444e-02,4.700026000e-03,-1.201348668e-02,-1.671351268e-02
1.612100000e+01,train,-1.732917000e-01,-1.628467772e-01,1.044492279e-02,4.710043000e-03,-1.199036559e-02,-1.670040859e-02
1.612600000e+01,train,-1.740726000e-01,-1.636199567e-01,1.045264327e-02,4.720033000e-03,-1.196702602e-02,-1.668705902e-02
1.613100000e+01,train,-1.748524000e-01,-1.643921255e-01,1.046027453e-02,4.729999000e-03,-1.194342937e-02,-1.667342837e-02
1.613600000e+01,validation,-1.756310000e-01,-1.651632457e-01,1.046775427e-02,4.739939000e-03,-1.191979087e-02,-1.665972987e-02
1.614100000e+01,train,-1.764085000e-01,-1.659334316e-01,1.047506843e-02,4.749854000e-03,-1.189592024e-02,-1.664577424e-02
1.614600000e+01,train,-1.771848000e-01,-1.667025008e-01,1.048229924e-02,4.759744000e-03,-1.187196687e-02,-1.663171087e-02
1.615100000e+01,validation,-1.779600000e-01,-1.674706278e-01,1.048937216e-02,4.769607000e-03,-1.184779646e-02,-1.661740346e-02
1.615600000e+01,validation,-1.787341000e-01,-1.682377520e-01,1.049634802e-02,4.779446000e-03,-1.182335536e-02,-1.660280136e-02
1.616100000e+01,train,-1.795069000e-01,-1.690037671e-01,1.050313287e-02,4.789259000e-03,-1.179881815e-02,-1.658807715e-02
1.616600000e+01,train,-1.802787000e-01,-1.697688629e-01,1.050983708e-02,4.799046000e-03,-1.177387666e-02,-1.657292266e-02
1.617100000e+01,test,-1.810493000e-01,-1.705328274e-01,1.051647255e-02,4.808807000e-03,-1.174902552e-02,-1.655783252e-02
1.617600000e+01,train,-1.818187000e-01,-1.712957892e-01,1.052291084e-02,4.818543000e-03,-1.172390430e-02,-1.654244730e-02
1.618100000e+01,train,-1.825869000e-01,-1.720577033e-01,1.052919672e-02,4.828254000e-03,-1.169873922e-02,-1.652699322e-02
1.618600000e+01,train,-1.833540000e-01,-1.728186449e-01,1.053535512e-02,4.837938000e-03,-1.167310290e-02,-1.651104090e-02
1.619100000e+01,train,-1.841199000e-01,-1.735784552e-01,1.054144475e-02,4.847596000e-03,-1.164755809e-02,-1.649515409e-02
1.619600000e+01,train,-1.848846000e-01,-1.743372858e-01,1.054731423e-02,4.857229000e-03,-1.162155515e-02,-1.647878415e-02
1.620100000e+01,train,-1.856482000e-01,-1.750949851e-01,1.055321493e-02,4.866836000e-03,-1.159564430e-02,-1.646248030e-02
1.620600000e+01,train,-1.864105000e-01,-1.758516745e-01,1.055882546e-02,4.876417000e-03,-1.156947625e-02,-1.644589325e-02
1.621100000e+01,train,-1.871717000e-01,-1.766072932e-01,1.056440680e-02,4.885972000e-03,-1.154299826e-02,-1.642897026e-02
1.621600000e+01,test,-1.879316000e-01,-1.773617810e-01,1.056981897e-02,4.895501000e-03,-1.151661124e-02,-1.641211224e-02
1.622100000e+01,train,-1.886904000e-01,-1.781152965e-01,1.057510349e-02,4.905004000e-03,-1.148975455e-02,-1.639475855e-02
1.622600000e+01,validation,-1.894479000e-01,-1.788676128e-01,1.058028725e-02,4.914480000e-03,-1.146294950e-02,-1.637742950e-02
1.623100000e+01,train,-1.902043000e-01,-1.796189200e-01,1.058538004e-02,4.923931000e-03,-1.143588472e-02,-1.635981572e-02
1.623600000e+01,test,-1.909594000e-01,-1.803691335e-01,1.059026654e-02,4.933355000e-03,-1.140870075e-02,-1.634205575e-02
1.624100000e+01,validation,-1.917133000e-01,-1.811183684e-01,1.059493159e-02,4.942753000e-03,-1.138105479e-02,-1.632380779e-02
1.624600000e+01,train,-1.924660000e-01,-1.818664112e-01,1.059958885e-02,4.952125000e-03,-1.135345120e-02,-1.630557620e-02
1.625100000e+01,test,-1.932175000e-01,-1.826133540e-01,1.060414600e-02,4.961471000e-03,-1.132573579e-02,-1.628720679e-02
1.625600000e+01,train,-1.939678000e-01,-1.833591965e-01,1.060860351e-02,4.970790000e-03,-1.129791144e-02,-1.626870144e-02
1.626100000e+01,validation,-1.947168000e-01,-1.841039073e-01,1.061289271e-02,4.980083000e-03,-1.126972731e-02,-1.624981031e-02
1.626600000e+01,test,-1.954646000e-01,-1.848475869e-01,1.061701308e-02,4.989349000e-03,-1.124147068e-02,-1.623081968e-02
1.627100000e+01,train,-1.962111000e-01,-1.855900978e-01,1.062100218e-02,4.998589000e-03,-1.121306620e-02,-1.621165520e-02
1.627600000e+01,test,-1.969564000e-01,-1.863315463e-01,1.062485367e-02,5.007803000e-03,-1.118433810e-02,-1.619214110e-02
1.628100000e+01,train,-1.977005000e-01,-1.870717960e-01,1.062870399e-02,5.016989000e-03,-1.115566355e-02,-1.617265255e-02
1.628600000e+01,validation,-1.984433000e-01,-1.878109912e-01,1.063230885e-02,5.026150000e-03,-1.112665091e-02,-1.615280091e-02
1.629100000e+01,train,-1.991848000e-01,-1.885490103e-01,1.063578974e-02,5.035283000e-03,-1.109750416e-02,-1.613278716e-02
1.629600000e+01,validation,-1.999251000e-01,-1.892859446e-01,1.063915535e-02,5.044390000e-03,-1.106822129e-02,-1.611261129e-02
1.630100000e+01,train,-2.006641000e-01,-1.900217108e-01,1.064238916e-02,5.053470000e-03,-1.103878982e-02,-1.609225982e-02
1.630600000e+01,train,-2.014019000e-01,-1.907564154e-01,1.064548462e-02,5.062524000e-03,-1.100903317e-02,-1.607155717e-02
1.631100000e+01,validation,-2.021384000e-01,-1.914899662e-01,1.064843383e-02,5.071550000e-03,-1.097910496e-02,-1.605065496e-02
1.631600000e+01,test,-2.028736000e-01,-1.922222203e-01,1.065137971e-02,5.080550000e-03,-1.094939021e-02,-1.602994021e-02
1.632100000e+01,validation,-2.036075000e-01,-1.929534429e-01,1.065405711e-02,5.089523000e-03,-1.091915047e-02,-1.600867347e-02
1.632600000e+01,test,-2.043402000e-01,-1.936835739e-01,1.065662611e-02,5.098469000e-03,-1.088878691e-02,-1.598725591e-02
1.633100000e+01,validation,-2.050716000e-01,-1.944124533e-01,1.065914675e-02,5.107388000e-03,-1.085841081e-02,-1.596579881e-02
1.633600000e+01,train,-2.058017000e-01,-1.951402023e-01,1.066149774e-02,5.116280000e-03,-1.082767368e-02,-1.594395368e-02
1.634100000e+01,train,-2.065305000e-01,-1.958667613e-01,1.066373871e-02,5.125145000e-03,-1.079697401e-02,-1.592211901e-02
1.634600000e+01,test,-2.072580000e-01,-1.965921975e-01,1.066580247e-02,5.133983000e-03,-1.076590025e-02,-1.589988325e-02
1.635100000e+01,train,-2.079842000e-01,-1.973164738e-01,1.066772617e-02,5.142794000e-03,-1.073466448e-02,-1.587745848e-02
1.635600000e+01,train,-2.087091000e-01,-1.980394918e-01,1.066960821e-02,5.151577000e-03,-1.070342739e-02,-1.585500439e-02
1.636100000e+01,validation,-2.094326000e-01,-1.987613570e-01,1.067124300e-02,5.160334000e-03,-1.067201724e-02,-1.583235124e-02
1.636600000e+01,train,-2.101549000e-01,-1.994820701e-01,1.067282985e-02,5.169063000e-03,-1.064043090e-02,-1.580949390e-02
1.637100000e+01,validation,-2.108759000e-01,-2.002015622e-01,1.067433782e-02,5.177765000e-03,-1.060863245e-02,-1.578639745e-02
1.637600000e+01,test,-2.115955000e-01,-2.009198947e-01,1.067560527e-02,5.186439000e-03,-1.057667152e-02,-1.576311052e-02
1.638100000e+01,train,-2.123138000e-01,-2.016369766e-01,1.067682343e-02,5.195087000e-03,-1.054469715e-02,-1.573978415e-02
1.638600000e+01,train,-2.130308000e-01,-2.023529364e-01,1.067786358e-02,5.203706000e-03,-1.051234779e-02,-1.571605379e-02
1.639100000e+01,train,-2.137465000e-01,-2.030676530e-01,1.067884696e-02,5.212299000e-03,-1.047997251e-02,-1.569227151e-02
1.639600000e+01,train,-2.144608000e-01,-2.037812406e-01,1.067955937e-02,5.220864000e-03,-1.044723396e-02,-1.566809796e-02
1.640100000e+01,train,-2.151738000e-01,-2.044934792e-01,1.068032082e-02,5.229401000e-03,-1.041464360e-02,-1.564404460e-02
1.640600000e+01,train,-2.158854000e-01,-2.052045958e-01,1.068080418e-02,5.237911000e-03,-1.038167952e-02,-1.561959052e-02
1.641100000e+01,train,-2.165958000e-01,-2.059144697e-01,1.068133032e-02,5.246393000e-03,-1.034868876e-02,-1.559508176e-02
1.641600000e+01,validation,-2.173047000e-01,-2.066232224e-01,1.068147760e-02,5.254847000e-03,-1.031532087e-02,-1.557016787e-02
1.642100000e+01,train,-2.180123000e-01,-2.073306558e-01,1.068164419e-02,5.263274000e-03,-1.028190446e-02,-1.554517846e-02
1.642600000e+01,train,-2.187186000e-01,-2.080368472e-01,1.068175276e-02,5.271673000e-03,-1.024845825e-02,-1.552013125e-02
1.643100000e+01,validation,-2.194234000e-01,-2.087418259e-01,1.068157410e-02,5.280045000e-03,-1.021478722e-02,-1.549483222e-02
1.643600000e+01,train,-2.201270000e-01,-2.094455848e-01,1.068141517e-02,5.288388000e-03,-1.018090215e-02,-1.546929015e-02
1.644100000e+01,validation,-2.208291000e-01,-2.101481240e-01,1.068097596e-02,5.296704000e-03,-1.014680339e-02,-1.544350739e-02
1.644600000e+01,train,-2.215299000e-01,-2.108493596e-01,1.068054041e-02,5.304992000e-03,-1.011262805e-02,-1.541762005e-02
1.645100000e+01,train,-2.222293000e-01,-2.115493458e-01,1.067995418e-02,5.313252000e-03,-1.007843757e-02,-1.539168957e-02
1.645600000e+01,train,-2.229274000e-01,-2.122481199e-01,1.067928014e-02,5.321484000e-03,-1.004402123e-02,-1.536550523e-02
1.646100000e+01,train,-2.236240000e-01,-2.129457120e-01,1.067828799e-02,5.329688000e-03,-1.000917800e-02,-1.533886600e-02
1.646600000e+01,train,-2.243193000e-01,-2.136419636e-01,1.067733641e-02,5.337864000e-03,-9.974469882e-03,-1.531233388e-02
1.647100000e+01,test,-2.250132000e-01,-2.143369046e-01,1.067629537e-02,5.346012000e-03,-9.939697257e-03,-1.528570926e-02
1.647600000e+01,validation,-2.257057000e-01,-2.150306643e-01,1.067503567e-02,5.354132000e-03,-9.904496109e-03,-1.525862811e-02
1.648100000e+01,test,-2.263968000e-01,-2.157231897e-01,1.067361035e-02,5.362223000e-03,-9.869256070e-03,-1.523147907e-02
1.648600000e+01,train,-2.270865000e-01,-2.164143283e-01,1.067217169e-02,5.370287000e-03,-9.833928092e-03,-1.520421509e-02
1.649100000e+01,train,-2.277747000e-01,-2.171042635e-01,1.067043651e-02,5.378322000e-03,-9.798357340e-03,-1.517667934e-02
1.649600000e+01,train,-2.284616000e-01,-2.177928957e-01,1.066870429e-02,5.386329000e-03,-9.762710578e-03,-1.514903958e-02
1.650100000e+01,test,-2.291471000e-01,-2.184803170e-01,1.066678304e-02,5.394308000e-03,-9.726835339e-03,-1.512114334e-02
1.650600000e+01,train,-2.298312000e-01,-2.191663592e-01,1.066484082e-02,5.402258000e-03,-9.690859785e-03,-1.509311778e-02
1.651100000e+01,validation,-2.305138000e-01,-2.198511983e-01,1.066260169e-02,5.410180000e-03,-9.654641278e-03,-1.506482128e-02
1.651600000e+01,train,-2.311950000e-01,-2.205346362e-01,1.066036382e-02,5.418074000e-03,-9.618508425e-03,-1.503658242e-02
1.652100000e+01,train,-2.318748000e-01,-2.212169007e-01,1.065789927e-02,5.425939000e-03,-9.581934836e-03,-1.500787384e-02
1.652600000e+01,train,-2.325532000e-01,-2.218977570e-01,1.065544299e-02,5.433776000e-03,-9.545458609e-03,-1.497923461e-02
1.653100000e+01,train,-2.332301000e-01,-2.225774175e-01,1.065268255e-02,5.441584000e-03,-9.508729023e-03,-1.495031302e-02
1.653600000e+01,test,-2.339056000e-01,-2.232556997e-01,1.064990032e-02,5.449363000e-03,-9.471897598e-03,-1.492126060e-02
1.654100000e+01,train,-2.345797000e-01,-2.239326190e-01,1.064708101e-02,5.457114000e-03,-9.434936457e-03,-1.489205046e-02
1.654600000e+01,train,-2.352523000e-01,-2.246083280e-01,1.064397196e-02,5.464837000e-03,-9.397747072e-03,-1.486258407e-02
1.655100000e+01,test,-2.359235000e-01,-2.252826741e-01,1.064082588e-02,5.472530000e-03,-9.360429191e-03,-1.483295919e-02
1.655600000e+01,test,-2.365932000e-01,-2.259557184e-01,1.063748161e-02,5.480195000e-03,-9.323034460e-03,-1.480322946e-02
1.656100000e+01,train,-2.372615000e-01,-2.266274002e-01,1.063409978e-02,5.487832000e-03,-9.285509273e-03,-1.477334127e-02
1.656600000e+01,train,-2.379283000e-01,-2.272978106e-01,1.063048941e-02,5.495439000e-03,-9.247706640e-03,-1.474314564e-02
1.657100000e+01,test,-2.385937000e-01,-2.279668211e-01,1.062687889e-02,5.503018000e-03,-9.209987063e-03,-1.471300506e-02
1.657600000e+01,validation,-2.392576000e-01,-2.286345977e-01,1.062300230e-02,5.510567000e-03,-9.171777816e-03,-1.468234482e-02
1.658100000e+01,train,-2.399200000e-01,-2.293009823e-01,1.061901768e-02,5.518088000e-03,-9.133637142e-03,-1.465172514e-02
1.658600000e+01,test,-2.405810000e-01,-2.299659968e-01,1.061500317e-02,5.525580000e-03,-9.095382726e-03,-1.462096273e-02
1.659100000e+01,train,-2.412405000e-01,-2.306297182e-01,1.061078181e-02,5.533043000e-03,-9.057035070e-03,-1.459007807e-02
1.659600000e+01,train,-2.418985000e-01,-2.312920086e-01,1.060649142e-02,5.540477000e-03,-9.018521880e-03,-1.455899888e-02
1.660100000e+01,test,-2.425551000e-01,-2.319530356e-01,1.060206438e-02,5.547882000e-03,-8.979717787e-03,-1.452759979e-02
1.660600000e+01,train,-2.432101000e-01,-2.326126707e-01,1.059742926e-02,5.555258000e-03,-8.940984397e-03,-1.449624240e-02
1.661100000e+01,train,-2.438637000e-01,-2.332709746e-01,1.059272541e-02,5.562605000e-03,-8.901919400e-03,-1.446452440e-02
1.661600000e+01,train,-2.445158000e-01,-2.339278168e-01,1.058798318e-02,5.569922000e-03,-8.862893936e-03,-1.443281594e-02
1.662100000e+01,test,-2.451664000e-01,-2.345833995e-01,1.058300054e-02,5.577210000e-03,-8.823559204e-03,-1.440076920e-02
1.662600000e+01,train,-2.458154000e-01,-2.352376239e-01,1.057777615e-02,5.584470000e-03,-8.784104703e-03,-1.436857470e-02
1.663100000e+01,train,-2.464630000e-01,-2.358903911e-01,1.057260888e-02,5.591700000e-03,-8.744667005e-03,-1.433636701e-02
1.663600000e+01,train,-2.471091000e-01,-2.365418002e-01,1.056729982e-02,5.598900000e-03,-8.705110172e-03,-1.430401017e-02
1.664100000e+01,train,-2.477537000e-01,-2.371918811e-01,1.056181894e-02,5.606072000e-03,-8.665208080e-03,-1.427128008e-02
1.664600000e+01,train,-2.483968000e-01,-2.378405813e-01,1.055621873e-02,5.613213000e-03,-8.625346728e-03,-1.423855973e-02
1.665100000e+01,train,-2.490383000e-01,-2.384878471e-01,1.055045289e-02,5.620326000e-03,-8.585343625e-03,-1.420566963e-02
1.665600000e+01,train,-2.496784000e-01,-2.391337923e-01,1.054460770e-02,5.627409000e-03,-8.544983133e-03,-1.417239213e-02
1.666100000e+01,train,-2.503169000e-01,-2.397782806e-01,1.053861939e-02,5.634463000e-03,-8.504668111e-03,-1.413913111e-02
1.666600000e+01,validation,-2.509539000e-01,-2.404214221e-01,1.053247785e-02,5.641487000e-03,-8.464175187e-03,-1.410566219e-02
1.667100000e+01,train,-2.515893000e-01,-2.410631069e-01,1.052619314e-02,5.648481000e-03,-8.423728356e-03,-1.407220936e-02
1.667600000e+01,train,-2.522233000e-01,-2.417033724e-01,1.051992760e-02,5.655446000e-03,-8.383087270e-03,-1.403853327e-02
1.668100000e+01,train,-2.528557000e-01,-2.423423211e-01,1.051337893e-02,5.662382000e-03,-8.342098095e-03,-1.400448009e-02
1.668600000e+01,train,-2.534866000e-01,-2.429798095e-01,1.050679050e-02,5.669288000e-03,-8.301147686e-03,-1.397043569e-02
1.669100000e+01,train,-2.541159000e-01,-2.436159549e-01,1.049994507e-02,5.676164000e-03,-8.260028632e-03,-1.393619263e-02
1.669600000e+01,train,-2.547437000e-01,-2.442505787e-01,1.049312127e-02,5.683010000e-03,-8.218899845e-03,-1.390190985e-02
1.670100000e+01,test,-2.553699000e-01,-2.448837797e-01,1.048612032e-02,5.689827000e-03,-8.177599208e-03,-1.386742621e-02
1.670600000e+01,train,-2.559946000e-01,-2.455156680e-01,1.047893205e-02,5.696614000e-03,-8.135930122e-03,-1.383254412e-02
1.671100000e+01,validation,-2.566177000e-01,-2.461461145e-01,1.047158548e-02,5.703371000e-03,-8.094256656e-03,-1.379762766e-02
1.671600000e+01,train,-2.572393000e-01,-2.467750359e-01,1.046426406e-02,5.710098000e-03,-8.052594401e-03,-1.376269240e-02
1.672100000e+01,train,-2.578593000e-01,-2.474026221e-01,1.045667789e-02,5.716795000e-03,-8.010751693e-03,-1.372754669e-02
1.672600000e+01,train,-2.584778000e-01,-2.480286906e-01,1.044910940e-02,5.723462000e-03,-7.968880923e-03,-1.369234292e-02
1.673100000e+01,train,-2.590947000e-01,-2.486533666e-01,1.044133342e-02,5.730100000e-03,-7.926640070e-03,-1.365674007e-02
1.673600000e+01,train,-2.597100000e-01,-2.492766049e-01,1.043339509e-02,5.736707000e-03,-7.884402387e-03,-1.362110939e-02
1.674100000e+01,test,-2.603238000e-01,-2.498984356e-01,1.042536438e-02,5.743285000e-03,-7.841941805e-03,-1.358522681e-02
1.674600000e+01,train,-2.609360000e-01,-2.505187187e-01,1.041728128e-02,5.749832000e-03,-7.799681362e-03,-1.354951336e-02
1.675100000e+01,validation,-2.615466000e-01,-2.511376282e-01,1.040897181e-02,5.756349000e-03,-7.757005105e-03,-1.351335410e-02
1.675600000e+01,train,-2.621556000e-01,-2.517550276e-01,1.040057245e-02,5.762836000e-03,-7.714290157e-03,-1.347712616e-02
1.676100000e+01,train,-2.627630000e-01,-2.523710121e-01,1.039198787e-02,5.769293000e-03,-7.671392917e-03,-1.344068592e-02
1.676600000e+01,train,-2.633689000e-01,-2.529855555e-01,1.038334452e-02,5.775720000e-03,-7.628494107e-03,-1.340421411e-02
1.677100000e+01,train,-2.639731000e-01,-2.535986228e-01,1.037447724e-02,5.782117000e-03,-7.585364031e-03,-1.336748103e-02
1.677600000e+01,validation,-2.645758000e-01,-2.542101877e-01,1.036561229e-02,5.788483000e-03,-7.542182271e-03,-1.333066527e-02
1.678100000e+01,validation,-2.651768000e-01,-2.548202503e-01,1.035654970e-02,5.794819000e-03,-7.498949709e-03,-1.329376871e-02
1.678600000e+01,train,-2.657763000e-01,-2.554288982e-01,1.034740182e-02,5.801125000e-03,-7.455536984e-03,-1.325666198e-02
1.679100000e+01,train,-2.663742000e-01,-2.560360739e-01,1.033812611e-02,5.807400000e-03,-7.411874018e-03,-1.321927402e-02
1.679600000e+01,test,-2.669704000e-01,-2.566418124e-01,1.032858762e-02,5.813645000e-03,-7.368217900e-03,-1.318186290e-02
1.680100000e+01,train,-2.675651000e-01,-2.572459838e-01,1.031911620e-02,5.819860000e-03,-7.324454361e-03,-1.314431436e-02
1.680600000e+01,test,-2.681581000e-01,-2.578486793e-01,1.030942069e-02,5.826044000e-03,-7.280462361e-03,-1.310650636e-02
1.681100000e+01,validation,-2.687495000e-01,-2.584499452e-01,1.029955484e-02,5.832198000e-03,-7.236465024e-03,-1.306866302e-02
1.681600000e+01,train,-2.693393000e-01,-2.590496441e-01,1.028965595e-02,5.838321000e-03,-7.192361208e-03,-1.303068221e-02
1.682100000e+01,train,-2.699275000e-01,-2.596479359e-01,1.027956405e-02,5.844413000e-03,-7.148066302e-03,-1.299247930e-02
1.682600000e+01,test,-2.705141000e-01,-2.602446572e-01,1.026944279e-02,5.850475000e-03,-7.103685812e-03,-1.295416081e-02
1.683100000e+01,train,-2.710990000e-01,-2.608398839e-01,1.025911607e-02,5.856507000e-03,-7.059244507e-03,-1.291575151e-02
1.683600000e+01,validation,-2.716823000e-01,-2.614336126e-01,1.024868743e-02,5.862508000e-03,-7.014761818e-03,-1.287726982e-02
1.684100000e+01,train,-2.722639000e-01,-2.620258995e-01,1.023800054e-02,5.868478000e-03,-6.969832599e-03,-1.283831060e-02
1.684600000e+01,train,-2.728440000e-01,-2.626165632e-01,1.022743684e-02,5.874417000e-03,-6.925205364e-03,-1.279962236e-02
1.685100000e+01,test,-2.734223000e-01,-2.632057627e-01,1.021653731e-02,5.880326000e-03,-6.880317974e-03,-1.276064397e-02
1.685600000e+01,validation,-2.739991000e-01,-2.637934979e-01,1.020560209e-02,5.886204000e-03,-6.835171880e-03,-1.272137588e-02
1.686100000e+01,test,-2.745742000e-01,-2.643796403e-01,1.019455973e-02,5.892051000e-03,-6.790128119e-03,-1.268217912e-02
1.686600000e+01,test,-2.751476000e-01,-2.649643147e-01,1.018328535e-02,5.897867000e-03,-6.744846545e-03,-1.264271355e-02
1.687100000e+01,test,-2.757194000e-01,-2.655474301e-01,1.017196995e-02,5.903653000e-03,-6.699448242e-03,-1.260310124e-02
1.687600000e+01,train,-2.762896000e-01,-2.661290850e-01,1.016051500e-02,5.909407000e-03,-6.653799651e-03,-1.256320665e-02
1.688100000e+01,train,-2.768580000e-01,-2.667091472e-01,1.014885276e-02,5.915131000e-03,-6.608254607e-03,-1.252338561e-02
1.688600000e+01,train,-2.774249000e-01,-2.672876468e-01,1.013725321e-02,5.920823000e-03,-6.562614601e-03,-1.248343760e-02
1.689100000e+01,train,-2.779900000e-01,-2.678646598e-01,1.012534020e-02,5.926485000e-03,-6.516903742e-03,-1.244338874e-02
1.689600000e+01,train,-2.785535000e-01,-2.684400415e-01,1.011345849e-02,5.932116000e-03,-6.471061629e-03,-1.240317763e-02
1.690100000e+01,test,-2.791153000e-01,-2.690139368e-01,1.010136323e-02,5.937715000e-03,-6.425149267e-03,-1.236286427e-02
1.690600000e+01,train,-2.796755000e-01,-2.695863108e-01,1.008918918e-02,5.943284000e-03,-6.378909857e-03,-1.232219386e-02
1.691100000e+01,test,-2.802339000e-01,-2.701571872e-01,1.007671278e-02,5.948822000e-03,-6.332634750e-03,-1.228145675e-02
1.691600000e+01,train,-2.807907000e-01,-2.707264174e-01,1.006428258e-02,5.954328000e-03,-6.286402201e-03,-1.224073020e-02
1.692100000e+01,train,-2.813459000e-01,-2.712940852e-01,1.005181479e-02,5.959803000e-03,-6.240076822e-03,-1.219987982e-02
1.692600000e+01,validation,-2.818993000e-01,-2.718603042e-01,1.003899576e-02,5.965247000e-03,-6.193470244e-03,-1.215871724e-02
1.693100000e+01,validation,-2.824510000e-01,-2.724248698e-01,1.002613025e-02,5.970660000e-03,-6.146920235e-03,-1.211758024e-02
1.693600000e+01,train,-2.830011000e-01,-2.729879105e-01,1.001318953e-02,5.976041000e-03,-6.100065885e-03,-1.207610689e-02
1.694100000e+01,train,-2.835494000e-01,-2.735493776e-01,1.000002244e-02,5.981392000e-03,-6.053272728e-03,-1.203466473e-02
1.694600000e+01,train,-2.840961000e-01,-2.741091800e-01,9.986920038e-03,5.986711000e-03,-6.006571004e-03,-1.199328200e-02
1.695100000e+01,train,-2.846411000e-01,-2.746675752e-01,9.973524840e-03,5.991998000e-03,-5.959356315e-03,-1.195135431e-02
1.695600000e+01,validation,-2.851843000e-01,-2.752243132e-01,9.959986794e-03,5.997255000e-03,-5.912220566e-03,-1.190947557e-02
1.696100000e+01,train,-2.857259000e-01,-2.757794092e-01,9.946490795e-03,6.002479000e-03,-5.865109790e-03,-1.186758879e-02
1.696600000e+01,train,-2.862658000e-01,-2.763329506e-01,9.932849380e-03,6.007673000e-03,-5.817895780e-03,-1.182556878e-02
1.697100000e+01,train,-2.868039000e-01,-2.768849524e-01,9.918947610e-03,6.012835000e-03,-5.770552622e-03,-1.178338762e-02
1.697600000e+01,train,-2.873403000e-01,-2.774354336e-01,9.904866446e-03,6.017965000e-03,-5.722886678e-03,-1.174085168e-02
1.698100000e+01,train,-2.878751000e-01,-2.779841665e-01,9.890933486e-03,6.023065000e-03,-5.675450531e-03,-1.169851553e-02
1.698600000e+01,train,-2.884081000e-01,-2.785314926e-01,9.876607430e-03,6.028132000e-03,-5.627503524e-03,-1.165563552e-02
1.699100000e+01,train,-2.889393000e-01,-2.790770368e-01,9.862263218e-03,6.033168000e-03,-5.579978960e-03,-1.161314696e-02
1.699600000e+01,train,-2.894689000e-01,-2.796211017e-01,9.847798348e-03,6.038172000e-03,-5.531928219e-03,-1.157010022e-02
1.700100000e+01,validation,-2.899967000e-01,-2.801635022e-01,9.833197769e-03,6.043145000e-03,-5.484090946e-03,-1.152723595e-02
1.700600000e+01,validation,-2.905228000e-01,-2.807043787e-01,9.818421297e-03,6.048086000e-03,-5.435952982e-03,-1.148403898e-02
1.701100000e+01,train,-2.910472000e-01,-2.812435559e-01,9.803644058e-03,6.052996000e-03,-5.387800831e-03,-1.144079683e-02
1.701600000e+01,train,-2.915699000e-01,-2.817811866e-01,9.788713434e-03,6.057873000e-03,-5.339534715e-03,-1.139740772e-02
1.702100000e+01,train,-2.920908000e-01,-2.823171831e-01,9.773616881e-03,6.062719000e-03,-5.291283976e-03,-1.135400298e-02
1.702600000e+01,validation,-2.926099000e-01,-2.828515944e-01,9.758305564e-03,6.067534000e-03,-5.242684451e-03,-1.131021845e-02
1.703100000e+01,train,-2.931273000e-01,-2.833843453e-01,9.742954679e-03,6.072316000e-03,-5.194307870e-03,-1.126662387e-02
1.703600000e+01,test,-2.936430000e-01,-2.839155112e-01,9.727488767e-03,6.077067000e-03,-5.145581974e-03,-1.122264897e-02
1.704100000e+01,validation,-2.941569000e-01,-2.844450505e-01,9.711849470e-03,6.081786000e-03,-5.096860633e-03,-1.117864663e-02
1.704600000e+01,train,-2.946691000e-01,-2.849729486e-01,9.696151383e-03,6.086473000e-03,-5.048168644e-03,-1.113464164e-02
1.705100000e+01,train,-2.951795000e-01,-2.854991741e-01,9.680325886e-03,6.091128000e-03,-4.999285944e-03,-1.109041394e-02
1.705600000e+01,test,-2.956882000e-01,-2.860238684e-01,9.664331580e-03,6.095751000e-03,-4.950237269e-03,-1.104598827e-02
1.706100000e+01,train,-2.961951000e-01,-2.865468300e-01,9.648269956e-03,6.100342000e-03,-4.901397399e-03,-1.100173940e-02
1.706600000e+01,train,-2.967003000e-01,-2.870682182e-01,9.632081817e-03,6.104902000e-03,-4.852176560e-03,-1.095707856e-02
1.707100000e+01,train,-2.972037000e-01,-2.875878776e-01,9.615822412e-03,6.109429000e-03,-4.803144214e-03,-1.091257321e-02
1.707600000e+01,test,-2.977053000e-01,-2.881060698e-01,9.599230243e-03,6.113924000e-03,-4.753555902e-03,-1.086747990e-02
1.708100000e+01,train,-2.982051000e-01,-2.886225296e-01,9.582570397e-03,6.118388000e-03,-4.704149427e-03,-1.082253743e-02
1.708600000e+01,test,-2.987032000e-01,-2.891372871e-01,9.565912870e-03,6.122819000e-03,-4.654753461e-03,-1.077757246e-02
1.709100000e+01,test,-2.991995000e-01,-2.896504225e-01,9.549077468e-03,6.127218000e-03,-4.605342789e-03,-1.073256079e-02
1.709600000e+01,train,-2.996941000e-01,-2.901618858e-01,9.532214210e-03,6.131585000e-03,-4.555743825e-03,-1.068732882e-02
1.710100000e+01,train,-3.001868000e-01,-2.906717644e-01,9.515035581e-03,6.135920000e-03,-4.505919085e-03,-1.064183908e-02
1.710600000e+01,validation,-3.006778000e-01,-2.911799335e-01,9.497866458e-03,6.140223000e-03,-4.456118599e-03,-1.059634160e-02
1.711100000e+01,train,-3.011670000e-01,-2.916864881e-01,9.480511932e-03,6.144493000e-03,-4.406292080e-03,-1.055078508e-02
1.711600000e+01,train,-3.016544000e-01,-2.921912720e-01,9.463128025e-03,6.148732000e-03,-4.356440627e-03,-1.050517263e-02
1.712100000e+01,train,-3.021400000e-01,-2.926944714e-01,9.445528553e-03,6.152938000e-03,-4.306364460e-03,-1.045930246e-02
1.712600000e+01,train,-3.026238000e-01,-2.931960715e-01,9.427728480e-03,6.157111000e-03,-4.256117747e-03,-1.041322875e-02
1.713100000e+01,train,-3.031059000e-01,-2.936958823e-01,9.410017698e-03,6.161253000e-03,-4.206012515e-03,-1.036726552e-02
1.713600000e+01,train,-3.035861000e-01,-2.941941050e-01,9.391995002e-03,6.165362000e-03,-4.155703848e-03,-1.032106585e-02
1.714100000e+01,train,-3.040645000e-01,-2.946905423e-01,9.373957731e-03,6.169439000e-03,-4.105516876e-03,-1.027495588e-02
1.714600000e+01,test,-3.045412000e-01,-2.951854142e-01,9.355785832e-03,6.173484000e-03,-4.054940918e-03,-1.022842492e-02
1.715100000e+01,train,-3.050160000e-01,-2.956785731e-01,9.337426940e-03,6.177496000e-03,-4.004531048e-03,-1.018202705e-02
1.715600000e+01,train,-3.054890000e-01,-2.961700716e-01,9.318928351e-03,6.181476000e-03,-3.953902469e-03,-1.013537847e-02
1.716100000e+01,train,-3.059602000e-01,-2.966597888e-01,9.300411224e-03,6.185423000e-03,-3.903376342e-03,-1.008879934e-02
1.716600000e+01,train,-3.064296000e-01,-2.971479444e-01,9.281655598e-03,6.189338000e-03,-3.852469524e-03,-1.004180752e-02
1.717100000e+01,test,-3.068972000e-01,-2.976342811e-01,9.262918941e-03,6.193221000e-03,-3.801905465e-03,-9.995126465e-03
1.717600000e+01,train,-3.073630000e-01,-2.981189801e-01,9.244019943e-03,6.197071000e-03,-3.751056841e-03,-9.948127841e-03
1.718100000e+01,test,-3.078270000e-01,-2.986020116e-01,9.224988444e-03,6.200888000e-03,-3.700003895e-03,-9.900891895e-03
1.718600000e+01,validation,-3.082891000e-01,-2.990833679e-01,9.205732123e-03,6.204673000e-03,-3.648906750e-03,-9.853579750e-03
1.719100000e+01,test,-3.087494000e-01,-2.995629430e-01,9.186456960e-03,6.208425000e-03,-3.597913561e-03,-9.806338561e-03
1.719600000e+01,validation,-3.092079000e-01,-3.000408357e-01,9.167064312e-03,6.212145000e-03,-3.546889699e-03,-9.759034699e-03
1.720100000e+01,train,-3.096646000e-01,-3.005170797e-01,9.147520310e-03,6.215832000e-03,-3.495616090e-03,-9.711448090e-03
1.720600000e+01,train,-3.101194000e-01,-3.009915764e-01,9.127823585e-03,6.219487000e-03,-3.444255388e-03,-9.663742388e-03
1.721100000e+01,test,-3.105724000e-01,-3.014643908e-01,9.108009234e-03,6.223109000e-03,-3.392864818e-03,-9.615973818e-03
1.721600000e+01,train,-3.110236000e-01,-3.019354279e-01,9.088172130e-03,6.226698000e-03,-3.341586774e-03,-9.568284774e-03
1.722100000e+01,test,-3.114729000e-01,-3.024047253e-01,9.068174709e-03,6.230255000e-03,-3.290209331e-03,-9.520464331e-03
1.722600000e+01,validation,-3.119204000e-01,-3.028723743e-01,9.048025686e-03,6.233778000e-03,-3.238583432e-03,-9.472361432e-03
1.723100000e+01,train,-3.123660000e-01,-3.033383449e-01,9.027655056e-03,6.237270000e-03,-3.186908244e-03,-9.424178244e-03
1.723600000e+01,train,-3.128098000e-01,-3.038025760e-01,9.007223965e-03,6.240728000e-03,-3.135134455e-03,-9.375862455e-03
1.724100000e+01,train,-3.132518000e-01,-3.042650338e-01,8.986766201e-03,6.244154000e-03,-3.083481697e-03,-9.327635697e-03
1.724600000e+01,train,-3.136919000e-01,-3.047257822e-01,8.966117812e-03,6.247546000e-03,-3.031531812e-03,-9.279077812e-03
1.725100000e+01,train,-3.141302000e-01,-3.051847236e-01,8.945476378e-03,6.250906000e-03,-2.979895164e-03,-9.230801164e-03
1.725600000e+01,test,-3.145666000e-01,-3.056420545e-01,8.924545531e-03,6.254234000e-03,-2.927799426e-03,-9.182033426e-03
1.726100000e+01,train,-3.150011000e-01,-3.060976234e-01,8.903476584e-03,6.257528000e-03,-2.875792222e-03,-9.133320222e-03
1.726600000e+01,validation,-3.154338000e-01,-3.065514457e-01,8.882354320e-03,6.260789000e-03,-2.823700986e-03,-9.084489986e-03
1.727100000e+01,train,-3.158646000e-01,-3.070035324e-01,8.861067581e-03,6.264018000e-03,-2.771520184e-03,-9.035538184e-03
1.727600000e+01,validation,-3.162936000e-01,-3.074538537e-01,8.839746260e-03,6.267213000e-03,-2.719421363e-03,-8.986634363e-03
1.728100000e+01,train,-3.167207000e-01,-3.079024396e-01,8.818260358e-03,6.270376000e-03,-2.667233430e-03,-8.937609430e-03
1.728600000e+01,train,-3.171459000e-01,-3.083492903e-01,8.796609718e-03,6.273506000e-03,-2.614929013e-03,-8.888435013e-03
1.729100000e+01,train,-3.175693000e-01,-3.087944056e-01,8.774894394e-03,6.276603000e-03,-2.562535944e-03,-8.839138944e-03
1.729600000e+01,validation,-3.179908000e-01,-3.092376833e-01,8.753116703e-03,6.279667000e-03,-2.510209770e-03,-8.789876770e-03
1.730100000e+01,test,-3.184105000e-01,-3.096793320e-01,8.731167983e-03,6.282697000e-03,-2.457592211e-03,-8.740289211e-03
1.730600000e+01,validation,-3.188282000e-01,-3.101191469e-01,8.709053113e-03,6.285695000e-03,-2.405049206e-03,-8.690744206e-03
1.731100000e+01,train,-3.192441000e-01,-3.105572003e-01,8.686899657e-03,6.288660000e-03,-2.352597186e-03,-8.641257186e-03
1.731600000e+01,train,-3.196581000e-01,-3.109935600e-01,8.664539975e-03,6.291591000e-03,-2.299825298e-03,-8.591416298e-03
1.732100000e+01,test,-3.200702000e-01,-3.114281547e-01,8.642045264e-03,6.294490000e-03,-2.247137505e-03,-8.541627505e-03
1.732600000e+01,train,-3.204804000e-01,-3.118609458e-01,8.619454156e-03,6.297356000e-03,-2.194326392e-03,-8.491682392e-03
1.733100000e+01,train,-3.208888000e-01,-3.122920133e-01,8.596786733e-03,6.300188000e-03,-2.141395041e-03,-8.441583041e-03
1.733600000e+01,train,-3.212952000e-01,-3.127212321e-01,8.573967920e-03,6.302987000e-03,-2.088684792e-03,-8.391671792e-03
1.734100000e+01,train,-3.216998000e-01,-3.131487461e-01,8.551053873e-03,6.305753000e-03,-2.035689419e-03,-8.341442419e-03
1.734600000e+01,validation,-3.221025000e-01,-3.135744343e-01,8.528065718e-03,6.308486000e-03,-1.982729772e-03,-8.291215772e-03
1.735100000e+01,train,-3.225033000e-01,-3.139984026e-01,8.504897388e-03,6.311186000e-03,-1.929658134e-03,-8.240844134e-03
1.735600000e+01,train,-3.229022000e-01,-3.144206438e-01,8.481556170e-03,6.313852000e-03,-1.876460202e-03,-8.190312202e-03
1.736100000e+01,train,-3.232991000e-01,-3.148409605e-01,8.458139500e-03,6.316486000e-03,-1.823488876e-03,-8.139974876e-03
1.736600000e+01,test,-3.236942000e-01,-3.152595576e-01,8.434642387e-03,6.319086000e-03,-1.770378567e-03,-8.089464567e-03
1.737100000e+01,test,-3.240874000e-01,-3.156764689e-01,8.410931059e-03,6.321652000e-03,-1.716937952e-03,-8.038589952e-03
1.737600000e+01,train,-3.244787000e-01,-3.160915208e-01,8.387179177e-03,6.324186000e-03,-1.663753719e-03,-7.987939719e-03
1.738100000e+01,test,-3.248681000e-01,-3.165046935e-01,8.363406544e-03,6.326686000e-03,-1.610544166e-03,-7.937230166e-03
1.738600000e+01,train,-3.252556000e-01,-3.169162378e-01,8.339362166e-03,6.329153000e-03,-1.557074851e-03,-7.886227851e-03
1.739100000e+01,train,-3.256411000e-01,-3.173258993e-01,8.315200735e-03,6.331587000e-03,-1.503601145e-03,-7.835188145e-03
1.739600000e+01,test,-3.260248000e-01,-3.177337428e-01,8.291057245e-03,6.333987000e-03,-1.450152321e-03,-7.784139321e-03
1.740100000e+01,test,-3.264065000e-01,-3.181398707e-01,8.266629304e-03,6.336354000e-03,-1.396573386e-03,-7.732927386e-03
1.740600000e+01,validation,-3.267863000e-01,-3.185441845e-01,8.242115545e-03,6.338688000e-03,-1.343027072e-03,-7.681715072e-03
1.741100000e+01,train,-3.271642000e-01,-3.189466155e-01,8.217584522e-03,6.340988000e-03,-1.289477202e-03,-7.630465202e-03
1.741600000e+01,train,-3.275402000e-01,-3.193473236e-01,8.192876357e-03,6.343255000e-03,-1.235811024e-03,-7.579066024e-03
1.742100000e+01,train,-3.279143000e-01,-3.197462591e-01,8.168040922e-03,6.345488000e-03,-1.181945801e-03,-7.527433801e-03
1.742600000e+01,train,-3.282864000e-01,-3.201433805e-01,8.143019462e-03,6.347688000e-03,-1.128114010e-03,-7.475802010e-03
1.743100000e+01,test,-3.286566000e-01,-3.205385894e-01,8.118010615e-03,6.349855000e-03,-1.074478438e-03,-7.424333438e-03
1.743600000e+01,train,-3.290249000e-01,-3.209321206e-01,8.092779449e-03,6.351988000e-03,-1.020502289e-03,-7.372490289e-03
1.744100000e+01,test,-3.293913000e-01,-3.213237430e-01,8.067557012e-03,6.354087000e-03,-9.667024119e-04,-7.320789412e-03
1.744600000e+01,train,-3.297557000e-01,-3.217135892e-01,8.042110837e-03,6.356153000e-03,-9.127249196e-04,-7.268877920e-03
1.745100000e+01,validation,-3.301182000e-01,-3.221016216e-01,8.016578407e-03,6.358186000e-03,-8.587820380e-04,-7.216968038e-03
1.745600000e+01,train,-3.304787000e-01,-3.224877792e-01,7.990920805e-03,6.360185000e-03,-8.048243911e-04,-7.165009391e-03
1.746100000e+01,train,-3.308374000e-01,-3.228722331e-01,7.965166938e-03,6.362151000e-03,-7.507057735e-04,-7.112856773e-03
1.746600000e+01,test,-3.311940000e-01,-3.232547135e-01,7.939286485e-03,6.364083000e-03,-6.967354012e-04,-7.060818401e-03
1.747100000e+01,train,-3.315488000e-01,-3.236354866e-01,7.913313448e-03,6.365981000e-03,-6.426247863e-04,-7.008605786e-03
1.747600000e+01,train,-3.319016000e-01,-3.240143850e-01,7.887215047e-03,6.367846000e-03,-5.885002960e-04,-6.956346296e-03
1.748100000e+01,train,-3.322524000e-01,-3.243915112e-01,7.860888786e-03,6.369678000e-03,-5.341793487e-04,-6.903857349e-03
1.748600000e+01,train,-3.326013000e-01,-3.247667403e-01,7.834559689e-03,6.371475000e-03,-4.800306589e-04,-6.851505659e-03
1.749100000e+01,validation,-3.329483000e-01,-3.251401974e-01,7.808102621e-03,6.373240000e-03,-4.256858339e-04,-6.798925834e-03
1.749600000e+01,test,-3.332933000e-01,-3.255117499e-01,7.781550082e-03,6.374970000e-03,-3.715268600e-04,-6.746496860e-03
1.750100000e+01,train,-3.336364000e-01,-3.258815416e-01,7.754858359e-03,6.376667000e-03,-3.171663052e-04,-6.693833305e-03
1.750600000e+01,train,-3.339775000e-01,-3.262494628e-01,7.728037197e-03,6.378330000e-03,-2.627727701e-04,-6.641102770e-03
1.751100000e+01,train,-3.343167000e-01,-3.266156083e-01,7.701091658e-03,6.379960000e-03,-2.082043125e-04,-6.588164312e-03
1.751600000e+01,train,-3.346539000e-01,-3.269797658e-01,7.674134223e-03,6.381556000e-03,-1.539587793e-04,-6.535514779e-03
1.752100000e+01,train,-3.349891000e-01,-3.273421589e-01,7.646941067e-03,6.383118000e-03,-9.950516321e-05,-6.482623163e-03
1.752600000e+01,train,-3.353224000e-01,-3.277027840e-01,7.619615953e-03,6.384647000e-03,-4.486419716e-05,-6.429511197e-03
1.753100000e+01,train,-3.356537000e-01,-3.280615425e-01,7.592157488e-03,6.386142000e-03,9.801505849e-06,-6.376340494e-03
1.753600000e+01,test,-3.359831000e-01,-3.284183094e-01,7.564790582e-03,6.387603000e-03,6.415086990e-05,-6.323452130e-03
1.754100000e+01,test,-3.363105000e-01,-3.287733197e-01,7.537180325e-03,6.389031000e-03,1.187205484e-04,-6.270310452e-03
1.754600000e+01,train,-3.366359000e-01,-3.291265696e-01,7.509330450e-03,6.390425000e-03,1.734900312e-04,-6.216934969e-03
1.755100000e+01,test,-3.369594000e-01,-3.294778543e-01,7.481545707e-03,6.391785000e-03,2.281209149e-04,-6.163664085e-03
1.755600000e+01,train,-3.372808000e-01,-3.298272764e-01,7.453523587e-03,6.393111000e-03,2.827959263e-04,-6.110315074e-03
1.756100000e+01,train,-3.376004000e-01,-3.301749457e-01,7.425454259e-03,6.394404000e-03,3.376832445e-04,-6.056720755e-03
1.756600000e+01,test,-3.379179000e-01,-3.305206200e-01,7.397279996e-03,6.395662000e-03,3.922326610e-04,-6.003429339e-03
1.757100000e+01,train,-3.382335000e-01,-3.308645754e-01,7.368924558e-03,6.396887000e-03,4.472131531e-04,-5.949673847e-03
1.757600000e+01,train,-3.385471000e-01,-3.312065397e-01,7.340560299e-03,6.398079000e-03,5.018757707e-04,-5.896203229e-03
1.758100000e+01,validation,-3.388587000e-01,-3.315467814e-01,7.311918560e-03,6.399236000e-03,5.569486980e-04,-5.842287302e-03
1.758600000e+01,train,-3.391684000e-01,-3.318850396e-01,7.283360447e-03,6.400360000e-03,6.117165339e-04,-5.788643466e-03
1.759100000e+01,validation,-3.394760000e-01,-3.322214465e-01,7.254553512e-03,6.401449000e-03,6.665330340e-04,-5.734915966e-03
1.759600000e+01,train,-3.397817000e-01,-3.325559948e-01,7.225705167e-03,6.402505000e-03,7.213848335e-04,-5.681120167e-03
1.760100000e+01,validation,-3.400854000e-01,-3.328887185e-01,7.196681466e-03,6.403528000e-03,7.764910542e-04,-5.627036946e-03
1.760600000e+01,train,-3.403871000e-01,-3.332195724e-01,7.167527641e-03,6.404516000e-03,8.314801723e-04,-5.573035828e-03
1.761100000e+01,test,-3.406868000e-01,-3.335484691e-01,7.138330929e-03,6.405470000e-03,8.863415537e-04,-5.519128446e-03
1.761600000e+01,train,-3.409846000e-01,-3.338755487e-01,7.109051271e-03,6.406391000e-03,9.414698947e-04,-5.464921105e-03
1.762100000e+01,train,-3.412803000e-01,-3.342007474e-01,7.079552595e-03,6.407278000e-03,9.964470910e-04,-5.410830909e-03
1.762600000e+01,train,-3.415741000e-01,-3.345240305e-01,7.050069547e-03,6.408131000e-03,1.051528350e-03,-5.356602650e-03
1.763100000e+01,train,-3.418658000e-01,-3.348455313e-01,7.020268726e-03,6.408950000e-03,1.106620617e-03,-5.302329383e-03
1.763600000e+01,train,-3.421556000e-01,-3.351650253e-01,6.990574657e-03,6.409735000e-03,1.161667170e-03,-5.248067830e-03
1.764100000e+01,train,-3.424434000e-01,-3.354827712e-01,6.960628829e-03,6.410486000e-03,1.216943614e-03,-5.193542386e-03
1.764600000e+01,train,-3.427292000e-01,-3.357984765e-01,6.930723543e-03,6.411203000e-03,1.271954839e-03,-5.139248161e-03
1.765100000e+01,validation,-3.430129000e-01,-3.361124336e-01,6.900466418e-03,6.411887000e-03,1.327195540e-03,-5.084691460e-03
1.765600000e+01,train,-3.432947000e-01,-3.364244489e-01,6.870251074e-03,6.412536000e-03,1.382333240e-03,-5.030202760e-03
1.766100000e+01,train,-3.435745000e-01,-3.367345490e-01,6.839951036e-03,6.413152000e-03,1.437573764e-03,-4.975578236e-03
1.766600000e+01,train,-3.438523000e-01,-3.370427833e-01,6.809516655e-03,6.413734000e-03,1.492687932e-03,-4.921046068e-03
1.767100000e+01,train,-3.441280000e-01,-3.373491138e-01,6.778886247e-03,6.414281000e-03,1.547938063e-03,-4.866342937e-03
1.767600000e+01,train,-3.444018000e-01,-3.376535900e-01,6.748210018e-03,6.414795000e-03,1.603213566e-03,-4.811581434e-03
1.768100000e+01,train,-3.446736000e-01,-3.379561698e-01,6.717430213e-03,6.415275000e-03,1.658637850e-03,-4.756637150e-03
1.768600000e+01,train,-3.449433000e-01,-3.382567855e-01,6.686514545e-03,6.415721000e-03,1.713772624e-03,-4.701948376e-03
1.769100000e+01,train,-3.452111000e-01,-3.385554823e-01,6.655617708e-03,6.416133000e-03,1.768988786e-03,-4.647144214e-03
1.769600000e+01,validation,-3.454768000e-01,-3.388523514e-01,6.624448582e-03,6.416511000e-03,1.824317116e-03,-4.592193884e-03
1.770100000e+01,test,-3.457405000e-01,-3.391473167e-01,6.593183288e-03,6.416855000e-03,1.879752776e-03,-4.537102224e-03
1.770600000e+01,train,-3.460022000e-01,-3.394404205e-01,6.561779499e-03,6.417165000e-03,1.935081220e-03,-4.482083780e-03
1.771100000e+01,train,-3.462619000e-01,-3.397315144e-01,6.530385559e-03,6.417441000e-03,1.990341073e-03,-4.427099927e-03
1.771600000e+01,train,-3.465196000e-01,-3.400208071e-01,6.498792861e-03,6.417683000e-03,2.045890711e-03,-4.371792289e-03
1.772100000e+01,train,-3.467753000e-01,-3.403081699e-01,6.467130111e-03,6.417891000e-03,2.101368782e-03,-4.316522218e-03
1.772600000e+01,train,-3.470289000e-01,-3.405935077e-01,6.435392267e-03,6.418065000e-03,2.156605334e-03,-4.261459666e-03
1.773100000e+01,train,-3.472805000e-01,-3.408770069e-01,6.403493062e-03,6.418205000e-03,2.211919517e-03,-4.206285483e-03
1.773600000e+01,train,-3.475301000e-01,-3.411586139e-01,6.371486135e-03,6.418311000e-03,2.267373425e-03,-4.150937575e-03
1.774100000e+01,train,-3.477777000e-01,-3.414383897e-01,6.339310304e-03,6.418383000e-03,2.322917817e-03,-4.095465183e-03
1.774600000e+01,train,-3.480232000e-01,-3.417161709e-01,6.307029118e-03,6.418422000e-03,2.378418702e-03,-4.040003298e-03
1.775100000e+01,train,-3.482668000e-01,-3.419920298e-01,6.274770158e-03,6.418426000e-03,2.433860294e-03,-3.984565706e-03
1.775600000e+01,train,-3.485083000e-01,-3.422659592e-01,6.242340835e-03,6.418396000e-03,2.489229325e-03,-3.929166675e-03
1.776100000e+01,train,-3.487478000e-01,-3.425379926e-01,6.209807365e-03,6.418332000e-03,2.544716955e-03,-3.873615045e-03
1.776600000e+01,train,-3.489852000e-01,-3.428081078e-01,6.177092178e-03,6.418234000e-03,2.600165389e-03,-3.818068611e-03
1.777100000e+01,train,-3.492206000e-01,-3.430762286e-01,6.144371418e-03,6.418102000e-03,2.655569588e-03,-3.762532412e-03
1.777600000e+01,train,-3.494540000e-01,-3.433425222e-01,6.111477815e-03,6.417936000e-03,2.711055872e-03,-3.706880128e-03
1.778100000e+01,test,-3.496854000e-01,-3.436068291e-01,6.078570941e-03,6.417736000e-03,2.766538561e-03,-3.651197439e-03
1.778600000e+01,train,-3.499147000e-01,-3.438693163e-01,6.045383684e-03,6.417502000e-03,2.822116213e-03,-3.595385787e-03
1.779100000e+01,train,-3.501420000e-01,-3.441298131e-01,6.012186869e-03,6.417234000e-03,2.877669582e-03,-3.539564418e-03
1.779600000e+01,test,-3.503672000e-01,-3.443882969e-01,5.978903099e-03,6.416932000e-03,2.933013014e-03,-3.483918986e-03
1.780100000e+01,train,-3.505905000e-01,-3.446449876e-01,5.945512385e-03,6.416596000e-03,2.988656871e-03,-3.427939129e-03
1.780600000e+01,validation,-3.508116000e-01,-3.448996917e-01,5.911908326e-03,6.416226000e-03,3.044268787e-03,-3.371957213e-03
1.781100000e+01,train,-3.510308000e-01,-3.451524815e-01,5.878318535e-03,6.415822000e-03,3.099832865e-03,-3.315989135e-03
1.781600000e+01,train,-3.512479000e-01,-3.454032584e-01,5.844641627e-03,6.415384000e-03,3.155186441e-03,-3.260197559e-03
1.782100000e+01,train,-3.514630000e-01,-3.456522499e-01,5.810750139e-03,6.414911000e-03,3.210853158e-03,-3.204057842e-03
1.782600000e+01,train,-3.516760000e-01,-3.458991600e-01,5.776840005e-03,6.414405000e-03,3.266345233e-03,-3.148059767e-03
1.783100000e+01,train,-3.518870000e-01,-3.461442509e-01,5.742749113e-03,6.413865000e-03,3.321931111e-03,-3.091933889e-03
1.783600000e+01,train,-3.520959000e-01,-3.463873666e-01,5.708533381e-03,6.413291000e-03,3.377517775e-03,-3.035773225e-03
1.784100000e+01,train,-3.523028000e-01,-3.466284735e-01,5.674326522e-03,6.412682000e-03,3.432913764e-03,-2.979768236e-03
1.784600000e+01,train,-3.525076000e-01,-3.468676927e-01,5.639907337e-03,6.412040000e-03,3.488439286e-03,-2.923600714e-03
1.785100000e+01,train,-3.527104000e-01,-3.471049405e-01,5.605459547e-03,6.411363000e-03,3.543957858e-03,-2.867405142e-03
1.785600000e+01,train,-3.529112000e-01,-3.473402782e-01,5.570921850e-03,6.410653000e-03,3.599447948e-03,-2.811205052e-03
1.786100000e+01,validation,-3.531099000e-01,-3.475737396e-01,5.536160446e-03,6.409909000e-03,3.655100802e-03,-2.754808198e-03
1.786600000e+01,train,-3.533066000e-01,-3.478052222e-01,5.501377774e-03,6.409130000e-03,3.710733197e-03,-2.698396803e-03
1.787100000e+01,train,-3.535012000e-01,-3.480346999e-01,5.466500071e-03,6.408318000e-03,3.766166974e-03,-2.642151026e-03
1.787600000e+01,train,-3.536937000e-01,-3.482622028e-01,5.431497200e-03,6.407471000e-03,3.821600601e-03,-2.585870399e-03
1.788100000e+01,train,-3.538842000e-01,-3.484878370e-01,5.396363025e-03,6.406591000e-03,3.877209550e-03,-2.529381450e-03
1.788600000e+01,train,-3.540727000e-01,-3.487115649e-01,5.361135055e-03,6.405676000e-03,3.932782044e-03,-2.472893956e-03
1.789100000e+01,train,-3.542591000e-01,-3.489332196e-01,5.325880447e-03,6.404727000e-03,3.988191541e-03,-2.416535459e-03
1.789600000e+01,train,-3.544434000e-01,-3.491530018e-01,5.290398222e-03,6.403745000e-03,4.043755592e-03,-2.359989408e-03
1.790100000e+01,train,-3.546257000e-01,-3.493708206e-01,5.254879382e-03,6.402728000e-03,4.099352458e-03,-2.303375542e-03
1.790600000e+01,test,-3.548059000e-01,-3.495867296e-01,5.219170388e-03,6.401678000e-03,4.154892048e-03,-2.246785952e-03
1.791100000e+01,test,-3.549841000e-01,-3.498005728e-01,5.183527164e-03,6.400593000e-03,4.210281228e-03,-2.190311772e-03
1.791600000e+01,train,-3.551602000e-01,-3.500125589e-01,5.147641093e-03,6.399474000e-03,4.265878637e-03,-2.133595363e-03
1.792100000e+01,train,-3.553342000e-01,-3.502225366e-01,5.111663412e-03,6.398322000e-03,4.321255895e-03,-2.077066105e-03
1.792600000e+01,train,-3.555062000e-01,-3.504305848e-01,5.075615175e-03,6.397135000e-03,4.376856682e-03,-2.020278318e-03
1.793100000e+01,validation,-3.556762000e-01,-3.506367347e-01,5.039465346e-03,6.395914000e-03,4.432433209e-03,-1.963480791e-03
1.793600000e+01,train,-3.558440000e-01,-3.508407850e-01,5.003214991e-03,6.394660000e-03,4.487639894e-03,-1.907020106e-03
1.794100000e+01,train,-3.560099000e-01,-3.510429098e-01,4.966990156e-03,6.393371000e-03,4.543090289e-03,-1.850280711e-03
1.794600000e+01,train,-3.561736000e-01,-3.512431739e-01,4.930426057e-03,6.392049000e-03,4.598727844e-03,-1.793321156e-03
1.795100000e+01,train,-3.563353000e-01,-3.514414411e-01,4.893858875e-03,6.390692000e-03,4.654178178e-03,-1.736513822e-03
1.795600000e+01,test,-3.564949000e-01,-3.516376465e-01,4.857253462e-03,6.389302000e-03,4.709469986e-03,-1.679832014e-03
1.796100000e+01,test,-3.566524000e-01,-3.518319951e-01,4.820404872e-03,6.387877000e-03,4.764969102e-03,-1.622907898e-03
1.796600000e+01,train,-3.568079000e-01,-3.520243580e-01,4.783541984e-03,6.386419000e-03,4.820286581e-03,-1.566132419e-03
1.797100000e+01,train,-3.569614000e-01,-3.522147882e-01,4.746611838e-03,6.384926000e-03,4.875834125e-03,-1.509091875e-03
1.797600000e+01,train,-3.571127000e-01,-3.524031266e-01,4.709573436e-03,6.383400000e-03,4.931024122e-03,-1.452375878e-03
1.798100000e+01,train,-3.572620000e-01,-3.525896420e-01,4.672357954e-03,6.381839000e-03,4.986612353e-03,-1.395226647e-03
1.798600000e+01,train,-3.574092000e-01,-3.527740771e-01,4.635122870e-03,6.380245000e-03,5.041876534e-03,-1.338368466e-03
1.799100000e+01,test,-3.575543000e-01,-3.529566482e-01,4.597651848e-03,6.378617000e-03,5.097334368e-03,-1.281282632e-03
1.799600000e+01,validation,-3.576974000e-01,-3.531371425e-01,4.560257516e-03,6.376955000e-03,5.152460625e-03,-1.224494375e-03
1.800100000e+01,train,-3.578384000e-01,-3.533157079e-01,4.522692069e-03,6.375259000e-03,5.207809076e-03,-1.167449924e-03
1.800600000e+01,train,-3.579774000e-01,-3.534923219e-01,4.485078123e-03,6.373529000e-03,5.263194251e-03,-1.110334749e-03
1.801100000e+01,train,-3.581142000e-01,-3.536669617e-01,4.447238301e-03,6.371765000e-03,5.318430632e-03,-1.053334368e-03
1.801600000e+01,train,-3.582490000e-01,-3.538396765e-01,4.409323454e-03,6.369967000e-03,5.373909398e-03,-9.960576021e-04
1.802100000e+01,train,-3.583817000e-01,-3.540103074e-01,4.371392578e-03,6.368135000e-03,5.429043072e-03,-9.390919277e-04
1.802600000e+01,test,-3.585124000e-01,-3.541790930e-01,4.333306963e-03,6.366270000e-03,5.484388835e-03,-8.818811655e-04
1.803100000e+01,train,-3.586409000e-01,-3.543458287e-01,4.295071335e-03,6.364370000e-03,5.539608347e-03,-8.247616526e-04
1.803600000e+01,train,-3.587674000e-01,-3.545105218e-01,4.256878201e-03,6.362437000e-03,5.594714703e-03,-7.677222974e-04
1.804100000e+01,train,-3.588918000e-01,-3.546733623e-01,4.218437685e-03,6.360470000e-03,5.650019775e-03,-7.104502252e-04
1.804600000e+01,train,-3.590142000e-01,-3.548341604e-01,4.180039592e-03,6.358469000e-03,5.705211581e-03,-6.532574190e-04
1.805100000e+01,train,-3.591344000e-01,-3.549930073e-01,4.141392710e-03,6.356434000e-03,5.760439351e-03,-5.959946494e-04
1.805600000e+01,train,-3.592526000e-01,-3.551497930e-01,4.102807030e-03,6.354365000e-03,5.815388801e-03,-5.389761995e-04
1.806100000e+01,validation,-3.593687000e-01,-3.553046613e-01,4.064038738e-03,6.352262000e-03,5.870565309e-03,-4.816966913e-04
1.806600000e+01,train,-3.594827000e-01,-3.554575785e-01,4.025121541e-03,6.350126000e-03,5.925777714e-03,-4.243482860e-04
1.807100000e+01,validation,-3.595947000e-01,-3.556085294e-01,3.986170634e-03,6.347956000e-03,5.980853542e-03,-3.671024584e-04
1.807600000e+01,train,-3.597046000e-01,-3.557574756e-01,3.947124385e-03,6.345752000e-03,6.036027415e-03,-3.097245854e-04
1.808100000e+01,validation,-3.598124000e-01,-3.559043421e-01,3.908057909e-03,6.343514000e-03,6.090875838e-03,-2.526381617e-04
1.808600000e+01,validation,-3.599181000e-01,-3.560493139e-01,3.868786118e-03,6.341242000e-03,6.146018295e-03,-1.952237052e-04
1.809100000e+01,train,-3.600217000e-01,-3.561923008e-01,3.829399207e-03,6.338937000e-03,6.200977239e-03,-1.379597611e-04
1.809600000e+01,validation,-3.601232000e-01,-3.563332906e-01,3.789909373e-03,6.336598000e-03,6.256047125e-03,-8.055087545e-05
1.810100000e+01,test,-3.602227000e-01,-3.564723182e-01,3.750381825e-03,6.334225000e-03,6.311000602e-03,-2.322439824e-05
1.810600000e+01,validation,-3.603201000e-01,-3.566093300e-01,3.710770020e-03,6.331818000e-03,6.366018122e-03,3.420012199e-05
1.811100000e+01,train,-3.604154000e-01,-3.567443832e-01,3.671016795e-03,6.329378000e-03,6.420911817e-03,9.153381696e-05
1.811600000e+01,train,-3.605086000e-01,-3.568774005e-01,3.631199512e-03,6.326904000e-03,6.475715774e-03,1.488117745e-04
1.812100000e+01,train,-3.605998000e-01,-3.570085127e-01,3.591287299e-03,6.324396000e-03,6.530767234e-03,2.063712342e-04
1.812600000e+01,train,-3.606888000e-01,-3.571375671e-01,3.551232890e-03,6.321854000e-03,6.585544744e-03,2.636907445e-04
1.813100000e+01,train,-3.607758000e-01,-3.572647158e-01,3.511084248e-03,6.319279000e-03,6.640568273e-03,3.212892729e-04
1.813600000e+01,train,-3.608607000e-01,-3.573898082e-01,3.470891848e-03,6.316670000e-03,6.695320474e-03,3.786504736e-04
1.814100000e+01,test,-3.609435000e-01,-3.575128714e-01,3.430628622e-03,6.314028000e-03,6.749980607e-03,4.359526069e-04
1.814600000e+01,train,-3.610242000e-01,-3.576340342e-01,3.390165770e-03,6.311351000e-03,6.804909741e-03,4.935587412e-04
1.815100000e+01,train,-3.611028000e-01,-3.577531363e-01,3.349663725e-03,6.308642000e-03,6.859531700e-03,5.508897001e-04
1.815600000e+01,validation,-3.611794000e-01,-3.578702447e-01,3.309155343e-03,6.305898000e-03,6.914283107e-03,6.083851073e-04
1.816100000e+01,train,-3.612538000e-01,-3.579853962e-01,3.268403758e-03,6.303121000e-03,6.968912933e-03,6.657919330e-04
1.816600000e+01,train,-3.613262000e-01,-3.580985519e-01,3.227648099e-03,6.300310000e-03,7.023654319e-03,7.233443186e-04
1.817100000e+01,train,-3.613965000e-01,-3.582096537e-01,3.186846348e-03,6.297466000e-03,7.078114056e-03,7.806480563e-04
1.817600000e+01,test,-3.614647000e-01,-3.583188604e-01,3.145839580e-03,6.294588000e-03,7.132851797e-03,8.382637969e-04
1.818100000e+01,train,-3.615308000e-01,-3.584260179e-01,3.104782105e-03,6.291676000e-03,7.187329639e-03,8.956536394e-04
1.818600000e+01,train,-3.615948000e-01,-3.585311802e-01,3.063619786e-03,6.288731000e-03,7.241906321e-03,9.531753206e-04
1.819100000e+01,train,-3.616568000e-01,-3.586344197e-01,3.022380266e-03,6.285753000e-03,7.296566240e-03,1.010813240e-03
1.819600000e+01,train,-3.617166000e-01,-3.587356123e-01,2.980987713e-03,6.282741000e-03,7.350970186e-03,1.068229186e-03
1.820100000e+01,train,-3.617744000e-01,-3.588348112e-01,2.939588751e-03,6.279695000e-03,7.405475476e-03,1.125780476e-03
1.820600000e+01,train,-3.618301000e-01,-3.589319964e-01,2.898103606e-03,6.276616000e-03,7.459928486e-03,1.183312486e-03
1.821100000e+01,train,-3.618837000e-01,-3.590271586e-01,2.856541379e-03,6.273503000e-03,7.514285561e-03,1.240782561e-03
1.821600000e+01,train,-3.619352000e-01,-3.591204065e-01,2.814793521e-03,6.270357000e-03,7.568754200e-03,1.298397200e-03
1.822100000e+01,train,-3.619846000e-01,-3.592116081e-01,2.772991860e-03,6.267178000e-03,7.622954057e-03,1.355776057e-03
1.822600000e+01,test,-3.620319000e-01,-3.593008246e-01,2.731075370e-03,6.263965000e-03,7.677283535e-03,1.413318535e-03
1.823100000e+01,train,-3.620771000e-01,-3.593880258e-01,2.689074152e-03,6.260718000e-03,7.731544075e-03,1.470826075e-03
1.823600000e+01,train,-3.621203000e-01,-3.594732434e-01,2.647056567e-03,6.257439000e-03,7.785936802e-03,1.528497802e-03
1.824100000e+01,train,-3.621614000e-01,-3.595564179e-01,2.604982091e-03,6.254125000e-03,7.840065989e-03,1.585940989e-03
1.824600000e+01,train,-3.622003000e-01,-3.596376781e-01,2.562621934e-03,6.250779000e-03,7.894292675e-03,1.643513675e-03
1.825100000e+01,train,-3.622372000e-01,-3.597169313e-01,2.520268665e-03,6.247399000e-03,7.948478718e-03,1.701079718e-03
1.825600000e+01,train,-3.622720000e-01,-3.597940707e-01,2.477929282e-03,6.243986000e-03,8.002419300e-03,1.758433300e-03
1.826100000e+01,test,-3.623047000e-01,-3.598693335e-01,2.435366480e-03,6.240539000e-03,8.056682910e-03,1.816143910e-03
1.826600000e+01,train,-3.623353000e-01,-3.599425525e-01,2.392747505e-03,6.237059000e-03,8.110667695e-03,1.873608695e-03
1.827100000e+01,validation,-3.623639000e-01,-3.600137978e-01,2.350102221e-03,6.233546000e-03,8.164815569e-03,1.931269569e-03
1.827600000e+01,train,-3.623903000e-01,-3.600830053e-01,2.307294668e-03,6.229999000e-03,8.218709024e-03,1.988710024e-03
1.828100000e+01,train,-3.624147000e-01,-3.601502362e-01,2.264463829e-03,6.226420000e-03,8.272746403e-03,2.046326403e-03
1.828600000e+01,train,-3.624369000e-01,-3.602154308e-01,2.221469189e-03,6.222807000e-03,8.326531972e-03,2.103724972e-03
1.829100000e+01,train,-3.624571000e-01,-3.602786510e-01,2.178448983e-03,6.219160000e-03,8.380465398e-03,2.161305398e-03
1.829600000e+01,train,-3.624752000e-01,-3.603398667e-01,2.135333313e-03,6.215481000e-03,8.434348170e-03,2.218867170e-03
1.830100000e+01,train,-3.624912000e-01,-3.603990786e-01,2.092121415e-03,6.211768000e-03,8.488181593e-03,2.276413593e-03
1.830600000e+01,train,-3.625051000e-01,-3.604562619e-01,2.048838091e-03,6.208022000e-03,8.541790251e-03,2.333768251e-03
1.831100000e+01,train,-3.625169000e-01,-3.605114693e-01,2.005430692e-03,6.204243000e-03,8.595530248e-03,2.391287248e-03
1.831600000e+01,train,-3.625266000e-01,-3.605646798e-01,1.961920208e-03,6.200431000e-03,8.649246628e-03,2.448815628e-03
1.832100000e+01,train,-3.625343000e-01,-3.606158858e-01,1.918414244e-03,6.196586000e-03,8.702898473e-03,2.506312473e-03
1.832600000e+01,test,-3.625398000e-01,-3.606650963e-01,1.874703664e-03,6.192708000e-03,8.756529344e-03,2.563821344e-03
1.833100000e+01,train,-3.625433000e-01,-3.607123085e-01,1.830991515e-03,6.188796000e-03,8.810120101e-03,2.621324101e-03
1.833600000e+01,test,-3.625446000e-01,-3.607575524e-01,1.787047649e-03,6.184852000e-03,8.863869272e-03,2.679017272e-03
1.834100000e+01,train,-3.625439000e-01,-3.608007692e-01,1.743130815e-03,6.180874000e-03,8.917382461e-03,2.736508461e-03
1.834600000e+01,train,-3.625411000e-01,-3.608419899e-01,1.699110119e-03,6.176864000e-03,8.970859512e-03,2.793995512e-03
1.835100000e+01,train,-3.625362000e-01,-3.608811166e-01,1.655083444e-03,6.172820000e-03,9.024139201e-03,2.851319201e-03
1.835600000e+01,train,-3.625293000e-01,-3.609183812e-01,1.610918787e-03,6.168744000e-03,9.077766953e-03,2.909022953e-03
1.836100000e+01,test,-3.625202000e-01,-3.609535194e-01,1.566680568e-03,6.164634000e-03,9.130981018e-03,2.966347018e-03
1.836600000e+01,validation,-3.625090000e-01,-3.609866679e-01,1.522332065e-03,6.160492000e-03,9.184183948e-03,3.023691948e-03
1.837100000e+01,train,-3.624958000e-01,-3.610178508e-01,1.477949192e-03,6.156317000e-03,9.237536106e-03,3.081219106e-03
1.837600000e+01,train,-3.624805000e-01,-3.610470158e-01,1.433484194e-03,6.152108000e-03,9.290682063e-03,3.138574063e-03
1.838100000e+01,train,-3.624631000e-01,-3.610742203e-01,1.388879709e-03,6.147867000e-03,9.343999999e-03,3.196132999e-03
1.838600000e+01,validation,-3.624436000e-01,-3.610994048e-01,1.344195165e-03,6.143593000e-03,9.397094341e-03,3.253501341e-03
1.839100000e+01,test,-3.624220000e-01,-3.611226304e-01,1.299369632e-03,6.139287000e-03,9.450363293e-03,3.311076293e-03
1.839600000e+01,validation,-3.623983000e-01,-3.611437690e-01,1.254530986e-03,6.134947000e-03,9.503447377e-03,3.368500377e-03
1.840100000e+01,train,-3.623725000e-01,-3.611628900e-01,1.209610018e-03,6.130575000e-03,9.556311849e-03,3.425736849e-03
1.840600000e+01,train,-3.623447000e-01,-3.611800582e-01,1.164641789e-03,6.126169000e-03,9.609375732e-03,3.483206732e-03
1.841100000e+01,train,-3.623148000e-01,-3.611952368e-01,1.119563226e-03,6.121731000e-03,9.662401051e-03,3.540670051e-03
1.841600000e+01,train,-3.622828000e-01,-3.612084001e-01,1.074399889e-03,6.117261000e-03,9.715211090e-03,3.597950090e-03
1.842100000e+01,test,-3.622487000e-01,-3.612196132e-01,1.029086784e-03,6.112757000e-03,9.768224974e-03,3.655467974e-03
1.842600000e+01,train,-3.622125000e-01,-3.612287443e-01,9.837557460e-04,6.108221000e-03,9.821062513e-03,3.712841513e-03
1.843100000e+01,train,-3.621742000e-01,-3.612358582e-01,9.383418404e-04,6.103653000e-03,9.873667701e-03,3.770014701e-03
1.843600000e+01,train,-3.621339000e-01,-3.612410243e-01,8.928756626e-04,6.099051000e-03,9.926481183e-03,3.827430183e-03
1.844100000e+01,train,-3.620914000e-01,-3.612442096e-01,8.471904023e-04,6.094417000e-03,9.979285322e-03,3.884868322e-03
1.844600000e+01,train,-3.620469000e-01,-3.612452852e-01,8.016148292e-04,6.089751000e-03,1.003171908e-02,3.941968079e-03
1.845100000e+01,train,-3.620003000e-01,-3.612444115e-01,7.558885191e-04,6.085052000e-03,1.008434473e-02,3.999292735e-03
1.845600000e+01,train,-3.619516000e-01,-3.612415637e-01,7.100362902e-04,6.080320000e-03,1.013698689e-02,4.056666892e-03
1.846100000e+01,train,-3.619009000e-01,-3.612367034e-01,6.641966411e-04,6.075556000e-03,1.018940482e-02,4.113848820e-03
1.846600000e+01,validation,-3.618480000e-01,-3.612298960e-01,6.181039791e-04,6.070759000e-03,1.024201872e-02,4.171259722e-03
1.847100000e+01,train,-3.617931000e-01,-3.612210175e-01,5.720825137e-04,6.065930000e-03,1.029448936e-02,4.228559358e-03
1.847600000e+01,test,-3.617361000e-01,-3.612101294e-01,5.259706088e-04,6.061068000e-03,1.034674117e-02,4.285673166e-03
1.848100000e+01,train,-3.616770000e-01,-3.611973004e-01,4.796996035e-04,6.056174000e-03,1.039921350e-02,4.343039497e-03
1.848600000e+01,validation,-3.616159000e-01,-3.611823685e-01,4.335314733e-04,6.051248000e-03,1.045132767e-02,4.400079670e-03
1.849100000e+01,train,-3.615526000e-01,-3.611654896e-01,3.871103609e-04,6.046289000e-03,1.050362415e-02,4.457335146e-03
1.849600000e+01,train,-3.614873000e-01,-3.611466126e-01,3.406874062e-04,6.041298000e-03,1.055574951e-02,4.514451506e-03
1.850100000e+01,train,-3.614199000e-01,-3.611257637e-01,2.941362680e-04,6.036274000e-03,1.060788192e-02,4.571607919e-03
1.850600000e+01,train,-3.613504000e-01,-3.611028753e-01,2.475247158e-04,6.031219000e-03,1.066005862e-02,4.628839623e-03
1.851100000e+01,validation,-3.612789000e-01,-3.610779871e-01,2.009128580e-04,6.026131000e-03,1.071204793e-02,4.685916928e-03
1.851600000e+01,test,-3.612052000e-01,-3.610511294e-01,1.540705616e-04,6.021010000e-03,1.076404832e-02,4.743038315e-03
1.852100000e+01,train,-3.611295000e-01,-3.610223067e-01,1.071932504e-04,6.015858000e-03,1.081608166e-02,4.800223664e-03
1.852600000e+01,validation,-3.610517000e-01,-3.609914143e-01,6.028569610e-05,6.010673000e-03,1.086794723e-02,4.857274226e-03
1.853100000e+01,train,-3.609719000e-01,-3.609585546e-01,1.334543490e-05,6.005456000e-03,1.091982802e-02,4.914372019e-03
1.853600000e+01,test,-3.608900000e-01,-3.609236342e-01,-3.363419676e-05,6.000208000e-03,1.097158463e-02,4.971376628e-03
1.854100000e+01,test,-3.608060000e-01,-3.608868127e-01,-8.081274942e-05,5.994926000e-03,1.102330286e-02,5.028376859e-03
1.854600000e+01,validation,-3.607199000e-01,-3.608479623e-01,-1.280623269e-04,5.989613000e-03,1.107509825e-02,5.085485246e-03
1.855100000e+01,train,-3.606317000e-01,-3.608071144e-01,-1.754144180e-04,5.984268000e-03,1.112669670e-02,5.142428697e-03
1.855600000e+01,train,-3.605415000e-01,-3.607642390e-01,-2.227390461e-04,5.978891000e-03,1.117837511e-02,5.199484106e-03
1.856100000e+01,train,-3.604492000e-01,-3.607193708e-01,-2.701707678e-04,5.973482000e-03,1.122987853e-02,5.256396526e-03
1.856600000e+01,train,-3.603549000e-01,-3.606725374e-01,-3.176374082e-04,5.968040000e-03,1.128138774e-02,5.313347738e-03
1.857100000e+01,validation,-3.602584000e-01,-3.606236487e-01,-3.652487047e-04,5.962567000e-03,1.133278254e-02,5.370215535e-03
1.857600000e+01,validation,-3.601599000e-01,-3.605728002e-01,-4.129002363e-04,5.957062000e-03,1.138420634e-02,5.427144340e-03
1.858100000e+01,test,-3.600594000e-01,-3.605199619e-01,-4.605618722e-04,5.951525000e-03,1.143546071e-02,5.483935714e-03
1.858600000e+01,train,-3.599567000e-01,-3.604651961e-01,-5.084961413e-04,5.945956000e-03,1.148694678e-02,5.540990781e-03
1.859100000e+01,train,-3.598520000e-01,-3.604083396e-01,-5.563395507e-04,5.940356000e-03,1.153808317e-02,5.597727165e-03
1.859600000e+01,train,-3.597453000e-01,-3.603495609e-01,-6.042609081e-04,5.934723000e-03,1.158947447e-02,5.654751469e-03
1.860100000e+01,test,-3.596364000e-01,-3.602886673e-01,-6.522673340e-04,5.929059000e-03,1.164034217e-02,5.711283173e-03
1.860600000e+01,train,-3.595255000e-01,-3.602259473e-01,-7.004472990e-04,5.923363000e-03,1.169160836e-02,5.768245355e-03
1.861100000e+01,test,-3.594126000e-01,-3.601610747e-01,-7.484747171e-04,5.917635000e-03,1.174258691e-02,5.824951913e-03
1.861600000e+01,test,-3.592975000e-01,-3.600943184e-01,-7.968183876e-04,5.911876000e-03,1.179357233e-02,5.881696330e-03
1.862100000e+01,validation,-3.591804000e-01,-3.600255135e-01,-8.451134806e-04,5.906085000e-03,1.184445597e-02,5.938370968e-03
1.862600000e+01,train,-3.590613000e-01,-3.599547525e-01,-8.934525061e-04,5.900262000e-03,1.189536212e-02,5.995100122e-03
1.863100000e+01,train,-3.589401000e-01,-3.598820408e-01,-9.419407867e-04,5.894408000e-03,1.194631406e-02,6.051906064e-03
1.863600000e+01,train,-3.588168000e-01,-3.598072797e-01,-9.904796658e-04,5.888522000e-03,1.199714926e-02,6.108627263e-03
1.864100000e+01,train,-3.586915000e-01,-3.597305391e-01,-1.039039141e-03,5.882605000e-03,1.204783441e-02,6.165229412e-03
1.864600000e+01,test,-3.585641000e-01,-3.596518494e-01,-1.087749368e-03,5.876656000e-03,1.209856822e-02,6.221912222e-03
1.865100000e+01,train,-3.584346000e-01,-3.595711124e-01,-1.136512444e-03,5.870676000e-03,1.214918954e-02,6.278513536e-03
1.865600000e+01,train,-3.583031000e-01,-3.594883984e-01,-1.185298372e-03,5.864664000e-03,1.219966510e-02,6.335001096e-03
1.866100000e+01,train,-3.581696000e-01,-3.594036424e-01,-1.234042446e-03,5.858621000e-03,1.225005136e-02,6.391430357e-03
1.866600000e+01,train,-3.580339000e-01,-3.593170373e-01,-1.283137350e-03,5.852546000e-03,1.230063803e-02,6.448092035e-03
1.867100000e+01,test,-3.578963000e-01,-3.592283844e-01,-1.332084363e-03,5.846441000e-03,1.235111126e-02,6.504670259e-03
1.867600000e+01,train,-3.577566000e-01,-3.591376593e-01,-1.381059311e-03,5.840303000e-03,1.240128315e-02,6.560980146e-03
1.868100000e+01,train,-3.576148000e-01,-3.590450896e-01,-1.430289644e-03,5.834135000e-03,1.245167744e-02,6.617542437e-03
1.868600000e+01,train,-3.574710000e-01,-3.589504855e-01,-1.479485513e-03,5.827935000e-03,1.250198230e-02,6.674047295e-03
1.869100000e+01,train,-3.573251000e-01,-3.588538019e-01,-1.528701859e-03,5.821704000e-03,1.255197291e-02,6.730268913e-03
1.869600000e+01,train,-3.571771000e-01,-3.587552811e-01,-1.578181056e-03,5.815442000e-03,1.260219946e-02,6.786757461e-03
1.870100000e+01,validation,-3.570272000e-01,-3.586547183e-01,-1.627518331e-03,5.809149000e-03,1.265232369e-02,6.843174686e-03
1.870600000e+01,train,-3.568751000e-01,-3.585521822e-01,-1.677082208e-03,5.802824000e-03,1.270230981e-02,6.899485813e-03
1.871100000e+01,train,-3.567211000e-01,-3.584476116e-01,-1.726511620e-03,5.796469000e-03,1.275220700e-02,6.955737999e-03
1.871600000e+01,train,-3.565650000e-01,-3.583411052e-01,-1.776105225e-03,5.790082000e-03,1.280217796e-02,7.012095963e-03
1.872100000e+01,train,-3.564068000e-01,-3.582326291e-01,-1.825829061e-03,5.783665000e-03,1.285200376e-02,7.068338759e-03
1.872600000e+01,test,-3.562466000e-01,-3.581222135e-01,-1.875613450e-03,5.777216000e-03,1.290191086e-02,7.124694861e-03
1.873100000e+01,train,-3.560843000e-01,-3.580097332e-01,-1.925433230e-03,5.770737000e-03,1.295153094e-02,7.180793944e-03
1.873600000e+01,train,-3.559201000e-01,-3.578953247e-01,-1.975224664e-03,5.764227000e-03,1.300123846e-02,7.237011465e-03
1.874100000e+01,train,-3.557537000e-01,-3.577789765e-01,-2.025276471e-03,5.757685000e-03,1.305099985e-02,7.293314854e-03
1.874600000e+01,validation,-3.555854000e-01,-3.576605675e-01,-2.075167473e-03,5.751113000e-03,1.310049499e-02,7.349381993e-03
1.875100000e+01,train,-3.554150000e-01,-3.575401887e-01,-2.125188706e-03,5.744510000e-03,1.314984571e-02,7.405335714e-03
1.875600000e+01,train,-3.552425000e-01,-3.574178816e-01,-2.175381583e-03,5.737877000e-03,1.319928432e-02,7.461407319e-03
1.876100000e+01,validation,-3.550680000e-01,-3.572936425e-01,-2.225642461e-03,5.731212000e-03,1.324881824e-02,7.517606240e-03
1.876600000e+01,test,-3.548915000e-01,-3.571673498e-01,-2.275849804e-03,5.724517000e-03,1.329807178e-02,7.573554781e-03
1.877100000e+01,validation,-3.547130000e-01,-3.570391213e-01,-2.326121330e-03,5.717791000e-03,1.334740043e-02,7.629609428e-03
1.877600000e+01,train,-3.545324000e-01,-3.569089269e-01,-2.376526896e-03,5.711035000e-03,1.339660578e-02,7.685570782e-03
1.878100000e+01,train,-3.543498000e-01,-3.567767129e-01,-2.426912880e-03,5.704248000e-03,1.344575018e-02,7.741502177e-03
1.878600000e+01,train,-3.541651000e-01,-3.566426390e-01,-2.477538996e-03,5.697430000e-03,1.349494715e-02,7.797517149e-03
1.879100000e+01,train,-3.539785000e-01,-3.565065417e-01,-2.528041717e-03,5.690582000e-03,1.354406302e-02,7.853481023e-03
1.879600000e+01,test,-3.537897000e-01,-3.563683836e-01,-2.578683612e-03,5.683703000e-03,1.359291396e-02,7.909210960e-03
1.880100000e+01,test,-3.535990000e-01,-3.562283693e-01,-2.629369270e-03,5.676794000e-03,1.364181058e-02,7.965016583e-03
1.880600000e+01,train,-3.534063000e-01,-3.560863391e-01,-2.680039147e-03,5.669854000e-03,1.369066741e-02,8.020813412e-03
1.881100000e+01,train,-3.532115000e-01,-3.559423467e-01,-2.730846668e-03,5.662884000e-03,1.373939449e-02,8.076510488e-03
1.881600000e+01,train,-3.530147000e-01,-3.557964333e-01,-2.781733252e-03,5.655884000e-03,1.378822421e-02,8.132340206e-03
1.882100000e+01,train,-3.528159000e-01,-3.556485613e-01,-2.832661286e-03,5.648854000e-03,1.383694492e-02,8.188090918e-03
1.882600000e+01,train,-3.526150000e-01,-3.554986772e-01,-2.883677154e-03,5.641793000e-03,1.388561905e-02,8.243826047e-03
1.883100000e+01,train,-3.524121000e-01,-3.553468118e-01,-2.934711751e-03,5.634702000e-03,1.393399890e-02,8.299296904e-03
1.883600000e+01,train,-3.522073000e-01,-3.551930517e-01,-2.985751742e-03,5.627580000e-03,1.398266021e-02,8.355080207e-03
1.884100000e+01,train,-3.520004000e-01,-3.550373104e-01,-3.036910447e-03,5.620429000e-03,1.403102750e-02,8.410598501e-03
1.884600000e+01,train,-3.517914000e-01,-3.548796520e-01,-3.088252002e-03,5.613247000e-03,1.407951878e-02,8.466271776e-03
1.885100000e+01,train,-3.515805000e-01,-3.547199474e-01,-3.139447393e-03,5.606036000e-03,1.412774510e-02,8.521709103e-03
1.885600000e+01,validation,-3.513676000e-01,-3.545584167e-01,-3.190816653e-03,5.598794000e-03,1.417621733e-02,8.577423334e-03
1.886100000e+01,train,-3.511526000e-01,-3.543948172e-01,-3.242217217e-03,5.591522000e-03,1.422426725e-02,8.632745249e-03
1.886600000e+01,train,-3.509356000e-01,-3.542293042e-01,-3.293704224e-03,5.584220000e-03,1.427243429e-02,8.688214292e-03
1.887100000e+01,validation,-3.507166000e-01,-3.540617678e-01,-3.345167768e-03,5.576889000e-03,1.432052265e-02,8.743633653e-03
1.887600000e+01,train,-3.504957000e-01,-3.538923635e-01,-3.396663546e-03,5.569527000e-03,1.436850688e-02,8.798979877e-03
1.888100000e+01,train,-3.502727000e-01,-3.537210383e-01,-3.448338306e-03,5.562136000e-03,1.441659564e-02,8.854459644e-03
1.888600000e+01,train,-3.500477000e-01,-3.535476781e-01,-3.499978126e-03,5.554715000e-03,1.446445417e-02,8.909739169e-03
1.889100000e+01,train,-3.498207000e-01,-3.533723704e-01,-3.551670390e-03,5.547264000e-03,1.451221155e-02,8.964947548e-03
1.889600000e+01,validation,-3.495917000e-01,-3.531952214e-01,-3.603521387e-03,5.539783000e-03,1.456007145e-02,9.020288450e-03
1.890100000e+01,validation,-3.493607000e-01,-3.530160638e-01,-3.655363765e-03,5.532273000e-03,1.460787981e-02,9.075606814e-03
1.890600000e+01,train,-3.491276000e-01,-3.528349284e-01,-3.707328414e-03,5.524733000e-03,1.465538889e-02,9.130655894e-03
1.891100000e+01,train,-3.488926000e-01,-3.526518907e-01,-3.759290704e-03,5.517163000e-03,1.470305015e-02,9.185887151e-03
1.891600000e+01,train,-3.486556000e-01,-3.524668067e-01,-3.811206742e-03,5.509564000e-03,1.475044856e-02,9.240884557e-03
1.892100000e+01,train,-3.484166000e-01,-3.522798964e-01,-3.863296359e-03,5.501935000e-03,1.479797649e-02,9.296041492e-03
1.892600000e+01,train,-3.481757000e-01,-3.520910346e-01,-3.915334567e-03,5.494277000e-03,1.484538408e-02,9.351107079e-03
1.893100000e+01,train,-3.479327000e-01,-3.519001792e-01,-3.967479166e-03,5.486589000e-03,1.489279509e-02,9.406206087e-03
1.893600000e+01,train,-3.476877000e-01,-3.517074446e-01,-4.019744644e-03,5.478872000e-03,1.494007033e-02,9.461198335e-03
1.894100000e+01,validation,-3.474407000e-01,-3.515127850e-01,-4.072084999e-03,5.471125000e-03,1.498731322e-02,9.516188221e-03
1.894600000e+01,train,-3.471918000e-01,-3.513161129e-01,-4.124312855e-03,5.463349000e-03,1.503448573e-02,9.571136730e-03
1.895100000e+01,train,-3.469408000e-01,-3.511175841e-01,-4.176784067e-03,5.455544000e-03,1.508159004e-02,9.626046040e-03
1.895600000e+01,train,-3.466879000e-01,-3.509170466e-01,-4.229146555e-03,5.447710000e-03,1.512864466e-02,9.680934665e-03
1.896100000e+01,train,-3.464330000e-01,-3.507146486e-01,-4.281648583e-03,5.439846000e-03,1.517561110e-02,9.735765099e-03
1.896600000e+01,train,-3.461761000e-01,-3.505102155e-01,-4.334115504e-03,5.431953000e-03,1.522234986e-02,9.790396865e-03
1.897100000e+01,train,-3.459173000e-01,-3.503039859e-01,-4.386685912e-03,5.424031000e-03,1.526939094e-02,9.845359938e-03
1.897600000e+01,validation,-3.456564000e-01,-3.500956910e-01,-4.439291038e-03,5.416081000e-03,1.531600605e-02,9.899925053e-03
1.898100000e+01,train,-3.453936000e-01,-3.498856034e-01,-4.492003433e-03,5.408101000e-03,1.536294423e-02,9.954843229e-03
1.898600000e+01,train,-3.451288000e-01,-3.496735454e-01,-4.544745371e-03,5.400092000e-03,1.540959887e-02,1.000950687e-02
1.899100000e+01,train,-3.448620000e-01,-3.494595657e-01,-4.597565726e-03,5.392054000e-03,1.545621566e-02,1.006416166e-02
1.899600000e+01,train,-3.445933000e-01,-3.492435584e-01,-4.650258357e-03,5.383987000e-03,1.550261903e-02,1.011863203e-02
1.900100000e+01,train,-3.443226000e-01,-3.490257242e-01,-4.703124239e-03,5.375891000e-03,1.554912705e-02,1.017323605e-02
1.900600000e+01,validation,-3.440499000e-01,-3.488059309e-01,-4.756030880e-03,5.367766000e-03,1.559538585e-02,1.022761985e-02
1.901100000e+01,train,-3.437752000e-01,-3.485843373e-01,-4.809137259e-03,5.359613000e-03,1.564195563e-02,1.028234263e-02
1.901600000e+01,validation,-3.434986000e-01,-3.483606968e-01,-4.862096806e-03,5.351431000e-03,1.568811993e-02,1.033668893e-02
1.902100000e+01,train,-3.432200000e-01,-3.481351272e-01,-4.915127225e-03,5.343220000e-03,1.573423424e-02,1.039101424e-02
1.902600000e+01,train,-3.429395000e-01,-3.479077346e-01,-4.968234646e-03,5.334981000e-03,1.578047459e-02,1.044549359e-02
1.903100000e+01,test,-3.426570000e-01,-3.476784240e-01,-5.021424018e-03,5.326713000e-03,1.582667127e-02,1.049995827e-02
1.903600000e+01,train,-3.423725000e-01,-3.474470856e-01,-5.074585554e-03,5.318416000e-03,1.587265598e-02,1.055423998e-02
1.904100000e+01,train,-3.420861000e-01,-3.472139962e-01,-5.127896202e-03,5.310091000e-03,1.591872385e-02,1.060863285e-02
1.904600000e+01,validation,-3.417977000e-01,-3.469788864e-01,-5.181186430e-03,5.301737000e-03,1.596459324e-02,1.066285624e-02
1.905100000e+01,train,-3.415074000e-01,-3.467418247e-01,-5.234424749e-03,5.293355000e-03,1.601022828e-02,1.071687328e-02
1.905600000e+01,test,-3.412151000e-01,-3.465029738e-01,-5.287873791e-03,5.284945000e-03,1.605618197e-02,1.077123697e-02
1.906100000e+01,validation,-3.409209000e-01,-3.462621709e-01,-5.341270884e-03,5.276506000e-03,1.610190162e-02,1.082539562e-02
1.906600000e+01,train,-3.406247000e-01,-3.460194271e-01,-5.394727111e-03,5.268039000e-03,1.614739333e-02,1.087935433e-02
1.907100000e+01,train,-3.403265000e-01,-3.457748904e-01,-5.448390369e-03,5.259544000e-03,1.619321152e-02,1.093366752e-02
1.907600000e+01,train,-3.400265000e-01,-3.455282764e-01,-5.501776434e-03,5.251021000e-03,1.623842765e-02,1.098740665e-02
1.908100000e+01,train,-3.397244000e-01,-3.452798770e-01,-5.555476961e-03,5.242469000e-03,1.628398389e-02,1.104151489e-02
1.908600000e+01,train,-3.394205000e-01,-3.450296278e-01,-5.609127781e-03,5.233889000e-03,1.632946237e-02,1.109557337e-02
1.909100000e+01,train,-3.391146000e-01,-3.447773353e-01,-5.662735328e-03,5.225281000e-03,1.637455854e-02,1.114927754e-02
1.909600000e+01,train,-3.388068000e-01,-3.445232573e-01,-5.716457294e-03,5.216646000e-03,1.641999547e-02,1.120334947e-02
1.910100000e+01,test,-3.384970000e-01,-3.442673068e-01,-5.770306777e-03,5.207982000e-03,1.646516952e-02,1.125718752e-02
1.910600000e+01,train,-3.381853000e-01,-3.440093468e-01,-5.824046758e-03,5.199290000e-03,1.651015344e-02,1.131086344e-02
1.911100000e+01,validation,-3.378716000e-01,-3.437495709e-01,-5.877970933e-03,5.190570000e-03,1.655527989e-02,1.136470989e-02
1.911600000e+01,train,-3.375561000e-01,-3.434879566e-01,-5.931856562e-03,5.181823000e-03,1.660036337e-02,1.141854037e-02
1.912100000e+01,train,-3.372386000e-01,-3.432244239e-01,-5.985823868e-03,5.173048000e-03,1.664540680e-02,1.147235880e-02
1.912600000e+01,train,-3.369191000e-01,-3.429589576e-01,-6.039857552e-03,5.164245000e-03,1.669023778e-02,1.152599278e-02
1.913100000e+01,test,-3.365978000e-01,-3.426916452e-01,-6.093845191e-03,5.155414000e-03,1.673501328e-02,1.157959928e-02
1.913600000e+01,test,-3.362745000e-01,-3.424224294e-01,-6.147929357e-03,5.146556000e-03,1.677977567e-02,1.163321967e-02
1.914100000e+01,train,-3.359493000e-01,-3.421512762e-01,-6.201976202e-03,5.137670000e-03,1.682433351e-02,1.168666351e-02
1.914600000e+01,test,-3.356222000e-01,-3.418783793e-01,-6.256179281e-03,5.128756000e-03,1.686899183e-02,1.174023583e-02
1.915100000e+01,train,-3.352932000e-01,-3.416034765e-01,-6.310276492e-03,5.119815000e-03,1.691348229e-02,1.179366729e-02
1.915600000e+01,validation,-3.349623000e-01,-3.413267387e-01,-6.364438667e-03,5.110847000e-03,1.695792421e-02,1.184707721e-02
1.916100000e+01,test,-3.346294000e-01,-3.410481923e-01,-6.418792303e-03,5.101851000e-03,1.700252386e-02,1.190067286e-02
1.916600000e+01,test,-3.342946000e-01,-3.407677084e-01,-6.473108390e-03,5.092828000e-03,1.704689251e-02,1.195406451e-02
1.917100000e+01,train,-3.339580000e-01,-3.404853668e-01,-6.527366798e-03,5.083777000e-03,1.709105506e-02,1.200727806e-02
1.917600000e+01,test,-3.336194000e-01,-3.402011405e-01,-6.581740508e-03,5.074700000e-03,1.713537158e-02,1.206067158e-02
1.918100000e+01,train,-3.332789000e-01,-3.399150640e-01,-6.636163962e-03,5.065595000e-03,1.717949567e-02,1.211390067e-02
1.918600000e+01,validation,-3.329365000e-01,-3.396270800e-01,-6.690579958e-03,5.056462000e-03,1.722358845e-02,1.216712645e-02
1.919100000e+01,train,-3.325922000e-01,-3.393373256e-01,-6.745125634e-03,5.047303000e-03,1.726760507e-02,1.222030207e-02
1.919600000e+01,test,-3.322460000e-01,-3.390455764e-01,-6.799576385e-03,5.038117000e-03,1.731146183e-02,1.227334483e-02
1.920100000e+01,train,-3.318979000e-01,-3.387520981e-01,-6.854198053e-03,5.028904000e-03,1.735544767e-02,1.232654367e-02
1.920600000e+01,train,-3.315479000e-01,-3.384566822e-01,-6.908782155e-03,5.019663000e-03,1.739923180e-02,1.237956880e-02
1.921100000e+01,validation,-3.311961000e-01,-3.381594761e-01,-6.963376082e-03,5.010396000e-03,1.744319498e-02,1.243279898e-02
1.921600000e+01,train,-3.308423000e-01,-3.378603097e-01,-7.018009678e-03,5.001102000e-03,1.748677115e-02,1.248566915e-02
1.922100000e+01,train,-3.304866000e-01,-3.375593080e-01,-7.072707990e-03,4.991781000e-03,1.753030169e-02,1.253852069e-02
1.922600000e+01,train,-3.301291000e-01,-3.372565161e-01,-7.127416054e-03,4.982433000e-03,1.757401187e-02,1.259157887e-02
1.923100000e+01,train,-3.297697000e-01,-3.369518586e-01,-7.182158615e-03,4.973059000e-03,1.761747794e-02,1.264441894e-02
1.923600000e+01,train,-3.294084000e-01,-3.366453771e-01,-7.236977072e-03,4.963658000e-03,1.766093253e-02,1.269727453e-02
1.924100000e+01,validation,-3.290452000e-01,-3.363370065e-01,-7.291806546e-03,4.954230000e-03,1.770440498e-02,1.275017498e-02
1.924600000e+01,train,-3.286801000e-01,-3.360267704e-01,-7.346670448e-03,4.944776000e-03,1.774763396e-02,1.280285796e-02
1.925100000e+01,train,-3.283132000e-01,-3.357147176e-01,-7.401517635e-03,4.935295000e-03,1.779086531e-02,1.285557031e-02
1.925600000e+01,train,-3.279444000e-01,-3.354008330e-01,-7.456433034e-03,4.925788000e-03,1.783404534e-02,1.290825734e-02
1.926100000e+01,train,-3.275737000e-01,-3.350851317e-01,-7.511431663e-03,4.916254000e-03,1.787722811e-02,1.296097411e-02
1.926600000e+01,train,-3.272011000e-01,-3.347675074e-01,-7.566407380e-03,4.906694000e-03,1.792023830e-02,1.301354430e-02
1.927100000e+01,test,-3.268267000e-01,-3.344481272e-01,-7.621427204e-03,4.897107000e-03,1.796317462e-02,1.306606762e-02
1.927600000e+01,train,-3.264504000e-01,-3.341268542e-01,-7.676454249e-03,4.887495000e-03,1.800613775e-02,1.311864275e-02
1.928100000e+01,train,-3.260723000e-01,-3.338038366e-01,-7.731536599e-03,4.877856000e-03,1.804906097e-02,1.317120497e-02
1.928600000e+01,validation,-3.256923000e-01,-3.334788921e-01,-7.786592144e-03,4.868191000e-03,1.809179214e-02,1.322360114e-02
1.929100000e+01,train,-3.253104000e-01,-3.331521043e-01,-7.841704273e-03,4.858500000e-03,1.813432139e-02,1.327582139e-02
1.929600000e+01,train,-3.249267000e-01,-3.328236171e-01,-7.896917104e-03,4.848783000e-03,1.817718310e-02,1.332840010e-02
1.930100000e+01,train,-3.245411000e-01,-3.324931916e-01,-7.952091575e-03,4.839039000e-03,1.821970114e-02,1.338066214e-02
1.930600000e+01,train,-3.241537000e-01,-3.321610402e-01,-8.007340179e-03,4.829270000e-03,1.826234595e-02,1.343307595e-02
1.931100000e+01,train,-3.237644000e-01,-3.318269429e-01,-8.062542935e-03,4.819475000e-03,1.830463448e-02,1.348515948e-02
1.931600000e+01,train,-3.233733000e-01,-3.314911310e-01,-8.117831026e-03,4.809654000e-03,1.834708379e-02,1.353742979e-02
1.932100000e+01,test,-3.229803000e-01,-3.311534070e-01,-8.173107034e-03,4.799808000e-03,1.838936894e-02,1.358956094e-02
1.932600000e+01,test,-3.225855000e-01,-3.308139345e-01,-8.228434512e-03,4.789935000e-03,1.843162367e-02,1.364168867e-02
1.933100000e+01,validation,-3.221888000e-01,-3.304726448e-01,-8.283844765e-03,4.780037000e-03,1.847385699e-02,1.369381999e-02
1.933600000e+01,test,-3.217904000e-01,-3.301295114e-01,-8.339111388e-03,4.770113000e-03,1.851589052e-02,1.374577752e-02
1.934100000e+01,test,-3.213900000e-01,-3.297846670e-01,-8.394667027e-03,4.760164000e-03,1.855810643e-02,1.379794243e-02
1.934600000e+01,train,-3.209879000e-01,-3.294378729e-01,-8.449972851e-03,4.750189000e-03,1.859994738e-02,1.384975838e-02
1.935100000e+01,validation,-3.205839000e-01,-3.290893675e-01,-8.505467500e-03,4.740189000e-03,1.864194362e-02,1.390175462e-02
1.935600000e+01,train,-3.201781000e-01,-3.287390297e-01,-8.560929657e-03,4.730163000e-03,1.868377450e-02,1.395361150e-02
1.936100000e+01,train,-3.197704000e-01,-3.283869695e-01,-8.616569507e-03,4.720112000e-03,1.872575536e-02,1.400564336e-02
1.936600000e+01,train,-3.193610000e-01,-3.280329705e-01,-8.671970537e-03,4.710035000e-03,1.876736813e-02,1.405733313e-02
1.937100000e+01,train,-3.189497000e-01,-3.276772679e-01,-8.727567886e-03,4.699934000e-03,1.880917792e-02,1.410924392e-02
1.937600000e+01,train,-3.185366000e-01,-3.273197899e-01,-8.783189930e-03,4.689807000e-03,1.885075345e-02,1.416094645e-02
1.938100000e+01,train,-3.181217000e-01,-3.269604983e-01,-8.838798304e-03,4.679655000e-03,1.889233045e-02,1.421267545e-02
1.938600000e+01,train,-3.177050000e-01,-3.265994079e-01,-8.894407891e-03,4.669477000e-03,1.893393553e-02,1.426445853e-02
1.939100000e+01,validation,-3.172864000e-01,-3.262364434e-01,-8.950043385e-03,4.659275000e-03,1.897514446e-02,1.431586946e-02
1.939600000e+01,train,-3.168661000e-01,-3.258717749e-01,-9.005674948e-03,4.649048000e-03,1.901652420e-02,1.436747620e-02
1.940100000e+01,train,-3.164439000e-01,-3.255053651e-01,-9.061465059e-03,4.638796000e-03,1.905789034e-02,1.441909434e-02
1.940600000e+01,validation,-3.160199000e-01,-3.251371488e-01,-9.117248822e-03,4.628519000e-03,1.909927238e-02,1.447075338e-02
1.941100000e+01,train,-3.155942000e-01,-3.247670695e-01,-9.172869503e-03,4.618217000e-03,1.914026527e-02,1.452204827e-02
1.941600000e+01,validation,-3.151666000e-01,-3.243952863e-01,-9.228686292e-03,4.607890000e-03,1.918145757e-02,1.457356757e-02
1.942100000e+01,train,-3.147373000e-01,-3.240216437e-01,-9.284343734e-03,4.597539000e-03,1.922228152e-02,1.462474252e-02
1.942600000e+01,test,-3.143061000e-01,-3.236463883e-01,-9.340288343e-03,4.587163000e-03,1.926342724e-02,1.467626424e-02
1.943100000e+01,train,-3.138732000e-01,-3.232692050e-01,-9.396005042e-03,4.576762000e-03,1.930424171e-02,1.472747971e-02
1.943600000e+01,validation,-3.134384000e-01,-3.228903825e-01,-9.451982469e-03,4.566337000e-03,1.934519973e-02,1.477886273e-02
1.944100000e+01,train,-3.130019000e-01,-3.225097306e-01,-9.507830634e-03,4.555888000e-03,1.938598957e-02,1.483010157e-02
1.944600000e+01,train,-3.125636000e-01,-3.221272495e-01,-9.563649518e-03,4.545414000e-03,1.942661154e-02,1.488119754e-02
1.945100000e+01,train,-3.121235000e-01,-3.217431365e-01,-9.619636493e-03,4.534915000e-03,1.946739094e-02,1.493247594e-02
1.945600000e+01,train,-3.116817000e-01,-3.213571941e-01,-9.675494132e-03,4.524392000e-03,1.950800297e-02,1.498361097e-02
1.946100000e+01,train,-3.112381000e-01,-3.209693884e-01,-9.731288427e-03,4.513845000e-03,1.954822843e-02,1.503438343e-02
1.946600000e+01,test,-3.107926000e-01,-3.205799847e-01,-9.787384719e-03,4.503274000e-03,1.958883161e-02,1.508555761e-02
1.947100000e+01,train,-3.103455000e-01,-3.201887251e-01,-9.843225065e-03,4.492679000e-03,1.962906192e-02,1.513638292e-02
1.947600000e+01,validation,-3.098965000e-01,-3.197958636e-01,-9.899363564e-03,4.482059000e-03,1.966965014e-02,1.518759114e-02
1.948100000e+01,train,-3.094458000e-01,-3.194011386e-01,-9.955338617e-03,4.471416000e-03,1.970985287e-02,1.523843687e-02
1.948600000e+01,train,-3.089933000e-01,-3.190045954e-01,-1.001129539e-02,4.460748000e-03,1.974992322e-02,1.528917522e-02
1.949100000e+01,train,-3.085391000e-01,-3.186064237e-01,-1.006732373e-02,4.450057000e-03,1.979014605e-02,1.534008905e-02
1.949600000e+01,train,-3.080831000e-01,-3.182064910e-01,-1.012339103e-02,4.439341000e-03,1.983016703e-02,1.539082603e-02
1.950100000e+01,train,-3.076254000e-01,-3.178048423e-01,-1.017944235e-02,4.428602000e-03,1.987021188e-02,1.544160988e-02
1.950600000e+01,train,-3.071659000e-01,-3.174013603e-01,-1.023546028e-02,4.417839000e-03,1.991007176e-02,1.549223276e-02
1.951100000e+01,train,-3.067046000e-01,-3.169962232e-01,-1.029162324e-02,4.407053000e-03,1.994990624e-02,1.554285324e-02
1.951600000e+01,train,-3.062416000e-01,-3.165893701e-01,-1.034777015e-02,4.396243000e-03,1.998976545e-02,1.559352245e-02
1.952100000e+01,train,-3.057769000e-01,-3.161806874e-01,-1.040378735e-02,4.385409000e-03,2.002946073e-02,1.564405173e-02
1.952600000e+01,train,-3.053104000e-01,-3.157703532e-01,-1.045995319e-02,4.374551000e-03,2.006912437e-02,1.569457337e-02
1.953100000e+01,train,-3.048422000e-01,-3.153582954e-01,-1.051609544e-02,4.363671000e-03,2.010880036e-02,1.574512936e-02
1.953600000e+01,test,-3.043722000e-01,-3.149444913e-01,-1.057229132e-02,4.352766000e-03,2.014830293e-02,1.579553693e-02
1.954100000e+01,train,-3.039005000e-01,-3.145289598e-01,-1.062845978e-02,4.341839000e-03,2.018779814e-02,1.584595914e-02
1.954600000e+01,train,-3.034271000e-01,-3.141117805e-01,-1.068468053e-02,4.330888000e-03,2.022728300e-02,1.589639500e-02
1.955100000e+01,train,-3.029520000e-01,-3.136927825e-01,-1.074078253e-02,4.319914000e-03,2.026661167e-02,1.594669767e-02
1.955600000e+01,test,-3.024751000e-01,-3.132721293e-01,-1.079702934e-02,4.308917000e-03,2.030591746e-02,1.599700046e-02
1.956100000e+01,train,-3.019965000e-01,-3.128497598e-01,-1.085325982e-02,4.297896000e-03,2.034525039e-02,1.604735439e-02
1.956600000e+01,train,-3.015162000e-01,-3.124257160e-01,-1.090951598e-02,4.286853000e-03,2.038436774e-02,1.609751474e-02
1.957100000e+01,train,-3.010342000e-01,-3.119998798e-01,-1.096567979e-02,4.275787000e-03,2.042353640e-02,1.614774940e-02
1.957600000e+01,test,-3.005504000e-01,-3.115723655e-01,-1.102196555e-02,4.264697000e-03,2.046249712e-02,1.619780012e-02
1.958100000e+01,train,-3.000650000e-01,-3.111432373e-01,-1.107823726e-02,4.253585000e-03,2.050164157e-02,1.624805657e-02
1.958600000e+01,test,-2.995778000e-01,-3.107123585e-01,-1.113455855e-02,4.242450000e-03,2.054059502e-02,1.629814502e-02
1.959100000e+01,train,-2.990889000e-01,-3.102797444e-01,-1.119084440e-02,4.231292000e-03,2.057941156e-02,1.634811956e-02
1.959600000e+01,test,-2.985984000e-01,-3.098454747e-01,-1.124707470e-02,4.220112000e-03,2.061817997e-02,1.639806797e-02
1.960100000e+01,validation,-2.981061000e-01,-3.094094583e-01,-1.130335828e-02,4.208909000e-03,2.065677854e-02,1.644786954e-02
1.960600000e+01,train,-2.976121000e-01,-3.089718315e-01,-1.135973146e-02,4.197683000e-03,2.069558255e-02,1.649789955e-02
1.961100000e+01,test,-2.971165000e-01,-3.085324615e-01,-1.141596151e-02,4.186435000e-03,2.073421012e-02,1.654777512e-02
1.961600000e+01,test,-2.966191000e-01,-3.080914207e-01,-1.147232070e-02,4.175164000e-03,2.077264493e-02,1.659748093e-02
1.962100000e+01,train,-2.961201000e-01,-3.076486670e-01,-1.152856700e-02,4.163871000e-03,2.081110387e-02,1.664723287e-02
1.962600000e+01,train,-2.956194000e-01,-3.072043600e-01,-1.158496003e-02,4.152555000e-03,2.084969876e-02,1.669714376e-02
1.963100000e+01,train,-2.951169000e-01,-3.067582223e-01,-1.164132233e-02,4.141218000e-03,2.088798932e-02,1.674677132e-02
1.963600000e+01,train,-2.946129000e-01,-3.063105085e-01,-1.169760855e-02,4.129858000e-03,2.092623019e-02,1.679637219e-02
1.964100000e+01,validation,-2.941071000e-01,-3.058610855e-01,-1.175398554e-02,4.118476000e-03,2.096451659e-02,1.684604059e-02
1.964600000e+01,train,-2.935997000e-01,-3.054099952e-01,-1.181029520e-02,4.107072000e-03,2.100260498e-02,1.689553298e-02
1.965100000e+01,validation,-2.930906000e-01,-3.049572941e-01,-1.186669412e-02,4.095645000e-03,2.104090090e-02,1.694525590e-02
1.965600000e+01,train,-2.925798000e-01,-3.045028269e-01,-1.192302691e-02,4.084197000e-03,2.107883680e-02,1.699463980e-02
1.966100000e+01,train,-2.920673000e-01,-3.040468138e-01,-1.197951384e-02,4.072727000e-03,2.111692484e-02,1.704419784e-02
1.966600000e+01,train,-2.915532000e-01,-3.035890572e-01,-1.203585724e-02,4.061235000e-03,2.115483909e-02,1.709360409e-02
1.967100000e+01,train,-2.910375000e-01,-3.031296445e-01,-1.209214447e-02,4.049721000e-03,2.119259065e-02,1.714286965e-02
1.967600000e+01,train,-2.905201000e-01,-3.026685868e-01,-1.214848683e-02,4.038186000e-03,2.123033152e-02,1.719214552e-02
1.968100000e+01,train,-2.900010000e-01,-3.022059031e-01,-1.220490306e-02,4.026629000e-03,2.126810906e-02,1.724148006e-02
1.968600000e+01,train,-2.894803000e-01,-3.017415745e-01,-1.226127454e-02,4.015050000e-03,2.130587760e-02,1.729082760e-02
1.969100000e+01,train,-2.889579000e-01,-3.012755784e-01,-1.231767841e-02,4.003450000e-03,2.134345061e-02,1.734000061e-02
1.969600000e+01,train,-2.884339000e-01,-3.008079522e-01,-1.237405218e-02,3.991828000e-03,2.138104031e-02,1.738921231e-02
1.970100000e+01,validation,-2.879083000e-01,-3.003387609e-01,-1.243046088e-02,3.980185000e-03,2.141861841e-02,1.743843341e-02
1.970600000e+01,test,-2.873810000e-01,-2.998678333e-01,-1.248683333e-02,3.968520000e-03,2.145603865e-02,1.748751865e-02
1.971100000e+01,test,-2.868521000e-01,-2.993952455e-01,-1.254314549e-02,3.956835000e-03,2.149327759e-02,1.753644259e-02
1.971600000e+01,train,-2.863215000e-01,-2.989211188e-01,-1.259961881e-02,3.945128000e-03,2.153068435e-02,1.758555635e-02
1.972100000e+01,validation,-2.857894000e-01,-2.984453319e-01,-1.265593186e-02,3.933399000e-03,2.156791094e-02,1.763451194e-02
1.972600000e+01,test,-2.852555000e-01,-2.979678808e-01,-1.271238077e-02,3.921650000e-03,2.160496363e-02,1.768331363e-02
1.973100000e+01,train,-2.847201000e-01,-2.974888983e-01,-1.276879829e-02,3.909880000e-03,2.164219868e-02,1.773231868e-02
1.973600000e+01,train,-2.841831000e-01,-2.970081868e-01,-1.282508681e-02,3.898088000e-03,2.167929072e-02,1.778120272e-02
1.974100000e+01,train,-2.836444000e-01,-2.965258835e-01,-1.288148348e-02,3.886276000e-03,2.171616683e-02,1.782989083e-02
1.974600000e+01,train,-2.831041000e-01,-2.960420485e-01,-1.293794849e-02,3.874443000e-03,2.175322503e-02,1.787878203e-02
1.975100000e+01,train,-2.825623000e-01,-2.955565568e-01,-1.299425681e-02,3.862589000e-03,2.179012501e-02,1.792753601e-02
1.975600000e+01,test,-2.820188000e-01,-2.950694311e-01,-1.305063108e-02,3.850715000e-03,2.182702599e-02,1.797631099e-02
1.976100000e+01,train,-2.814737000e-01,-2.945807170e-01,-1.310701696e-02,3.838819000e-03,2.186373126e-02,1.802491226e-02
1.976600000e+01,test,-2.809270000e-01,-2.940903799e-01,-1.316337994e-02,3.826903000e-03,2.190047150e-02,1.807356850e-02
1.977100000e+01,train,-2.803787000e-01,-2.935984772e-01,-1.321977722e-02,3.814967000e-03,2.193717613e-02,1.812220913e-02
1.977600000e+01,validation,-2.798288000e-01,-2.931049251e-01,-1.327612510e-02,3.803010000e-03,2.197373708e-02,1.817072708e-02
1.978100000e+01,test,-2.792773000e-01,-2.926097808e-01,-1.333248079e-02,3.791033000e-03,2.201008374e-02,1.821905074e-02
1.978600000e+01,train,-2.787243000e-01,-2.921131122e-01,-1.338881220e-02,3.779035000e-03,2.204662908e-02,1.826759408e-02
1.979100000e+01,validation,-2.781696000e-01,-2.916147828e-01,-1.344518281e-02,3.767017000e-03,2.208299765e-02,1.831598065e-02
1.979600000e+01,train,-2.776134000e-01,-2.911148950e-01,-1.350149500e-02,3.754979000e-03,2.211934518e-02,1.836436618e-02
1.980100000e+01,train,-2.770556000e-01,-2.906133651e-01,-1.355776509e-02,3.742921000e-03,2.215556358e-02,1.841264258e-02
1.980600000e+01,train,-2.764962000e-01,-2.901103718e-01,-1.361417178e-02,3.730842000e-03,2.219193117e-02,1.846108917e-02
1.981100000e+01,test,-2.759353000e-01,-2.896057251e-01,-1.367042508e-02,3.718744000e-03,2.222813684e-02,1.850939284e-02
1.981600000e+01,test,-2.753728000e-01,-2.890994897e-01,-1.372668973e-02,3.706625000e-03,2.226412366e-02,1.855749866e-02
1.982100000e+01,train,-2.748087000e-01,-2.885917108e-01,-1.378301080e-02,3.694487000e-03,2.230014447e-02,1.860565747e-02
1.982600000e+01,train,-2.742430000e-01,-2.880823658e-01,-1.383936583e-02,3.682329000e-03,2.233613285e-02,1.865380385e-02
1.983100000e+01,validation,-2.736758000e-01,-2.875714773e-01,-1.389567732e-02,3.670151000e-03,2.237215637e-02,1.870200537e-02
1.983600000e+01,validation,-2.731071000e-01,-2.870590075e-01,-1.395190747e-02,3.657954000e-03,2.240797530e-02,1.875002130e-02
1.984100000e+01,test,-2.725367000e-01,-2.865449828e-01,-1.400828279e-02,3.645736000e-03,2.244379660e-02,1.879806060e-02
1.984600000e+01,train,-2.719649000e-01,-2.860294106e-01,-1.406451060e-02,3.633500000e-03,2.247963311e-02,1.884613311e-02
1.985100000e+01,train,-2.713915000e-01,-2.855122532e-01,-1.412075324e-02,3.621243000e-03,2.251527243e-02,1.889402943e-02
1.985600000e+01,train,-2.708165000e-01,-2.849935484e-01,-1.417704839e-02,3.608968000e-03,2.255092812e-02,1.894196012e-02
1.986100000e+01,train,-2.702401000e-01,-2.844732923e-01,-1.423319227e-02,3.596672000e-03,2.258658024e-02,1.898990824e-02
1.986600000e+01,train,-2.696620000e-01,-2.839514622e-01,-1.428946217e-02,3.584358000e-03,2.262206995e-02,1.903771195e-02
1.987100000e+01,validation,-2.690825000e-01,-2.834281418e-01,-1.434564183e-02,3.572024000e-03,2.265750649e-02,1.908548249e-02
1.987600000e+01,train,-2.685014000e-01,-2.829032812e-01,-1.440188124e-02,3.559672000e-03,2.269297314e-02,1.913330114e-02
1.988100000e+01,validation,-2.679188000e-01,-2.823768390e-01,-1.445803905e-02,3.547300000e-03,2.272823778e-02,1.918093778e-02
1.988600000e+01,train,-2.673347000e-01,-2.818489516e-01,-1.451425162e-02,3.534909000e-03,2.276370274e-02,1.922879374e-02
1.989100000e+01,train,-2.667490000e-01,-2.813194524e-01,-1.457045241e-02,3.522499000e-03,2.279876723e-02,1.927626823e-02
1.989600000e+01,train,-2.661619000e-01,-2.807884393e-01,-1.462653925e-02,3.510070000e-03,2.283404241e-02,1.932397241e-02
1.990100000e+01,train,-2.655732000e-01,-2.802559205e-01,-1.468272046e-02,3.497622000e-03,2.286912007e-02,1.937149807e-02
1.990600000e+01,test,-2.649830000e-01,-2.797218575e-01,-1.473885755e-02,3.485156000e-03,2.290420997e-02,1.941905397e-02
1.991100000e+01,train,-2.643913000e-01,-2.791862166e-01,-1.479491661e-02,3.472670000e-03,2.293911982e-02,1.946644982e-02
1.991600000e+01,test,-2.637981000e-01,-2.786491987e-01,-1.485109871e-02,3.460166000e-03,2.297416734e-02,1.951400134e-02
1.992100000e+01,train,-2.632034000e-01,-2.781106103e-01,-1.490721026e-02,3.447644000e-03,2.300904908e-02,1.956140508e-02
1.992600000e+01,train,-2.626073000e-01,-2.775704436e-01,-1.496314360e-02,3.435103000e-03,2.304375108e-02,1.960864808e-02
1.993100000e+01,train,-2.620096000e-01,-2.770288088e-01,-1.501920875e-02,3.422544000e-03,2.307844335e-02,1.965589935e-02
1.993600000e+01,train,-2.614104000e-01,-2.764857246e-01,-1.507532460e-02,3.409966000e-03,2.311331868e-02,1.970335268e-02
1.994100000e+01,test,-2.608098000e-01,-2.759411382e-01,-1.513133823e-02,3.397370000e-03,2.314799169e-02,1.975062169e-02
1.994600000e+01,train,-2.602077000e-01,-2.753949848e-01,-1.518728482e-02,3.384755000e-03,2.318249330e-02,1.979773830e-02
1.995100000e+01,test,-2.596040000e-01,-2.748473857e-01,-1.524338569e-02,3.372123000e-03,2.321717179e-02,1.984504879e-02
1.995600000e+01,train,-2.589990000e-01,-2.742982768e-01,-1.529927681e-02,3.359472000e-03,2.325163570e-02,1.989216370e-02
1.996100000e+01,train,-2.583924000e-01,-2.737476806e-01,-1.535528056e-02,3.346803000e-03,2.328592522e-02,1.993912222e-02
1.996600000e+01,train,-2.577844000e-01,-2.731956311e-01,-1.541123106e-02,3.334117000e-03,2.332037940e-02,1.998626240e-02
1.997100000e+01,train,-2.571749000e-01,-2.726421242e-01,-1.546722425e-02,3.321412000e-03,2.335485895e-02,2.003344695e-02
1.997600000e+01,validation,-2.565640000e-01,-2.720870051e-01,-1.552300512e-02,3.308690000e-03,2.338894290e-02,2.008025290e-02
1.998100000e+01,train,-2.559516000e-01,-2.715305235e-01,-1.557892353e-02,3.295949000e-03,2.342319457e-02,2.012724557e-02
1.998600000e+01,train,-2.553378000e-01,-2.709725395e-01,-1.563473954e-02,3.283191000e-03,2.345724704e-02,2.017405604e-02
1.999100000e+01,train,-2.547225000e-01,-2.704131134e-01,-1.569061344e-02,3.270416000e-03,2.349149957e-02,2.022108357e-02
1.999600000e+01,test,-2.541057000e-01,-2.698521921e-01,-1.574649214e-02,3.257623000e-03,2.352553880e-02,2.026791580e-02
2.000100000e+01,train,-2.534875000e-01,-2.692898782e-01,-1.580237823e-02,3.244812000e-03,2.355957498e-02,2.031476298e-02
2.000600000e+01,train,-2.528679000e-01,-2.687259856e-01,-1.585808561e-02,3.231984000e-03,2.359340943e-02,2.036142543e-02
2.001100000e+01,train,-2.522468000e-01,-2.681607040e-01,-1.591390400e-02,3.219139000e-03,2.362723434e-02,2.040809534e-02
2.001600000e+01,train,-2.516244000e-01,-2.675939537e-01,-1.596955368e-02,3.206276000e-03,2.366105453e-02,2.045477853e-02
2.002100000e+01,test,-2.510004000e-01,-2.670258371e-01,-1.602543709e-02,3.193396000e-03,2.369505244e-02,2.050165644e-02
2.002600000e+01,validation,-2.503751000e-01,-2.664560925e-01,-1.608099245e-02,3.180499000e-03,2.372848350e-02,2.054798450e-02
2.003100000e+01,test,-2.497483000e-01,-2.658850765e-01,-1.613677647e-02,3.167585000e-03,2.376223522e-02,2.059465022e-02
2.003600000e+01,train,-2.491202000e-01,-2.653126029e-01,-1.619240288e-02,3.154653000e-03,2.379601671e-02,2.064136371e-02
2.004100000e+01,test,-2.484906000e-01,-2.647386036e-01,-1.624800361e-02,3.141705000e-03,2.382938770e-02,2.068768270e-02
2.004600000e+01,validation,-2.478596000e-01,-2.641632417e-01,-1.630364166e-02,3.128740000e-03,2.386295804e-02,2.073421804e-02
2.005100000e+01,train,-2.472271000e-01,-2.635863842e-01,-1.635928418e-02,3.115758000e-03,2.389631828e-02,2.078056028e-02
2.005600000e+01,train,-2.465933000e-01,-2.630081263e-01,-1.641482633e-02,3.102759000e-03,2.392963887e-02,2.082687987e-02
2.006100000e+01,test,-2.459581000e-01,-2.624285094e-01,-1.647040939e-02,3.089744000e-03,2.396315266e-02,2.087340866e-02
2.006600000e+01,train,-2.453215000e-01,-2.618473779e-01,-1.652587791e-02,3.076712000e-03,2.399629124e-02,2.091957924e-02
2.007100000e+01,train,-2.446835000e-01,-2.612648761e-01,-1.658137609e-02,3.063664000e-03,2.402959032e-02,2.096592632e-02
2.007600000e+01,train,-2.440441000e-01,-2.606809435e-01,-1.663684348e-02,3.050599000e-03,2.406265047e-02,2.101205147e-02
2.008100000e+01,train,-2.434034000e-01,-2.600956629e-01,-1.669226287e-02,3.037517000e-03,2.409591166e-02,2.105839466e-02
2.008600000e+01,train,-2.427612000e-01,-2.595089552e-01,-1.674775517e-02,3.024420000e-03,2.412895465e-02,2.110453465e-02
2.009100000e+01,train,-2.421177000e-01,-2.589207518e-01,-1.680305180e-02,3.011306000e-03,2.416179045e-02,2.115048445e-02
2.009600000e+01,train,-2.414728000e-01,-2.583312651e-01,-1.685846514e-02,2.998175000e-03,2.419479727e-02,2.119662227e-02
2.010100000e+01,test,-2.408265000e-01,-2.577402864e-01,-1.691378642e-02,2.985029000e-03,2.422761708e-02,2.124258808e-02
2.010600000e+01,train,-2.401789000e-01,-2.571480132e-01,-1.696911324e-02,2.971867000e-03,2.426057580e-02,2.128870880e-02
2.011100000e+01,train,-2.395299000e-01,-2.565542555e-01,-1.702435548e-02,2.958688000e-03,2.429336180e-02,2.133467380e-02
2.011600000e+01,train,-2.388795000e-01,-2.559591691e-01,-1.707966913e-02,2.945494000e-03,2.432606663e-02,2.138057263e-02
2.012100000e+01,train,-2.382278000e-01,-2.553627007e-01,-1.713490068e-02,2.932284000e-03,2.435878199e-02,2.142649799e-02
2.012600000e+01,train,-2.375747000e-01,-2.547648462e-01,-1.719014624e-02,2.919058000e-03,2.439148746e-02,2.147242946e-02
2.013100000e+01,train,-2.369203000e-01,-2.541655681e-01,-1.724526811e-02,2.905817000e-03,2.442397024e-02,2.151815324e-02
2.013600000e+01,train,-2.362646000e-01,-2.535650029e-01,-1.730040291e-02,2.892560000e-03,2.445660738e-02,2.156404738e-02
2.014100000e+01,test,-2.356075000e-01,-2.529630288e-01,-1.735552885e-02,2.879287000e-03,2.448904866e-02,2.160976166e-02
2.014600000e+01,validation,-2.349490000e-01,-2.523596575e-01,-1.741065747e-02,2.865999000e-03,2.452144793e-02,2.165544893e-02
2.015100000e+01,train,-2.342893000e-01,-2.517549724e-01,-1.746567239e-02,2.852695000e-03,2.455382203e-02,2.170112703e-02
2.015600000e+01,train,-2.336282000e-01,-2.511488975e-01,-1.752069747e-02,2.839376000e-03,2.458616842e-02,2.174679242e-02
2.016100000e+01,train,-2.329658000e-01,-2.505415087e-01,-1.757570868e-02,2.826041000e-03,2.461848962e-02,2.179244862e-02
2.016600000e+01,train,-2.323020000e-01,-2.499327072e-01,-1.763070723e-02,2.812692000e-03,2.465059682e-02,2.183790482e-02
2.017100000e+01,train,-2.316370000e-01,-2.493226110e-01,-1.768561097e-02,2.799327000e-03,2.468284673e-02,2.188351973e-02
2.017600000e+01,train,-2.309706000e-01,-2.487111132e-01,-1.774051319e-02,2.785948000e-03,2.471491648e-02,2.192896848e-02
2.018100000e+01,train,-2.303029000e-01,-2.480982899e-01,-1.779538985e-02,2.772553000e-03,2.474692690e-02,2.197437390e-02
2.018600000e+01,validation,-2.296340000e-01,-2.474841850e-01,-1.785018500e-02,2.759143000e-03,2.477909910e-02,2.201995610e-02
2.019100000e+01,train,-2.289637000e-01,-2.468686400e-01,-1.790494003e-02,2.745719000e-03,2.481087424e-02,2.206515524e-02
2.019600000e+01,test,-2.282921000e-01,-2.462519057e-01,-1.795980569e-02,2.732279000e-03,2.484296573e-02,2.211068673e-02
2.020100000e+01,train,-2.276192000e-01,-2.456337308e-01,-1.801453081e-02,2.718825000e-03,2.487465870e-02,2.215583370e-02
2.020600000e+01,train,-2.269450000e-01,-2.450142676e-01,-1.806926761e-02,2.705357000e-03,2.490650552e-02,2.220114852e-02
2.021100000e+01,train,-2.262696000e-01,-2.443935000e-01,-1.812389997e-02,2.691874000e-03,2.493832864e-02,2.224645464e-02
2.021600000e+01,test,-2.255929000e-01,-2.437714137e-01,-1.817851365e-02,2.678376000e-03,2.497010555e-02,2.229172955e-02
2.022100000e+01,test,-2.249149000e-01,-2.431479853e-01,-1.823308529e-02,2.664864000e-03,2.500164672e-02,2.233678272e-02
2.022600000e+01,train,-2.242356000e-01,-2.425232829e-01,-1.828768291e-02,2.651337000e-03,2.503336656e-02,2.238202956e-02
2.023100000e+01,train,-2.235550000e-01,-2.418972313e-01,-1.834223127e-02,2.637796000e-03,2.506483952e-02,2.242704352e-02
2.023600000e+01,test,-2.228732000e-01,-2.412698672e-01,-1.839666724e-02,2.624241000e-03,2.509627508e-02,2.247203408e-02
2.024100000e+01,validation,-2.221901000e-01,-2.406411990e-01,-1.845109900e-02,2.610672000e-03,2.512769066e-02,2.251701866e-02
2.024600000e+01,train,-2.215058000e-01,-2.400112873e-01,-1.850548727e-02,2.597089000e-03,2.515903382e-02,2.256194482e-02
2.025100000e+01,train,-2.208202000e-01,-2.393800937e-01,-1.855989366e-02,2.583492000e-03,2.519054257e-02,2.260705057e-02
2.025600000e+01,train,-2.201333000e-01,-2.387475345e-01,-1.861423447e-02,2.569881000e-03,2.522162734e-02,2.265174634e-02
2.026100000e+01,test,-2.194452000e-01,-2.381137919e-01,-1.866859188e-02,2.556256000e-03,2.525303936e-02,2.269678336e-02
2.026600000e+01,train,-2.187559000e-01,-2.374787068e-01,-1.872280680e-02,2.542617000e-03,2.528421699e-02,2.274159999e-02
2.027100000e+01,train,-2.180653000e-01,-2.368423167e-01,-1.877701669e-02,2.528965000e-03,2.531537292e-02,2.278640792e-02
2.027600000e+01,train,-2.173735000e-01,-2.362046896e-01,-1.883118962e-02,2.515299000e-03,2.534646719e-02,2.283116819e-02
2.028100000e+01,test,-2.166804000e-01,-2.355658188e-01,-1.888541879e-02,2.501619000e-03,2.537749041e-02,2.287587141e-02
2.028600000e+01,test,-2.159861000e-01,-2.349256499e-01,-1.893954990e-02,2.487926000e-03,2.540850388e-02,2.292057788e-02
2.029100000e+01,train,-2.152906000e-01,-2.342842364e-01,-1.899363645e-02,2.474219000e-03,2.543944283e-02,2.296522383e-02
2.029600000e+01,validation,-2.145939000e-01,-2.336416092e-01,-1.904770919e-02,2.460499000e-03,2.547051090e-02,2.301001190e-02
2.030100000e+01,train,-2.138960000e-01,-2.329976233e-01,-1.910162327e-02,2.446766000e-03,2.550116911e-02,2.305440311e-02
2.030600000e+01,test,-2.131969000e-01,-2.323524300e-01,-1.915552998e-02,2.433020000e-03,2.553196494e-02,2.309894494e-02
2.031100000e+01,train,-2.124965000e-01,-2.317060299e-01,-1.920952987e-02,2.419260000e-03,2.556290185e-02,2.314364185e-02
2.031600000e+01,validation,-2.117949000e-01,-2.310582636e-01,-1.926336358e-02,2.405488000e-03,2.559341660e-02,2.318792860e-02
2.032100000e+01,train,-2.110922000e-01,-2.304093887e-01,-1.931718875e-02,2.391702000e-03,2.562423292e-02,2.323253092e-02
2.032600000e+01,validation,-2.103882000e-01,-2.297591547e-01,-1.937095474e-02,2.377904000e-03,2.565463872e-02,2.327673472e-02
2.033100000e+01,validation,-2.096831000e-01,-2.291078048e-01,-1.942470481e-02,2.364093000e-03,2.568533411e-02,2.332124111e-02
2.033600000e+01,train,-2.089768000e-01,-2.284551944e-01,-1.947839437e-02,2.350269000e-03,2.571578145e-02,2.336551245e-02
2.034100000e+01,train,-2.082693000e-01,-2.278012848e-01,-1.953198483e-02,2.336432000e-03,2.574621817e-02,2.340978617e-02
2.034600000e+01,test,-2.075606000e-01,-2.271462062e-01,-1.958560619e-02,2.322583000e-03,2.577655734e-02,2.345397434e-02
2.035100000e+01,train,-2.068507000e-01,-2.264899201e-01,-1.963922006e-02,2.308721000e-03,2.580703728e-02,2.349831628e-02
2.035600000e+01,train,-2.061397000e-01,-2.258324789e-01,-1.969277890e-02,2.294847000e-03,2.583744242e-02,2.354259542e-02
2.036100000e+01,test,-2.054275000e-01,-2.251736934e-01,-1.974619336e-02,2.280960000e-03,2.586761098e-02,2.358665098e-02
2.036600000e+01,train,-2.047141000e-01,-2.245137834e-01,-1.979968344e-02,2.267061000e-03,2.589790816e-02,2.363084716e-02
2.037100000e+01,train,-2.039996000e-01,-2.238526051e-01,-1.985300511e-02,2.253150000e-03,2.592794463e-02,2.367479463e-02
2.037600000e+01,train,-2.032839000e-01,-2.231902944e-01,-1.990639444e-02,2.239226000e-03,2.595809457e-02,2.371886857e-02
2.038100000e+01,train,-2.025671000e-01,-2.225267527e-01,-1.995965270e-02,2.225291000e-03,2.598819633e-02,2.376290533e-02
2.038600000e+01,train,-2.018491000e-01,-2.218620482e-01,-2.001294825e-02,2.211343000e-03,2.601821120e-02,2.380686820e-02
2.039100000e+01,train,-2.011300000e-01,-2.211961127e-01,-2.006611267e-02,2.197384000e-03,2.604817846e-02,2.385079446e-02
2.039600000e+01,validation,-2.004097000e-01,-2.205290142e-01,-2.011931417e-02,2.183412000e-03,2.607805851e-02,2.389464651e-02
2.040100000e+01,train,-1.996883000e-01,-2.198607906e-01,-2.017249064e-02,2.169429000e-03,2.610806652e-02,2.393863752e-02
2.040600000e+01,validation,-1.989658000e-01,-2.191912982e-01,-2.022549816e-02,2.155434000e-03,2.613781368e-02,2.398237968e-02
2.041100000e+01,validation,-1.982422000e-01,-2.185206799e-01,-2.027847985e-02,2.141428000e-03,2.616768533e-02,2.402625733e-02
2.041600000e+01,test,-1.975174000e-01,-2.178488989e-01,-2.033149890e-02,2.127409000e-03,2.619747285e-02,2.407006385e-02
2.042100000e+01,train,-1.967915000e-01,-2.171759544e-01,-2.038445443e-02,2.113380000e-03,2.622717192e-02,2.411379192e-02
2.042600000e+01,test,-1.960645000e-01,-2.165018464e-01,-2.043734641e-02,2.099339000e-03,2.625678279e-02,2.415744379e-02
2.043100000e+01,train,-1.953364000e-01,-2.158265216e-01,-2.049012157e-02,2.085286000e-03,2.628637246e-02,2.420108646e-02
2.043600000e+01,train,-1.946072000e-01,-2.151501250e-01,-2.054292500e-02,2.071223000e-03,2.631602644e-02,2.424480344e-02
2.044100000e+01,train,-1.938769000e-01,-2.144725718e-01,-2.059567177e-02,2.057148000e-03,2.634560355e-02,2.428845555e-02
2.044600000e+01,train,-1.931455000e-01,-2.137937637e-01,-2.064826371e-02,2.043062000e-03,2.637494532e-02,2.433188332e-02
2.045100000e+01,train,-1.924129000e-01,-2.131138982e-01,-2.070099815e-02,2.028965000e-03,2.640437524e-02,2.437541024e-02
2.045600000e+01,train,-1.916794000e-01,-2.124328686e-01,-2.075346863e-02,2.014856000e-03,2.643371714e-02,2.441886114e-02
2.046100000e+01,train,-1.909447000e-01,-2.117507818e-01,-2.080608177e-02,2.000737000e-03,2.646314888e-02,2.446241188e-02
2.046600000e+01,train,-1.902089000e-01,-2.110674394e-01,-2.085853940e-02,1.986608000e-03,2.649234317e-02,2.450573517e-02
2.047100000e+01,train,-1.894721000e-01,-2.103830389e-01,-2.091093890e-02,1.972467000e-03,2.652162383e-02,2.454915683e-02
2.047600000e+01,validation,-1.887342000e-01,-2.096975507e-01,-2.096335066e-02,1.958316000e-03,2.655079407e-02,2.459247807e-02
2.048100000e+01,test,-1.879952000e-01,-2.090109277e-01,-2.101572772e-02,1.944154000e-03,2.658007348e-02,2.463591948e-02
2.048600000e+01,validation,-1.872552000e-01,-2.083231258e-01,-2.106792581e-02,1.929982000e-03,2.660909479e-02,2.467911279e-02
2.049100000e+01,validation,-1.865141000e-01,-2.076342651e-01,-2.112016509e-02,1.915799000e-03,2.663820032e-02,2.472240132e-02
2.049600000e+01,train,-1.857719000e-01,-2.069442175e-01,-2.117231755e-02,1.901605000e-03,2.666703315e-02,2.476542815e-02
2.050100000e+01,train,-1.850287000e-01,-2.062531186e-01,-2.122441858e-02,1.887402000e-03,2.669596384e-02,2.480856184e-02
2.050600000e+01,train,-1.842845000e-01,-2.055609540e-01,-2.127645400e-02,1.873188000e-03,2.672497020e-02,2.485178220e-02
2.051100000e+01,test,-1.835392000e-01,-2.048677078e-01,-2.132850784e-02,1.858964000e-03,2.675387502e-02,2.489491102e-02
2.051600000e+01,train,-1.827929000e-01,-2.041733116e-01,-2.138041156e-02,1.844730000e-03,2.678271719e-02,2.493798719e-02
2.052100000e+01,train,-1.820455000e-01,-2.034778266e-01,-2.143232661e-02,1.830486000e-03,2.681144721e-02,2.498096121e-02
2.052600000e+01,train,-1.812971000e-01,-2.027812523e-01,-2.148415231e-02,1.816232000e-03,2.684006191e-02,2.502382991e-02
2.053100000e+01,validation,-1.805477000e-01,-2.020836269e-01,-2.153592694e-02,1.801968000e-03,2.686877862e-02,2.506681062e-02
2.053600000e+01,train,-1.797973000e-01,-2.013849119e-01,-2.158761190e-02,1.787695000e-03,2.689737912e-02,2.510968412e-02
2.054100000e+01,train,-1.790459000e-01,-2.006851453e-01,-2.163924528e-02,1.773411000e-03,2.692607955e-02,2.515266855e-02
2.054600000e+01,train,-1.782934000e-01,-1.999842968e-01,-2.169089676e-02,1.759119000e-03,2.695467938e-02,2.519556038e-02
2.055100000e+01,train,-1.775399000e-01,-1.992824273e-01,-2.174252730e-02,1.744816000e-03,2.698312645e-02,2.523831045e-02
2.055600000e+01,train,-1.767855000e-01,-1.985794146e-01,-2.179391461e-02,1.730504000e-03,2.701152405e-02,2.528102005e-02
2.056100000e+01,train,-1.760300000e-01,-1.978754109e-01,-2.184541089e-02,1.716183000e-03,2.703996855e-02,2.532378555e-02
2.056600000e+01,test,-1.752735000e-01,-1.971703552e-01,-2.189685521e-02,1.701852000e-03,2.706851287e-02,2.536666087e-02
2.057100000e+01,validation,-1.745161000e-01,-1.964641869e-01,-2.194808694e-02,1.687512000e-03,2.709675523e-02,2.540924323e-02
2.057600000e+01,train,-1.737576000e-01,-1.957570344e-01,-2.199943442e-02,1.673163000e-03,2.712505516e-02,2.545189216e-02
2.058100000e+01,validation,-1.729982000e-01,-1.950487999e-01,-2.205059986e-02,1.658805000e-03,2.715325623e-02,2.549445123e-02
2.058600000e+01,train,-1.722378000e-01,-1.943395812e-01,-2.210178123e-02,1.644438000e-03,2.718151656e-02,2.553707856e-02
2.059100000e+01,train,-1.714764000e-01,-1.936292799e-01,-2.215287994e-02,1.630062000e-03,2.720967533e-02,2.557961333e-02
2.059600000e+01,train,-1.707141000e-01,-1.929179717e-01,-2.220387174e-02,1.615677000e-03,2.723770631e-02,2.562202931e-02
2.060100000e+01,train,-1.699508000e-01,-1.922056720e-01,-2.225487199e-02,1.601283000e-03,2.726578417e-02,2.566450117e-02
2.060600000e+01,train,-1.691865000e-01,-1.914922962e-01,-2.230579619e-02,1.586880000e-03,2.729377032e-02,2.570689032e-02
2.061100000e+01,train,-1.684213000e-01,-1.907779441e-01,-2.235664413e-02,1.572469000e-03,2.732183266e-02,2.574936366e-02
2.061600000e+01,train,-1.676551000e-01,-1.900625698e-01,-2.240746976e-02,1.558049000e-03,2.734973935e-02,2.579169035e-02
2.062100000e+01,test,-1.668880000e-01,-1.893462182e-01,-2.245821824e-02,1.543621000e-03,2.737771812e-02,2.583409712e-02
2.062600000e+01,train,-1.661200000e-01,-1.886287605e-01,-2.250876047e-02,1.529184000e-03,2.740540605e-02,2.587622205e-02
2.063100000e+01,train,-1.653510000e-01,-1.879104169e-01,-2.255941694e-02,1.514740000e-03,2.743331590e-02,2.591857590e-02
2.063600000e+01,train,-1.645810000e-01,-1.871909671e-01,-2.260996713e-02,1.500286000e-03,2.746093538e-02,2.596064938e-02
2.064100000e+01,train,-1.638102000e-01,-1.864706311e-01,-2.266043114e-02,1.485825000e-03,2.748877528e-02,2.600295028e-02
2.064600000e+01,validation,-1.630384000e-01,-1.857492872e-01,-2.271088720e-02,1.471355000e-03,2.751648514e-02,2.604513014e-02
2.065100000e+01,train,-1.622657000e-01,-1.850269359e-01,-2.276123588e-02,1.456878000e-03,2.754406840e-02,2.608719040e-02
2.065600000e+01,test,-1.614921000e-01,-1.843036068e-01,-2.281150681e-02,1.442393000e-03,2.757172284e-02,2.612932984e-02
2.066100000e+01,train,-1.607175000e-01,-1.835793307e-01,-2.286183065e-02,1.427899000e-03,2.759919514e-02,2.617129614e-02
2.066600000e+01,train,-1.599421000e-01,-1.828539781e-01,-2.291187807e-02,1.413398000e-03,2.762657783e-02,2.621317983e-02
2.067100000e+01,train,-1.591657000e-01,-1.821278148e-01,-2.296211477e-02,1.398889000e-03,2.765415456e-02,2.625526556e-02
2.067600000e+01,train,-1.583885000e-01,-1.814005443e-01,-2.301204430e-02,1.384373000e-03,2.768143879e-02,2.629706579e-02
2.068100000e+01,train,-1.576104000e-01,-1.806723643e-01,-2.306196433e-02,1.369849000e-03,2.770875567e-02,2.633890667e-02
2.068600000e+01,train,-1.568313000e-01,-1.799433052e-01,-2.311200520e-02,1.355317000e-03,2.773630681e-02,2.638098981e-02
2.069100000e+01,train,-1.560514000e-01,-1.792132073e-01,-2.316180735e-02,1.340778000e-03,2.776352722e-02,2.642274922e-02
2.069600000e+01,train,-1.552706000e-01,-1.784821996e-01,-2.321159959e-02,1.326232000e-03,2.779077895e-02,2.646454695e-02
2.070100000e+01,validation,-1.544890000e-01,-1.777502591e-01,-2.326125909e-02,1.311679000e-03,2.781787453e-02,2.650619553e-02
2.070600000e+01,validation,-1.537064000e-01,-1.770174315e-01,-2.331103145e-02,1.297118000e-03,2.784518960e-02,2.654807160e-02
2.071100000e+01,test,-1.529230000e-01,-1.762835723e-01,-2.336057230e-02,1.282550000e-03,2.787218711e-02,2.658963711e-02
2.071600000e+01,train,-1.521388000e-01,-1.755488101e-01,-2.341001010e-02,1.267975000e-03,2.789922737e-02,2.663125237e-02
2.072100000e+01,train,-1.513536000e-01,-1.748131305e-01,-2.345953049e-02,1.253393000e-03,2.792628698e-02,2.667289398e-02
2.072600000e+01,train,-1.505677000e-01,-1.740765476e-01,-2.350884764e-02,1.238805000e-03,2.795338901e-02,2.671458401e-02
2.073100000e+01,train,-1.497808000e-01,-1.733389942e-01,-2.355819421e-02,1.224209000e-03,2.798012161e-02,2.675591261e-02
2.073600000e+01,train,-1.489932000e-01,-1.726005681e-01,-2.360736812e-02,1.209607000e-03,2.800709993e-02,2.679749293e-02
2.074100000e+01,test,-1.482046000e-01,-1.718612998e-01,-2.365669984e-02,1.194999000e-03,2.803406919e-02,2.683907019e-02
2.074600000e+01,train,-1.474153000e-01,-1.711209994e-01,-2.370569935e-02,1.180383000e-03,2.806071920e-02,2.688033620e-02
2.075100000e+01,train,-1.466251000e-01,-1.703798944e-01,-2.375479441e-02,1.165761000e-03,2.808757518e-02,2.692181418e-02
2.075600000e+01,train,-1.458341000e-01,-1.696378484e-01,-2.380374839e-02,1.151133000e-03,2.811426028e-02,2.696312728e-02
2.076100000e+01,validation,-1.450423000e-01,-1.688948987e-01,-2.385259865e-02,1.136499000e-03,2.814098735e-02,2.700448835e-02
2.076600000e+01,train,-1.442496000e-01,-1.681511066e-01,-2.390150656e-02,1.121858000e-03,2.816770582e-02,2.704584782e-02
2.077100000e+01,train,-1.434562000e-01,-1.674063882e-01,-2.395018818e-02,1.107211000e-03,2.819428028e-02,2.708706928e-02
2.077600000e+01,train,-1.426619000e-01,-1.666608273e-01,-2.399892726e-02,1.092558000e-03,2.822084576e-02,2.712828776e-02
2.078100000e+01,train,-1.418668000e-01,-1.659143322e-01,-2.404753222e-02,1.077899000e-03,2.824725253e-02,2.716935353e-02
2.078600000e+01,train,-1.410710000e-01,-1.651670015e-01,-2.409600155e-02,1.063234000e-03,2.827366126e-02,2.721042726e-02
2.079100000e+01,test,-1.402743000e-01,-1.644188584e-01,-2.414455840e-02,1.048563000e-03,2.830026200e-02,2.725169900e-02
2.079600000e+01,train,-1.394768000e-01,-1.636697584e-01,-2.419295841e-02,1.033886000e-03,2.832651741e-02,2.729263141e-02
2.080100000e+01,train,-1.386786000e-01,-1.629199215e-01,-2.424132150e-02,1.019204000e-03,2.835293723e-02,2.733373323e-02
2.080600000e+01,train,-1.378796000e-01,-1.621691804e-01,-2.428958037e-02,1.004516000e-03,2.837939898e-02,2.737488298e-02
2.081100000e+01,train,-1.370798000e-01,-1.614175729e-01,-2.433777293e-02,9.898227000e-04,2.840566075e-02,2.741583805e-02
2.081600000e+01,train,-1.362792000e-01,-1.606650999e-01,-2.438589991e-02,9.751238000e-04,2.843172670e-02,2.745660290e-02
2.082100000e+01,train,-1.354779000e-01,-1.599118208e-01,-2.443392075e-02,9.604195000e-04,2.845799368e-02,2.749757418e-02
2.082600000e+01,train,-1.346758000e-01,-1.591576756e-01,-2.448187561e-02,9.457098000e-04,2.848406324e-02,2.753835344e-02
2.083100000e+01,train,-1.338729000e-01,-1.584027018e-01,-2.452980177e-02,9.309950000e-04,2.851014773e-02,2.757915273e-02
2.083600000e+01,train,-1.330693000e-01,-1.576468914e-01,-2.457759139e-02,9.162749000e-04,2.853623224e-02,2.761995734e-02
2.084100000e+01,train,-1.322649000e-01,-1.568903140e-01,-2.462541399e-02,9.015498000e-04,2.856228297e-02,2.766073317e-02
2.084600000e+01,train,-1.314598000e-01,-1.561328082e-01,-2.467300821e-02,8.868197000e-04,2.858818281e-02,2.770136311e-02
2.085100000e+01,test,-1.306540000e-01,-1.553746338e-01,-2.472063375e-02,8.720847000e-04,2.861420909e-02,2.774212439e-02
2.085600000e+01,train,-1.298474000e-01,-1.546154936e-01,-2.476809362e-02,8.573449000e-04,2.863987269e-02,2.778252779e-02
2.086100000e+01,train,-1.290401000e-01,-1.538556229e-01,-2.481552293e-02,8.426003000e-04,2.866571147e-02,2.782311117e-02
2.086600000e+01,validation,-1.282320000e-01,-1.530950145e-01,-2.486301451e-02,8.278510000e-04,2.869171391e-02,2.786386291e-02
2.087100000e+01,validation,-1.274233000e-01,-1.523335166e-01,-2.491021656e-02,8.130971000e-04,2.871732932e-02,2.790423222e-02
2.087600000e+01,train,-1.266138000e-01,-1.515712879e-01,-2.495748790e-02,7.983387000e-04,2.874311989e-02,2.794478119e-02
2.088100000e+01,train,-1.258036000e-01,-1.508081916e-01,-2.500459161e-02,7.835758000e-04,2.876870719e-02,2.798513139e-02
2.088600000e+01,train,-1.249927000e-01,-1.500444336e-01,-2.505173363e-02,7.688086000e-04,2.879443336e-02,2.802562476e-02
2.089100000e+01,test,-1.241811000e-01,-1.492798383e-01,-2.509873834e-02,7.540370000e-04,2.882015837e-02,2.806612137e-02
2.089600000e+01,validation,-1.233688000e-01,-1.485144516e-01,-2.514565157e-02,7.392613000e-04,2.884565569e-02,2.810639439e-02
2.090100000e+01,train,-1.225558000e-01,-1.477482048e-01,-2.519240482e-02,7.244814000e-04,2.887096497e-02,2.814648357e-02
2.090600000e+01,train,-1.217421000e-01,-1.469813255e-01,-2.523922553e-02,7.096975000e-04,2.889660964e-02,2.818691214e-02
2.091100000e+01,train,-1.209278000e-01,-1.462136477e-01,-2.528584769e-02,6.949096000e-04,2.892201604e-02,2.822710644e-02
2.091600000e+01,test,-1.201127000e-01,-1.454452151e-01,-2.533251512e-02,6.801179000e-04,2.894740511e-02,2.826728721e-02
2.092100000e+01,test,-1.192970000e-01,-1.446760141e-01,-2.537901409e-02,6.653223000e-04,2.897275683e-02,2.830743453e-02
2.092600000e+01,train,-1.184806000e-01,-1.439060510e-01,-2.542545099e-02,6.505229000e-04,2.899807910e-02,2.834755620e-02
2.093100000e+01,validation,-1.176635000e-01,-1.431353947e-01,-2.547189473e-02,6.357199000e-04,2.902333472e-02,2.838761482e-02
2.093600000e+01,train,-1.168458000e-01,-1.423638852e-01,-2.551808519e-02,6.209134000e-04,2.904841332e-02,2.842749992e-02
2.094100000e+01,train,-1.160274000e-01,-1.415918043e-01,-2.556440427e-02,6.061033000e-04,2.907377674e-02,2.846767344e-02
2.094600000e+01,validation,-1.152084000e-01,-1.408188620e-01,-2.561046198e-02,5.912898000e-04,2.909894704e-02,2.850765724e-02
2.095100000e+01,test,-1.143887000e-01,-1.400452037e-01,-2.565650369e-02,5.764730000e-04,2.912386326e-02,2.854739026e-02
2.095600000e+01,train,-1.135684000e-01,-1.392709048e-01,-2.570250485e-02,5.616529000e-04,2.914910104e-02,2.858744814e-02
2.096100000e+01,train,-1.127475000e-01,-1.384958211e-01,-2.574832105e-02,5.468296000e-04,2.917412250e-02,2.862729290e-02
2.096600000e+01,train,-1.119259000e-01,-1.377200433e-01,-2.579414328e-02,5.320032000e-04,2.919907453e-02,2.866707133e-02
2.097100000e+01,train,-1.111036000e-01,-1.369434727e-01,-2.583987273e-02,5.171738000e-04,2.922379546e-02,2.870662166e-02
2.097600000e+01,train,-1.102808000e-01,-1.361663378e-01,-2.588553780e-02,5.023414000e-04,2.924881356e-02,2.874647216e-02
2.098100000e+01,test,-1.094573000e-01,-1.353884170e-01,-2.593111701e-02,4.875062000e-04,2.927361141e-02,2.878610521e-02
2.098600000e+01,train,-1.086333000e-01,-1.346098324e-01,-2.597653243e-02,4.726682000e-04,2.929854177e-02,2.882587357e-02
2.099100000e+01,train,-1.078086000e-01,-1.338305233e-01,-2.602192332e-02,4.578275000e-04,2.932320084e-02,2.886537334e-02
2.099600000e+01,train,-1.069833000e-01,-1.330505578e-01,-2.606725783e-02,4.429841000e-04,2.934800586e-02,2.890502176e-02
2.100100000e+01,train,-1.061574000e-01,-1.322698678e-01,-2.611246779e-02,4.281382000e-04,2.937253991e-02,2.894440171e-02
2.100600000e+01,train,-1.053309000e-01,-1.314885133e-01,-2.615761328e-02,4.132899000e-04,2.939720376e-02,2.898391386e-02
2.101100000e+01,train,-1.045038000e-01,-1.307065710e-01,-2.620277103e-02,3.984391000e-04,2.942197516e-02,2.902353606e-02
2.101600000e+01,validation,-1.036762000e-01,-1.299238119e-01,-2.624761186e-02,3.835861000e-04,2.944632214e-02,2.906273604e-02
2.102100000e+01,train,-1.028479000e-01,-1.291404875e-01,-2.629258747e-02,3.687308000e-04,2.947096384e-02,2.910223304e-02
2.102600000e+01,train,-1.020191000e-01,-1.283564381e-01,-2.633733811e-02,3.538733000e-04,2.949533334e-02,2.914146004e-02
2.103100000e+01,test,-1.011897000e-01,-1.275718002e-01,-2.638210022e-02,3.390138000e-04,2.951980703e-02,2.918079323e-02
2.103600000e+01,train,-1.003598000e-01,-1.267864746e-01,-2.642667462e-02,3.241523000e-04,2.954422129e-02,2.922006899e-02
2.104100000e+01,train,-9.952925000e-02,-1.260005303e-01,-2.647128035e-02,3.092889000e-04,2.956853929e-02,2.925925039e-02
2.104600000e+01,train,-9.869817000e-02,-1.252139059e-01,-2.651573593e-02,2.944236000e-04,2.959288515e-02,2.929846155e-02
2.105100000e+01,train,-9.786654000e-02,-1.244266685e-01,-2.656012850e-02,2.795566000e-04,2.961717334e-02,2.933761674e-02
2.105600000e+01,train,-9.703436000e-02,-1.236388192e-01,-2.660445920e-02,2.646879000e-04,2.964144872e-02,2.937676082e-02
2.106100000e+01,test,-9.620164000e-02,-1.228502674e-01,-2.664862741e-02,2.498176000e-04,2.966556673e-02,2.941574913e-02
2.106600000e+01,train,-9.536837000e-02,-1.220611108e-01,-2.669274078e-02,2.349458000e-04,2.968968333e-02,2.945473753e-02
2.107100000e+01,train,-9.453458000e-02,-1.212713441e-01,-2.673676412e-02,2.200726000e-04,2.971376299e-02,2.949369039e-02
2.107600000e+01,train,-9.370025000e-02,-1.204809697e-01,-2.678071970e-02,2.051980000e-04,2.973782201e-02,2.953262401e-02
2.108100000e+01,test,-9.286540000e-02,-1.196899852e-01,-2.682458524e-02,1.903222000e-04,2.976184436e-02,2.957152216e-02
2.108600000e+01,train,-9.203004000e-02,-1.188983824e-01,-2.686834244e-02,1.754451000e-04,2.978581250e-02,2.961036740e-02
2.109100000e+01,train,-9.119415000e-02,-1.181062690e-01,-2.691211899e-02,1.605669000e-04,2.980987488e-02,2.964930798e-02
2.109600000e+01,validation,-9.035776000e-02,-1.173134355e-01,-2.695567550e-02,1.456877000e-04,2.983370202e-02,2.968801432e-02
2.110100000e+01,train,-8.952086000e-02,-1.165199850e-01,-2.699912502e-02,1.308076000e-04,2.985744818e-02,2.972664058e-02
2.110600000e+01,train,-8.868346000e-02,-1.157260240e-01,-2.704256399e-02,1.159265000e-04,2.988128960e-02,2.976536310e-02
2.111100000e+01,train,-8.784557000e-02,-1.149315310e-01,-2.708596102e-02,1.010447000e-04,2.990515731e-02,2.980411261e-02
2.111600000e+01,validation,-8.700718000e-02,-1.141363192e-01,-2.712913923e-02,8.616212000e-05,2.992876253e-02,2.984260041e-02
2.112100000e+01,test,-8.616831000e-02,-1.133405931e-01,-2.717228309e-02,7.127893000e-05,2.995243930e-02,2.988116037e-02
2.112600000e+01,validation,-8.532895000e-02,-1.125443324e-01,-2.721538236e-02,5.639518000e-05,2.997612459e-02,2.991972941e-02
2.113100000e+01,train,-8.448912000e-02,-1.117474524e-01,-2.725833242e-02,4.151095000e-05,2.999967962e-02,2.995816867e-02
2.113600000e+01,train,-8.364882000e-02,-1.109500414e-01,-2.730122140e-02,2.662633000e-05,3.002323179e-02,2.999660546e-02
2.114100000e+01,validation,-8.280805000e-02,-1.101521030e-01,-2.734405303e-02,1.174139000e-05,3.004680522e-02,3.003506383e-02
2.114600000e+01,validation,-8.196682000e-02,-1.093535348e-01,-2.738671477e-02,-3.143785000e-06,3.007021430e-02,3.007335808e-02
2.115100000e+01,train,-8.112513000e-02,-1.085545312e-01,-2.742940115e-02,-1.802912000e-05,3.009376236e-02,3.011179148e-02
2.115600000e+01,train,-8.028299000e-02,-1.077548991e-01,-2.747190911e-02,-3.291453000e-05,3.011711972e-02,3.015003425e-02
2.116100000e+01,validation,-7.944041000e-02,-1.069547328e-01,-2.751432279e-02,-4.779993000e-05,3.014045395e-02,3.018825388e-02
2.116600000e+01,train,-7.859737000e-02,-1.061540264e-01,-2.755665639e-02,-6.268526000e-05,3.016372622e-02,3.022641148e-02
2.117100000e+01,train,-7.775391000e-02,-1.053527897e-01,-2.759887971e-02,-7.757042000e-05,3.018696656e-02,3.026453698e-02
2.117600000e+01,train,-7.691000000e-02,-1.045510022e-01,-2.764100225e-02,-9.245533000e-05,3.021011055e-02,3.030256588e-02
2.118100000e+01,train,-7.606567000e-02,-1.037487881e-01,-2.768311806e-02,-1.073399000e-04,3.023337952e-02,3.034071942e-02
2.118600000e+01,validation,-7.522092000e-02,-1.029460227e-01,-2.772510270e-02,-1.222241000e-04,3.025655040e-02,3.037877450e-02
2.119100000e+01,test,-7.437574000e-02,-1.021427150e-01,-2.776697495e-02,-1.371078000e-04,3.027960917e-02,3.041671697e-02
2.119600000e+01,validation,-7.353016000e-02,-1.013388634e-01,-2.780870343e-02,-1.519910000e-04,3.030258318e-02,3.045457418e-02
2.120100000e+01,train,-7.268416000e-02,-1.005345681e-01,-2.785040805e-02,-1.668735000e-04,3.032560569e-02,3.049247919e-02
2.120600000e+01,test,-7.183776000e-02,-9.972972272e-02,-2.789196272e-02,-1.817552000e-04,3.034850272e-02,3.053025792e-02
2.121100000e+01,validation,-7.099096000e-02,-9.892443088e-02,-2.793347088e-02,-1.966362000e-04,3.037143029e-02,3.056806649e-02
2.121600000e+01,train,-7.014376000e-02,-9.811868434e-02,-2.797492434e-02,-2.115163000e-04,3.039437144e-02,3.060588774e-02
2.122100000e+01,train,-6.929618000e-02,-9.731238896e-02,-2.801620896e-02,-2.263954000e-04,3.041715884e-02,3.064355424e-02
2.122600000e+01,train,-6.844821000e-02,-9.650563611e-02,-2.805742611e-02,-2.412735000e-04,3.043994123e-02,3.068121473e-02
2.123100000e+01,train,-6.759986000e-02,-9.569843307e-02,-2.809857307e-02,-2.561504000e-04,3.046273108e-02,3.071888148e-02
2.123600000e+01,train,-6.675113000e-02,-9.489076613e-02,-2.813963613e-02,-2.710261000e-04,3.048547381e-02,3.075649991e-02
2.124100000e+01,train,-6.590203000e-02,-9.408254692e-02,-2.818051692e-02,-2.859006000e-04,3.050804105e-02,3.079394165e-02
2.124600000e+01,train,-6.505257000e-02,-9.327397014e-02,-2.822140014e-02,-3.007737000e-04,3.053073682e-02,3.083151052e-02
2.125100000e+01,test,-6.420275000e-02,-9.246482774e-02,-2.826207774e-02,-3.156453000e-04,3.055320450e-02,3.086884980e-02
2.125600000e+01,train,-6.335257000e-02,-9.165532399e-02,-2.830275399e-02,-3.305154000e-04,3.057577676e-02,3.090629216e-02
2.126100000e+01,train,-6.250204000e-02,-9.084535354e-02,-2.834331354e-02,-3.453839000e-04,3.059828348e-02,3.094366738e-02
2.126600000e+01,validation,-6.165117000e-02,-9.003492455e-02,-2.838375455e-02,-3.602507000e-04,3.062070736e-02,3.098095806e-02
2.127100000e+01,train,-6.079995000e-02,-8.922402533e-02,-2.842407533e-02,-3.751158000e-04,3.064304310e-02,3.101815890e-02
2.127600000e+01,train,-5.994840000e-02,-8.841275127e-02,-2.846435127e-02,-3.899790000e-04,3.066543036e-02,3.105540936e-02
2.128100000e+01,train,-5.909652000e-02,-8.760101854e-02,-2.850449854e-02,-4.048402000e-04,3.068773432e-02,3.109257452e-02
2.128600000e+01,train,-5.824430000e-02,-8.678890491e-02,-2.854460491e-02,-4.196995000e-04,3.071004963e-02,3.112974913e-02
2.129100000e+01,train,-5.739177000e-02,-8.597632216e-02,-2.858455216e-02,-4.345566000e-04,3.073224855e-02,3.116680515e-02
2.129600000e+01,train,-5.653892000e-02,-8.516335852e-02,-2.862443852e-02,-4.494116000e-04,3.075445899e-02,3.120387059e-02
2.130100000e+01,train,-5.568576000e-02,-8.434992661e-02,-2.866416661e-02,-4.642644000e-04,3.077652335e-02,3.124078775e-02
2.130600000e+01,train,-5.483229000e-02,-8.353611052e-02,-2.870382052e-02,-4.791148000e-04,3.079857786e-02,3.127769266e-02
2.131100000e+01,validation,-5.397852000e-02,-8.272191805e-02,-2.874339805e-02,-4.939628000e-04,3.082063768e-02,3.131460048e-02
2.131600000e+01,train,-5.312445000e-02,-8.190734530e-02,-2.878289530e-02,-5.088083000e-04,3.084267812e-02,3.135148642e-02
2.132100000e+01,train,-5.227009000e-02,-8.109239250e-02,-2.882230250e-02,-5.236512000e-04,3.086470052e-02,3.138835172e-02
2.132600000e+01,validation,-5.141544000e-02,-8.027695480e-02,-2.886151480e-02,-5.384915000e-04,3.088650297e-02,3.142499447e-02
2.133100000e+01,train,-5.056051000e-02,-7.946122555e-02,-2.890071555e-02,-5.533290000e-04,3.090841660e-02,3.146174560e-02
2.133600000e+01,train,-4.970530000e-02,-7.864511738e-02,-2.893981738e-02,-5.681638000e-04,3.093028388e-02,3.149844768e-02
2.134100000e+01,train,-4.884981000e-02,-7.782861556e-02,-2.897880556e-02,-5.829956000e-04,3.095207935e-02,3.153507495e-02
2.134600000e+01,train,-4.799406000e-02,-7.701172850e-02,-2.901766850e-02,-5.978245000e-04,3.097378688e-02,3.157161138e-02
2.135100000e+01,test,-4.713805000e-02,-7.619444440e-02,-2.905639440e-02,-6.126503000e-04,3.099540057e-02,3.160805087e-02
2.135600000e+01,test,-4.628178000e-02,-7.537686961e-02,-2.909508961e-02,-6.274729000e-04,3.101709591e-02,3.164456881e-02
2.136100000e+01,train,-4.542525000e-02,-7.455889636e-02,-2.913364636e-02,-6.422924000e-04,3.103865142e-02,3.168094382e-02
2.136600000e+01,train,-4.456847000e-02,-7.374063618e-02,-2.917216618e-02,-6.571085000e-04,3.106027827e-02,3.171738677e-02
2.137100000e+01,train,-4.371146000e-02,-7.292197276e-02,-2.921051276e-02,-6.719213000e-04,3.108177056e-02,3.175369186e-02
2.137600000e+01,validation,-4.285420000e-02,-7.210300668e-02,-2.924880668e-02,-6.867306000e-04,3.110326462e-02,3.178999522e-02
2.138100000e+01,train,-4.199671000e-02,-7.128364100e-02,-2.928693100e-02,-7.015364000e-04,3.112461318e-02,3.182614958e-02
2.138600000e+01,train,-4.113899000e-02,-7.046398259e-02,-2.932499259e-02,-7.163385000e-04,3.114599431e-02,3.186233281e-02
2.139100000e+01,test,-4.028104000e-02,-6.964400765e-02,-2.936296765e-02,-7.311370000e-04,3.116732194e-02,3.189845894e-02
2.139600000e+01,train,-3.942288000e-02,-6.882373645e-02,-2.940085645e-02,-7.459317000e-04,3.118865947e-02,3.193459117e-02
2.140100000e+01,train,-3.856450000e-02,-6.800305231e-02,-2.943855231e-02,-7.607225000e-04,3.120979889e-02,3.197052139e-02
2.140600000e+01,train,-3.770592000e-02,-6.718216190e-02,-2.947624190e-02,-7.755094000e-04,3.123105067e-02,3.200656007e-02
2.141100000e+01,test,-3.684713000e-02,-6.636085854e-02,-2.951372854e-02,-7.902922000e-04,3.125210446e-02,3.204239666e-02
2.141600000e+01,train,-3.598814000e-02,-6.553934551e-02,-2.955120551e-02,-8.050710000e-04,3.127324854e-02,3.207831954e-02
2.142100000e+01,train,-3.512895000e-02,-6.471751934e-02,-2.958856934e-02,-8.198455000e-04,3.129432713e-02,3.211417263e-02
2.142600000e+01,train,-3.426957000e-02,-6.389537725e-02,-2.962580725e-02,-8.346158000e-04,3.131532133e-02,3.214993713e-02
2.143100000e+01,train,-3.341002000e-02,-6.307291610e-02,-2.966289610e-02,-8.493818000e-04,3.133621038e-02,3.218559218e-02
2.143600000e+01,train,-3.255028000e-02,-6.225023786e-02,-2.969995786e-02,-8.641433000e-04,3.135717683e-02,3.222132013e-02
2.144100000e+01,train,-3.169036000e-02,-6.142724746e-02,-2.973688746e-02,-8.789003000e-04,3.137804869e-02,3.225694899e-02
2.144600000e+01,validation,-3.083028000e-02,-6.060402362e-02,-2.977374362e-02,-8.936528000e-04,3.139892498e-02,3.229257778e-02
2.145100000e+01,validation,-2.997003000e-02,-5.978048421e-02,-2.981045421e-02,-9.084005000e-04,3.141968458e-02,3.232808508e-02
2.145600000e+01,train,-2.910962000e-02,-5.895662246e-02,-2.984700246e-02,-9.231436000e-04,3.144031771e-02,3.236346131e-02
2.146100000e+01,train,-2.824905000e-02,-5.813262959e-02,-2.988357959e-02,-9.378818000e-04,3.146110535e-02,3.239898715e-02
2.146600000e+01,train,-2.738834000e-02,-5.730830819e-02,-2.991996819e-02,-9.526151000e-04,3.148172554e-02,3.243434064e-02
2.147100000e+01,train,-2.652747000e-02,-5.648366242e-02,-2.995619242e-02,-9.673434000e-04,3.150216987e-02,3.246951327e-02
2.147600000e+01,train,-2.566647000e-02,-5.565888552e-02,-2.999241552e-02,-9.820666000e-04,3.152276882e-02,3.250483542e-02
2.148100000e+01,train,-2.480534000e-02,-5.483387528e-02,-3.002853528e-02,-9.967847000e-04,3.154333857e-02,3.254012327e-02
2.148600000e+01,validation,-2.394407000e-02,-5.400852719e-02,-3.006445719e-02,-1.011498000e-03,3.156367906e-02,3.257517706e-02
2.149100000e+01,test,-2.308268000e-02,-5.318304155e-02,-3.010036155e-02,-1.026205000e-03,3.158413187e-02,3.261033687e-02
2.149600000e+01,train,-2.222116000e-02,-5.235722800e-02,-3.013606800e-02,-1.040907000e-03,3.160438616e-02,3.264529316e-02
2.150100000e+01,validation,-2.135953000e-02,-5.153127098e-02,-3.017174098e-02,-1.055604000e-03,3.162471305e-02,3.268031705e-02
2.150600000e+01,validation,-2.049779000e-02,-5.070507139e-02,-3.020728139e-02,-1.070295000e-03,3.164494947e-02,3.271524447e-02
2.151100000e+01,train,-1.963594000e-02,-4.987866879e-02,-3.024272879e-02,-1.084980000e-03,3.166516022e-02,3.275014022e-02
2.151600000e+01,train,-1.877399000e-02,-4.905205737e-02,-3.027806737e-02,-1.099660000e-03,3.168532048e-02,3.278498048e-02
2.152100000e+01,train,-1.791195000e-02,-4.822522679e-02,-3.031327679e-02,-1.114334000e-03,3.170539743e-02,3.281973143e-02
2.152600000e+01,test,-1.704981000e-02,-4.739820961e-02,-3.034839961e-02,-1.129002000e-03,3.172545920e-02,3.285446120e-02
2.153100000e+01,train,-1.618759000e-02,-4.657099292e-02,-3.038340292e-02,-1.143664000e-03,3.174546936e-02,3.288913336e-02
2.153600000e+01,train,-1.532529000e-02,-4.574358781e-02,-3.041829781e-02,-1.158321000e-03,3.176541601e-02,3.292373701e-02
2.154100000e+01,test,-1.446291000e-02,-4.491599977e-02,-3.045308977e-02,-1.172971000e-03,3.178532235e-02,3.295829335e-02
2.154600000e+01,train,-1.360046000e-02,-4.408821877e-02,-3.048775877e-02,-1.187614000e-03,3.180517156e-02,3.299278556e-02
2.155100000e+01,test,-1.273794000e-02,-4.326027584e-02,-3.052233584e-02,-1.202252000e-03,3.182498479e-02,3.302723679e-02
2.155600000e+01,train,-1.187536000e-02,-4.243216346e-02,-3.055680346e-02,-1.216883000e-03,3.184474839e-02,3.306163139e-02
2.156100000e+01,test,-1.101273000e-02,-4.160388150e-02,-3.059115150e-02,-1.231508000e-03,3.186446176e-02,3.309596976e-02
2.156600000e+01,validation,-1.015004000e-02,-4.077542695e-02,-3.062538695e-02,-1.246126000e-03,3.188410469e-02,3.313023069e-02
2.157100000e+01,validation,-9.287305000e-03,-3.994682534e-02,-3.065952034e-02,-1.260738000e-03,3.190371184e-02,3.316444984e-02
2.157600000e+01,train,-8.424528000e-03,-3.911806859e-02,-3.069354059e-02,-1.275343000e-03,3.192326568e-02,3.319860868e-02
2.158100000e+01,validation,-7.561715000e-03,-3.828916475e-02,-3.072744975e-02,-1.289941000e-03,3.194277012e-02,3.323271112e-02
2.158600000e+01,train,-6.698870000e-03,-3.746012914e-02,-3.076125914e-02,-1.304532000e-03,3.196224155e-02,3.326677355e-02
2.159100000e+01,train,-5.835998000e-03,-3.663094327e-02,-3.079494527e-02,-1.319116000e-03,3.198164257e-02,3.330075857e-02
2.159600000e+01,train,-4.973104000e-03,-3.580162495e-02,-3.082852095e-02,-1.333694000e-03,3.200099271e-02,3.333468671e-02
2.160100000e+01,train,-4.110192000e-03,-3.497219025e-02,-3.086199825e-02,-1.348264000e-03,3.202031298e-02,3.336857698e-02
2.160600000e+01,train,-3.247269000e-03,-3.414262027e-02,-3.089535127e-02,-1.362827000e-03,3.203956358e-02,3.340239058e-02
2.161100000e+01,train,-2.384338000e-03,-3.331293288e-02,-3.092859488e-02,-1.377383000e-03,3.205876422e-02,3.343614722e-02
2.161600000e+01,train,-1.521405000e-03,-3.248313391e-02,-3.096172891e-02,-1.391932000e-03,3.207791747e-02,3.346984947e-02
2.162100000e+01,train,-6.584739000e-04,-3.165321725e-02,-3.099474335e-02,-1.406473000e-03,3.209700571e-02,3.350347871e-02
2.162600000e+01,train,2.044492000e-04,-3.082321317e-02,-3.102766237e-02,-1.421007000e-03,3.211607186e-02,3.353707886e-02
2.163100000e+01,train,1.067360000e-03,-2.999309796e-02,-3.106045796e-02,-1.435533000e-03,3.213506703e-02,3.357060003e-02
2.163600000e+01,test,1.930253000e-03,-2.916288438e-02,-3.109313738e-02,-1.450052000e-03,3.215400364e-02,3.360405564e-02
2.164100000e+01,train,2.793124000e-03,-2.833258391e-02,-3.112570791e-02,-1.464562000e-03,3.217289536e-02,3.363745736e-02
2.164600000e+01,train,3.655967000e-03,-2.750220201e-02,-3.115816901e-02,-1.479065000e-03,3.219174193e-02,3.367080693e-02
2.165100000e+01,train,4.518779000e-03,-2.667173236e-02,-3.119051136e-02,-1.493560000e-03,3.221052426e-02,3.370408426e-02
2.165600000e+01,test,5.381553000e-03,-2.584119775e-02,-3.122275075e-02,-1.508048000e-03,3.222927203e-02,3.373732003e-02
2.166100000e+01,train,6.244285000e-03,-2.501058674e-02,-3.125487174e-02,-1.522527000e-03,3.224795877e-02,3.377048577e-02
2.166600000e+01,validation,7.106970000e-03,-2.417990328e-02,-3.128687328e-02,-1.536998000e-03,3.226658396e-02,3.380358196e-02
2.167100000e+01,train,7.969602000e-03,-2.334915999e-02,-3.131876199e-02,-1.551460000e-03,3.228515916e-02,3.383661916e-02
2.167600000e+01,train,8.832178000e-03,-2.251836518e-02,-3.135054318e-02,-1.565915000e-03,3.230369006e-02,3.386960506e-02
2.168100000e+01,train,9.694692000e-03,-2.168751265e-02,-3.138220465e-02,-1.580361000e-03,3.232215823e-02,3.390251923e-02
2.168600000e+01,train,1.055714000e-02,-2.085661622e-02,-3.141375622e-02,-1.594799000e-03,3.234058332e-02,3.393538232e-02
2.169100000e+01,test,1.141951000e-02,-2.002567410e-02,-3.144518410e-02,-1.609228000e-03,3.235893973e-02,3.396816773e-02
2.169600000e+01,train,1.228181000e-02,-1.919469658e-02,-3.147650658e-02,-1.623648000e-03,3.237726015e-02,3.400090815e-02
2.170100000e+01,train,1.314403000e-02,-1.836368995e-02,-3.150771995e-02,-1.638060000e-03,3.239552304e-02,3.403358304e-02
2.170600000e+01,train,1.400616000e-02,-1.753264423e-02,-3.153880423e-02,-1.652463000e-03,3.241371176e-02,3.406617476e-02
2.171100000e+01,test,1.486820000e-02,-1.670157917e-02,-3.156977917e-02,-1.666858000e-03,3.243185852e-02,3.409871652e-02
2.171600000e+01,train,1.573014000e-02,-1.587050204e-02,-3.160064204e-02,-1.681243000e-03,3.244997559e-02,3.413121859e-02
2.172100000e+01,validation,1.659198000e-02,-1.503939882e-02,-3.163137882e-02,-1.695619000e-03,3.246799205e-02,3.416361105e-02
2.172600000e+01,validation,1.745372000e-02,-1.420829025e-02,-3.166201025e-02,-1.709986000e-03,3.248597394e-02,3.419595994e-02
2.173100000e+01,train,1.831534000e-02,-1.337718303e-02,-3.169252303e-02,-1.724344000e-03,3.250391633e-02,3.422826033e-02
2.173600000e+01,train,1.917685000e-02,-1.254606939e-02,-3.172291939e-02,-1.738693000e-03,3.252178973e-02,3.426048273e-02
2.174100000e+01,test,2.003823000e-02,-1.171496091e-02,-3.175319091e-02,-1.753033000e-03,3.253959894e-02,3.429263194e-02
2.174600000e+01,train,2.089949000e-02,-1.088386298e-02,-3.178335298e-02,-1.767363000e-03,3.255736674e-02,3.432472974e-02
2.175100000e+01,train,2.176062000e-02,-1.005278684e-02,-3.181340684e-02,-1.781683000e-03,3.257508167e-02,3.435676467e-02
2.175600000e+01,train,2.262161000e-02,-9.221720617e-03,-3.184333062e-02,-1.795995000e-03,3.259273741e-02,3.438873241e-02
2.176100000e+01,test,2.348247000e-02,-8.390682864e-03,-3.187315286e-02,-1.810296000e-03,3.261033518e-02,3.442063118e-02
2.176600000e+01,train,2.434317000e-02,-7.559666140e-03,-3.190283614e-02,-1.824588000e-03,3.262786166e-02,3.445244966e-02
2.177100000e+01,test,2.520373000e-02,-6.728689960e-03,-3.193241996e-02,-1.838869000e-03,3.264534781e-02,3.448421681e-02
2.177600000e+01,train,2.606413000e-02,-5.897759088e-03,-3.196188909e-02,-1.853141000e-03,3.266278829e-02,3.451592929e-02
2.178100000e+01,train,2.692437000e-02,-5.066857972e-03,-3.199122797e-02,-1.867403000e-03,3.268015310e-02,3.454755610e-02
2.178600000e+01,train,2.778444000e-02,-4.236008799e-03,-3.202044880e-02,-1.881655000e-03,3.269746685e-02,3.457912185e-02
2.179100000e+01,train,2.864434000e-02,-3.405214065e-03,-3.204955406e-02,-1.895897000e-03,3.271473265e-02,3.461062965e-02
2.179600000e+01,validation,2.950407000e-02,-2.574479747e-03,-3.207854975e-02,-1.910129000e-03,3.273194180e-02,3.464207080e-02
2.180100000e+01,train,3.036361000e-02,-1.743800983e-03,-3.210741098e-02,-1.924350000e-03,3.274907412e-02,3.467342412e-02
2.180600000e+01,train,3.122298000e-02,-9.131955534e-04,-3.213617555e-02,-1.938561000e-03,3.276617167e-02,3.470473267e-02
2.181100000e+01,train,3.208215000e-02,-8.265190657e-05,-3.216480191e-02,-1.952762000e-03,3.278318495e-02,3.473594695e-02
2.181600000e+01,validation,3.294112000e-02,7.478147968e-04,-3.219330520e-02,-1.966952000e-03,3.280013772e-02,3.476708972e-02
2.182100000e+01,train,3.379990000e-02,1.578186854e-03,-3.222171315e-02,-1.981131000e-03,3.281707568e-02,3.479820668e-02
2.182600000e+01,train,3.465847000e-02,2.408480874e-03,-3.224998913e-02,-1.995300000e-03,3.283392425e-02,3.482922425e-02
2.183100000e+01,train,3.551683000e-02,3.238693943e-03,-3.227813606e-02,-2.009458000e-03,3.285070295e-02,3.486016095e-02
2.183600000e+01,train,3.637498000e-02,4.068791865e-03,-3.230618813e-02,-2.023605000e-03,3.286745386e-02,3.489105886e-02
2.184100000e+01,train,3.723290000e-02,4.898799593e-03,-3.233410041e-02,-2.037742000e-03,3.288413322e-02,3.492187522e-02
2.184600000e+01,train,3.809060000e-02,5.728712608e-03,-3.236188739e-02,-2.051867000e-03,3.290073443e-02,3.495260143e-02
2.185100000e+01,test,3.894808000e-02,6.558501862e-03,-3.238957814e-02,-2.065981000e-03,3.291730280e-02,3.498328380e-02
2.185600000e+01,train,3.980531000e-02,7.388182253e-03,-3.241712775e-02,-2.080084000e-03,3.293380124e-02,3.501388524e-02
2.186100000e+01,train,4.066231000e-02,8.217742157e-03,-3.244456784e-02,-2.094176000e-03,3.295023060e-02,3.504440660e-02
2.186600000e+01,train,4.151906000e-02,9.047183810e-03,-3.247187619e-02,-2.108256000e-03,3.296660348e-02,3.507485948e-02
2.187100000e+01,train,4.237557000e-02,9.876485688e-03,-3.249908431e-02,-2.122325000e-03,3.298293695e-02,3.510526195e-02
2.187600000e+01,train,4.323182000e-02,1.070565806e-02,-3.252616194e-02,-2.136383000e-03,3.299918804e-02,3.513557104e-02
2.188100000e+01,validation,4.408781000e-02,1.153470094e-02,-3.255310906e-02,-2.150429000e-03,3.301538137e-02,3.516581037e-02
2.188600000e+01,train,4.494353000e-02,1.236358801e-02,-3.257994199e-02,-2.164463000e-03,3.303151857e-02,3.519598157e-02
2.189100000e+01,train,4.579899000e-02,1.319233831e-02,-3.260665169e-02,-2.178486000e-03,3.304759578e-02,3.522608178e-02
2.189600000e+01,validation,4.665418000e-02,1.402093372e-02,-3.263324628e-02,-2.192497000e-03,3.306359758e-02,3.525609458e-02
2.190100000e+01,train,4.750908000e-02,1.484936115e-02,-3.265971885e-02,-2.206496000e-03,3.307957556e-02,3.528607156e-02
2.190600000e+01,validation,4.836370000e-02,1.567764463e-02,-3.268605537e-02,-2.220483000e-03,3.309544199e-02,3.531592499e-02
2.191100000e+01,train,4.921803000e-02,1.650575364e-02,-3.271227636e-02,-2.234458000e-03,3.311126389e-02,3.534572189e-02
2.191600000e+01,train,5.007207000e-02,1.733368351e-02,-3.273838649e-02,-2.248421000e-03,3.312704796e-02,3.537546896e-02
2.192100000e+01,train,5.092581000e-02,1.816144198e-02,-3.276436802e-02,-2.262372000e-03,3.314275163e-02,3.540512363e-02
2.192600000e+01,train,5.177925000e-02,1.898901942e-02,-3.279023058e-02,-2.276311000e-03,3.315838971e-02,3.543470071e-02
2.193100000e+01,train,5.263238000e-02,1.981641695e-02,-3.281596305e-02,-2.290237000e-03,3.317395711e-02,3.546419411e-02
2.193600000e+01,train,5.348520000e-02,2.064361327e-02,-3.284158673e-02,-2.304151000e-03,3.318949222e-02,3.549364322e-02
2.194100000e+01,train,5.433769000e-02,2.147062222e-02,-3.286706778e-02,-2.318052000e-03,3.320494027e-02,3.552299227e-02
2.194600000e+01,train,5.518987000e-02,2.229743007e-02,-3.289243993e-02,-2.331941000e-03,3.322032229e-02,3.555226329e-02
2.195100000e+01,train,5.604172000e-02,2.312403088e-02,-3.291768912e-02,-2.345817000e-03,3.323564790e-02,3.558146490e-02
2.195600000e+01,train,5.689323000e-02,2.395042611e-02,-3.294280389e-02,-2.359680000e-03,3.325091328e-02,3.561059328e-02
2.196100000e+01,test,5.774441000e-02,2.477660023e-02,-3.296780977e-02,-2.373530000e-03,3.326611580e-02,3.563964580e-02
2.196600000e+01,train,5.859524000e-02,2.560256080e-02,-3.299267920e-02,-2.387368000e-03,3.328124067e-02,3.566860867e-02
2.197100000e+01,train,5.944573000e-02,2.642830216e-02,-3.301742784e-02,-2.401193000e-03,3.329629660e-02,3.569748960e-02
2.197600000e+01,test,6.029586000e-02,2.725380382e-02,-3.304205618e-02,-2.415004000e-03,3.331131805e-02,3.572632205e-02
2.198100000e+01,train,6.114564000e-02,2.807907956e-02,-3.306656044e-02,-2.428803000e-03,3.332625020e-02,3.575505320e-02
2.198600000e+01,validation,6.199506000e-02,2.890411266e-02,-3.309094734e-02,-2.442588000e-03,3.334113438e-02,3.578372238e-02
2.199100000e+01,train,6.284410000e-02,2.972891073e-02,-3.311518927e-02,-2.456360000e-03,3.335592953e-02,3.581228953e-02
2.199600000e+01,train,6.369278000e-02,3.055344792e-02,-3.313933208e-02,-2.470118000e-03,3.337069196e-02,3.584080996e-02
2.200100000e+01,train,6.454108000e-02,3.137775321e-02,-3.316332679e-02,-2.483864000e-03,3.338534147e-02,3.586920547e-02
2.200600000e+01,train,6.538900000e-02,3.220177475e-02,-3.318722525e-02,-2.497595000e-03,3.339998056e-02,3.589757556e-02
2.201100000e+01,train,6.623653000e-02,3.302556009e-02,-3.321096991e-02,-2.511313000e-03,3.341451134e-02,3.592582434e-02
2.201600000e+01,test,6.708367000e-02,3.384905942e-02,-3.323461058e-02,-2.525018000e-03,3.342900583e-02,3.595402383e-02
2.202100000e+01,train,6.793042000e-02,3.467229822e-02,-3.325812178e-02,-2.538708000e-03,3.344341763e-02,3.598212563e-02
2.202600000e+01,train,6.877676000e-02,3.549525970e-02,-3.328150030e-02,-2.552385000e-03,3.345775876e-02,3.601014376e-02
2.203100000e+01,train,6.962270000e-02,3.631794636e-02,-3.330475364e-02,-2.566048000e-03,3.347202594e-02,3.603807394e-02
2.203600000e+01,train,7.046823000e-02,3.714033879e-02,-3.332789121e-02,-2.579697000e-03,3.348624951e-02,3.606594651e-02
2.204100000e+01,train,7.131334000e-02,3.796244026e-02,-3.335089974e-02,-2.593332000e-03,3.350039323e-02,3.609372523e-02
2.204600000e+01,validation,7.215803000e-02,3.878424763e-02,-3.337378237e-02,-2.606952000e-03,3.351447793e-02,3.612142993e-02
2.205100000e+01,train,7.300229000e-02,3.960576029e-02,-3.339652971e-02,-2.620559000e-03,3.352847200e-02,3.614903100e-02
2.205600000e+01,test,7.384613000e-02,4.042697196e-02,-3.341915804e-02,-2.634151000e-03,3.354240272e-02,3.617655372e-02
2.206100000e+01,validation,7.468953000e-02,4.124786662e-02,-3.344166338e-02,-2.647729000e-03,3.355627814e-02,3.620400714e-02
2.206600000e+01,train,7.553249000e-02,4.206844652e-02,-3.346404348e-02,-2.661292000e-03,3.357009629e-02,3.623138829e-02
2.207100000e+01,train,7.637501000e-02,4.288871569e-02,-3.348629431e-02,-2.674841000e-03,3.358381697e-02,3.625865797e-02
2.207600000e+01,train,7.721707000e-02,4.370865332e-02,-3.350841668e-02,-2.688375000e-03,3.359749226e-02,3.628586726e-02
2.208100000e+01,train,7.805868000e-02,4.452826319e-02,-3.353041681e-02,-2.701895000e-03,3.361108325e-02,3.631297825e-02
2.208600000e+01,train,7.889984000e-02,4.534754968e-02,-3.355229032e-02,-2.715400000e-03,3.362461157e-02,3.634001157e-02
2.209100000e+01,train,7.974052000e-02,4.616649148e-02,-3.357402852e-02,-2.728889000e-03,3.363806810e-02,3.636695710e-02
2.209600000e+01,validation,8.058074000e-02,4.698509916e-02,-3.359564084e-02,-2.742364000e-03,3.365143322e-02,3.639379722e-02
2.210100000e+01,train,8.142049000e-02,4.780335225e-02,-3.361713775e-02,-2.755824000e-03,3.366475701e-02,3.642058101e-02
2.210600000e+01,test,8.225975000e-02,4.862125428e-02,-3.363849572e-02,-2.769269000e-03,3.367800188e-02,3.644727088e-02
2.211100000e+01,train,8.309854000e-02,4.943880579e-02,-3.365973421e-02,-2.782699000e-03,3.369116506e-02,3.647386406e-02
2.211600000e+01,validation,8.393683000e-02,5.025598682e-02,-3.368084318e-02,-2.796114000e-03,3.370427949e-02,3.650039349e-02
2.212100000e+01,train,8.477464000e-02,5.107280991e-02,-3.370183009e-02,-2.809513000e-03,3.371731048e-02,3.652682348e-02
2.212600000e+01,train,8.561194000e-02,5.188925866e-02,-3.372268134e-02,-2.822897000e-03,3.373026804e-02,3.655316504e-02
2.213100000e+01,train,8.644874000e-02,5.270534033e-02,-3.374339967e-02,-2.836265000e-03,3.374315413e-02,3.657941913e-02
2.213600000e+01,train,8.728503000e-02,5.352103352e-02,-3.376399648e-02,-2.849618000e-03,3.375597480e-02,3.660559280e-02
2.214100000e+01,train,8.812082000e-02,5.433634336e-02,-3.378447664e-02,-2.862956000e-03,3.376871868e-02,3.663167468e-02
2.214600000e+01,train,8.895608000e-02,5.515127538e-02,-3.380480462e-02,-2.876277000e-03,3.378136214e-02,3.665763914e-02
2.215100000e+01,validation,8.979082000e-02,5.596579659e-02,-3.382502341e-02,-2.889583000e-03,3.379397531e-02,3.668355831e-02
2.215600000e+01,train,9.062504000e-02,5.677993084e-02,-3.384510916e-02,-2.902873000e-03,3.380650003e-02,3.670937303e-02
2.216100000e+01,test,9.145872000e-02,5.759366321e-02,-3.386505679e-02,-2.916147000e-03,3.381893388e-02,3.673508088e-02
2.216600000e+01,test,9.229187000e-02,5.840697904e-02,-3.388489096e-02,-2.929405000e-03,3.383132695e-02,3.676073195e-02
2.217100000e+01,test,9.312447000e-02,5.921987645e-02,-3.390459355e-02,-2.942647000e-03,3.384363962e-02,3.678628662e-02
2.217600000e+01,train,9.395653000e-02,6.003237090e-02,-3.392415910e-02,-2.955873000e-03,3.385585686e-02,3.681172986e-02
2.218100000e+01,validation,9.478804000e-02,6.084443689e-02,-3.394360311e-02,-2.969083000e-03,3.386802480e-02,3.683710780e-02
2.218600000e+01,train,9.561900000e-02,6.165607571e-02,-3.396292429e-02,-2.982276000e-03,3.388010761e-02,3.686238361e-02
2.219100000e+01,train,9.644939000e-02,6.246729792e-02,-3.398209208e-02,-2.995453000e-03,3.389208566e-02,3.688753866e-02
2.219600000e+01,train,9.727922000e-02,6.327806813e-02,-3.400115187e-02,-3.008613000e-03,3.390402126e-02,3.691263426e-02
2.220100000e+01,train,9.810848000e-02,6.408840205e-02,-3.402007795e-02,-3.021757000e-03,3.391588352e-02,3.693764052e-02
2.220600000e+01,train,9.893716000e-02,6.489828788e-02,-3.403887212e-02,-3.034885000e-03,3.392766355e-02,3.696254855e-02
2.221100000e+01,train,9.976527000e-02,6.570771103e-02,-3.405755897e-02,-3.047995000e-03,3.393944562e-02,3.698744062e-02
2.221600000e+01,train,1.005928000e-01,6.651670818e-02,-3.407609182e-02,-3.061089000e-03,3.395099826e-02,3.701208726e-02
2.222100000e+01,validation,1.014197000e-01,6.732524786e-02,-3.409445214e-02,-3.074166000e-03,3.396246720e-02,3.703663320e-02
2.222600000e+01,train,1.022461000e-01,6.813329333e-02,-3.411280667e-02,-3.087227000e-03,3.397406397e-02,3.706129097e-02
2.223100000e+01,validation,1.030718000e-01,6.894088475e-02,-3.413091525e-02,-3.100270000e-03,3.398541697e-02,3.708568697e-02
2.223600000e+01,train,1.038969000e-01,6.974800955e-02,-3.414889045e-02,-3.113296000e-03,3.399669804e-02,3.710999404e-02
2.224100000e+01,train,1.047215000e-01,7.055465796e-02,-3.416684204e-02,-3.126305000e-03,3.400792255e-02,3.713422755e-02
2.224600000e+01,train,1.055454000e-01,7.136081256e-02,-3.418458744e-02,-3.139297000e-03,3.401912026e-02,3.715841726e-02
2.225100000e+01,train,1.063687000e-01,7.216647095e-02,-3.420222905e-02,-3.152271000e-03,3.403029349e-02,3.718256449e-02
2.225600000e+01,train,1.071913000e-01,7.297165585e-02,-3.421964415e-02,-3.165229000e-03,3.404125250e-02,3.720648150e-02
2.226100000e+01,train,1.080134000e-01,7.377633527e-02,-3.423706473e-02,-3.178168000e-03,3.405219962e-02,3.723036762e-02
2.226600000e+01,train,1.088348000e-01,7.458052892e-02,-3.425427108e-02,-3.191090000e-03,3.406295084e-02,3.725404084e-02
2.227100000e+01,train,1.096556000e-01,7.538417655e-02,-3.427142345e-02,-3.203995000e-03,3.407391132e-02,3.727790632e-02
2.227600000e+01,train,1.104757000e-01,7.618736203e-02,-3.428833797e-02,-3.216882000e-03,3.408448133e-02,3.730136333e-02
2.228100000e+01,train,1.112952000e-01,7.699001931e-02,-3.430518069e-02,-3.229751000e-03,3.409507629e-02,3.732482729e-02
2.228600000e+01,train,1.121141000e-01,7.779213399e-02,-3.432196601e-02,-3.242603000e-03,3.410572016e-02,3.734832316e-02
2.229100000e+01,validation,1.129322000e-01,7.859376419e-02,-3.433843581e-02,-3.255436000e-03,3.411600856e-02,3.737144456e-02
2.229600000e+01,train,1.137498000e-01,7.939481917e-02,-3.435498083e-02,-3.268252000e-03,3.412655134e-02,3.739480334e-02
2.230100000e+01,train,1.145666000e-01,8.019537222e-02,-3.437122778e-02,-3.281049000e-03,3.413676820e-02,3.741781720e-02
2.230600000e+01,test,1.153828000e-01,8.099536812e-02,-3.438743188e-02,-3.293829000e-03,3.414705379e-02,3.744088279e-02
2.231100000e+01,train,1.161983000e-01,8.179485019e-02,-3.440344981e-02,-3.306590000e-03,3.415702980e-02,3.746361980e-02
2.231600000e+01,train,1.170132000e-01,8.259376747e-02,-3.441943253e-02,-3.319333000e-03,3.416708852e-02,3.748642152e-02
2.232100000e+01,train,1.178273000e-01,8.339213101e-02,-3.443516899e-02,-3.332058000e-03,3.417705554e-02,3.750911354e-02
2.232600000e+01,train,1.186408000e-01,8.418994043e-02,-3.445085957e-02,-3.344764000e-03,3.418693265e-02,3.753169665e-02
2.233100000e+01,validation,1.194536000e-01,8.498715611e-02,-3.446644389e-02,-3.357451000e-03,3.419693661e-02,3.755438761e-02
2.233600000e+01,test,1.202656000e-01,8.578386586e-02,-3.448173414e-02,-3.370121000e-03,3.420646217e-02,3.757658317e-02
2.234100000e+01,train,1.210770000e-01,8.657997472e-02,-3.449702528e-02,-3.382771000e-03,3.421612594e-02,3.759889694e-02
2.234600000e+01,train,1.218877000e-01,8.737549761e-02,-3.451220239e-02,-3.395403000e-03,3.422574884e-02,3.762115184e-02
2.235100000e+01,validation,1.226976000e-01,8.817043731e-02,-3.452716269e-02,-3.408016000e-03,3.423532617e-02,3.764334217e-02
2.235600000e+01,test,1.235069000e-01,8.896482113e-02,-3.454207887e-02,-3.420610000e-03,3.424465947e-02,3.766526947e-02
2.236100000e+01,train,1.243154000e-01,8.975860274e-02,-3.455679726e-02,-3.433186000e-03,3.425397528e-02,3.768716128e-02
2.236600000e+01,train,1.251232000e-01,9.055180139e-02,-3.457139861e-02,-3.445742000e-03,3.426309143e-02,3.770883343e-02
2.237100000e+01,train,1.259302000e-01,9.134437469e-02,-3.458582531e-02,-3.458279000e-03,3.427238144e-02,3.773066044e-02
2.237600000e+01,train,1.267365000e-01,9.213638590e-02,-3.460011410e-02,-3.470797000e-03,3.428128150e-02,3.775207850e-02
2.238100000e+01,test,1.275421000e-01,9.292774216e-02,-3.461435784e-02,-3.483296000e-03,3.429040297e-02,3.777369897e-02
2.238600000e+01,validation,1.283470000e-01,9.371853620e-02,-3.462846380e-02,-3.495775000e-03,3.429913474e-02,3.779490974e-02
2.239100000e+01,train,1.291511000e-01,9.450866577e-02,-3.464243423e-02,-3.508235000e-03,3.430810178e-02,3.781633678e-02
2.239600000e+01,train,1.299544000e-01,9.529821383e-02,-3.465618617e-02,-3.520676000e-03,3.431670844e-02,3.783738444e-02
2.240100000e+01,train,1.307570000e-01,9.608711721e-02,-3.466988279e-02,-3.533097000e-03,3.432536534e-02,3.785846234e-02
2.240600000e+01,train,1.315588000e-01,9.687540671e-02,-3.468339329e-02,-3.545499000e-03,3.433386612e-02,3.787936512e-02
2.241100000e+01,validation,1.323598000e-01,9.766305458e-02,-3.469674542e-02,-3.557881000e-03,3.434225868e-02,3.790013968e-02
2.241600000e+01,train,1.331601000e-01,9.845004628e-02,-3.471005372e-02,-3.570243000e-03,3.435071561e-02,3.792095861e-02
2.242100000e+01,train,1.339596000e-01,9.923639687e-02,-3.472320313e-02,-3.582585000e-03,3.435906125e-02,3.794164625e-02
2.242600000e+01,train,1.347583000e-01,1.000221439e-01,-3.473615615e-02,-3.594908000e-03,3.436707949e-02,3.796198749e-02
2.243100000e+01,train,1.355563000e-01,1.008072274e-01,-3.474907259e-02,-3.607210000e-03,3.437517385e-02,3.798238385e-02
2.243600000e+01,train,1.363534000e-01,1.015915709e-01,-3.476182910e-02,-3.619493000e-03,3.438331770e-02,3.800281070e-02
2.244100000e+01,train,1.371497000e-01,1.023752882e-01,-3.477441180e-02,-3.631755000e-03,3.439132265e-02,3.802307765e-02
2.244600000e+01,train,1.379453000e-01,1.031583724e-01,-3.478692759e-02,-3.643998000e-03,3.439919893e-02,3.804319693e-02
2.245100000e+01,train,1.387400000e-01,1.039407475e-01,-3.479925253e-02,-3.656220000e-03,3.440691717e-02,3.806313717e-02
2.245600000e+01,train,1.395340000e-01,1.047224966e-01,-3.481150343e-02,-3.668421000e-03,3.441449456e-02,3.808291556e-02
2.246100000e+01,train,1.403271000e-01,1.055035825e-01,-3.482351752e-02,-3.680603000e-03,3.442214553e-02,3.810274853e-02
2.246600000e+01,train,1.411194000e-01,1.062838973e-01,-3.483550273e-02,-3.692763000e-03,3.442958584e-02,3.812234884e-02
2.247100000e+01,train,1.419108000e-01,1.070635570e-01,-3.484724297e-02,-3.704904000e-03,3.443708233e-02,3.814198633e-02
2.247600000e+01,test,1.427015000e-01,1.078426063e-01,-3.485889372e-02,-3.717023000e-03,3.444425960e-02,3.816128260e-02
2.248100000e+01,train,1.434913000e-01,1.086208321e-01,-3.487046791e-02,-3.729122000e-03,3.445161573e-02,3.818073773e-02
2.248600000e+01,train,1.442803000e-01,1.093984630e-01,-3.488183705e-02,-3.741200000e-03,3.445862215e-02,3.819982215e-02
2.249100000e+01,validation,1.450684000e-01,1.101753549e-01,-3.489304506e-02,-3.753258000e-03,3.446566970e-02,3.821892770e-02
2.249600000e+01,train,1.458557000e-01,1.109514536e-01,-3.490424644e-02,-3.765294000e-03,3.447269249e-02,3.823798649e-02
2.250100000e+01,validation,1.466422000e-01,1.117269275e-01,-3.491527248e-02,-3.777310000e-03,3.447956589e-02,3.825687589e-02
2.250600000e+01,test,1.474277000e-01,1.125016010e-01,-3.492609897e-02,-3.789305000e-03,3.448642576e-02,3.827573076e-02
2.251100000e+01,validation,1.482125000e-01,1.132756724e-01,-3.493682758e-02,-3.801278000e-03,3.449294654e-02,3.829422454e-02
2.251600000e+01,validation,1.489963000e-01,1.140489511e-01,-3.494734887e-02,-3.813230000e-03,3.449943832e-02,3.831266832e-02
2.252100000e+01,validation,1.497793000e-01,1.148215065e-01,-3.495779349e-02,-3.825161000e-03,3.450593986e-02,3.833110086e-02
2.252600000e+01,train,1.505615000e-01,1.155932686e-01,-3.496823135e-02,-3.837071000e-03,3.451241458e-02,3.834948558e-02
2.253100000e+01,train,1.513427000e-01,1.163643300e-01,-3.497837000e-02,-3.848959000e-03,3.451870934e-02,3.836766834e-02
2.253600000e+01,validation,1.521231000e-01,1.171345992e-01,-3.498850080e-02,-3.860826000e-03,3.452497153e-02,3.838579753e-02
2.254100000e+01,train,1.529025000e-01,1.179041677e-01,-3.499833225e-02,-3.872671000e-03,3.453105260e-02,3.840372360e-02
2.254600000e+01,train,1.536811000e-01,1.186729516e-01,-3.500814838e-02,-3.884495000e-03,3.453708697e-02,3.842158197e-02
2.255100000e+01,train,1.544588000e-01,1.194410346e-01,-3.501776540e-02,-3.896297000e-03,3.454294107e-02,3.843923807e-02
2.255600000e+01,train,1.552356000e-01,1.202083329e-01,-3.502726711e-02,-3.908077000e-03,3.454874799e-02,3.845682499e-02
2.256100000e+01,train,1.560115000e-01,1.209748319e-01,-3.503666814e-02,-3.919835000e-03,3.455453291e-02,3.847436791e-02
2.256600000e+01,train,1.567865000e-01,1.217405464e-01,-3.504595357e-02,-3.931572000e-03,3.456026883e-02,3.849184083e-02
2.257100000e+01,train,1.575605000e-01,1.225054918e-01,-3.505500823e-02,-3.943287000e-03,3.456577924e-02,3.850906624e-02
2.257600000e+01,test,1.583337000e-01,1.232696529e-01,-3.506404705e-02,-3.954979000e-03,3.457123887e-02,3.852621787e-02
2.258100000e+01,train,1.591059000e-01,1.240330222e-01,-3.507287782e-02,-3.966649000e-03,3.457666252e-02,3.854331152e-02
2.258600000e+01,train,1.598772000e-01,1.247956297e-01,-3.508157029e-02,-3.978298000e-03,3.458184619e-02,3.856014419e-02
2.259100000e+01,test,1.606475000e-01,1.255574461e-01,-3.509005393e-02,-3.989924000e-03,3.458698945e-02,3.857691345e-02
2.259600000e+01,train,1.614170000e-01,1.263184096e-01,-3.509859040e-02,-4.001528000e-03,3.459203856e-02,3.859356656e-02
2.260100000e+01,train,1.621855000e-01,1.270786805e-01,-3.510681953e-02,-4.013109000e-03,3.459688743e-02,3.860999643e-02
2.260600000e+01,train,1.629530000e-01,1.278379616e-01,-3.511503835e-02,-4.024668000e-03,3.460202113e-02,3.862668913e-02
2.261100000e+01,train,1.637196000e-01,1.285965887e-01,-3.512301126e-02,-4.036204000e-03,3.460673270e-02,3.864293670e-02
2.261600000e+01,train,1.644852000e-01,1.293543554e-01,-3.513084456e-02,-4.047718000e-03,3.461136284e-02,3.865908084e-02
2.262100000e+01,train,1.652499000e-01,1.301112697e-01,-3.513863033e-02,-4.059209000e-03,3.461589561e-02,3.867510461e-02
2.262600000e+01,train,1.660136000e-01,1.308672939e-01,-3.514630609e-02,-4.070678000e-03,3.462054698e-02,3.869122498e-02
2.263100000e+01,train,1.667764000e-01,1.316225647e-01,-3.515383527e-02,-4.082123000e-03,3.462493850e-02,3.870706150e-02
2.263600000e+01,train,1.675382000e-01,1.323770822e-01,-3.516111776e-02,-4.093546000e-03,3.462906933e-02,3.872261533e-02
2.264100000e+01,train,1.682990000e-01,1.331306408e-01,-3.516835918e-02,-4.104946000e-03,3.463327680e-02,3.873822280e-02
2.264600000e+01,train,1.690588000e-01,1.338834238e-01,-3.517537623e-02,-4.116323000e-03,3.463741120e-02,3.875373420e-02
2.265100000e+01,train,1.698176000e-01,1.346352783e-01,-3.518232174e-02,-4.127676000e-03,3.464141664e-02,3.876909264e-02
2.265600000e+01,validation,1.705755000e-01,1.353863796e-01,-3.518912041e-02,-4.139007000e-03,3.464515969e-02,3.878416669e-02
2.266100000e+01,train,1.713323000e-01,1.361364998e-01,-3.519580025e-02,-4.150314000e-03,3.464916592e-02,3.879947992e-02
2.266600000e+01,train,1.720882000e-01,1.368858974e-01,-3.520230263e-02,-4.161599000e-03,3.465270347e-02,3.881430247e-02
2.267100000e+01,train,1.728430000e-01,1.376343442e-01,-3.520865578e-02,-4.172859000e-03,3.465629916e-02,3.882915816e-02
2.267600000e+01,train,1.735969000e-01,1.383819392e-01,-3.521496079e-02,-4.184097000e-03,3.465979147e-02,3.884388847e-02
2.268100000e+01,validation,1.743497000e-01,1.391285831e-01,-3.522111688e-02,-4.195311000e-03,3.466334279e-02,3.885865379e-02
2.268600000e+01,train,1.751015000e-01,1.398745052e-01,-3.522699483e-02,-4.206501000e-03,3.466642106e-02,3.887292206e-02
2.269100000e+01,train,1.758523000e-01,1.406193848e-01,-3.523291515e-02,-4.217668000e-03,3.466970478e-02,3.888737278e-02
2.269600000e+01,train,1.766021000e-01,1.413635119e-01,-3.523858812e-02,-4.228811000e-03,3.467272145e-02,3.890153245e-02
2.270100000e+01,train,1.773509000e-01,1.421066198e-01,-3.524428022e-02,-4.239930000e-03,3.467575025e-02,3.891568025e-02
2.270600000e+01,train,1.780986000e-01,1.428489828e-01,-3.524961720e-02,-4.251026000e-03,3.467849649e-02,3.892952249e-02
2.271100000e+01,validation,1.788453000e-01,1.435902968e-01,-3.525500324e-02,-4.262098000e-03,3.468145686e-02,3.894355486e-02
2.271600000e+01,validation,1.795909000e-01,1.443307893e-01,-3.526011068e-02,-4.273145000e-03,3.468410663e-02,3.895725163e-02
2.272100000e+01,train,1.803355000e-01,1.450703699e-01,-3.526513010e-02,-4.284169000e-03,3.468658914e-02,3.897075814e-02
2.272600000e+01,train,1.810790000e-01,1.458090073e-01,-3.526999270e-02,-4.295169000e-03,3.468911267e-02,3.898428167e-02
2.273100000e+01,test,1.818215000e-01,1.465467253e-01,-3.527477468e-02,-4.306144000e-03,3.469148144e-02,3.899762544e-02
2.273600000e+01,train,1.825630000e-01,1.472835308e-01,-3.527946920e-02,-4.317095000e-03,3.469368483e-02,3.901077983e-02
2.274100000e+01,train,1.833033000e-01,1.480193935e-01,-3.528390651e-02,-4.328022000e-03,3.469592648e-02,3.902394848e-02
2.274600000e+01,train,1.840426000e-01,1.487543444e-01,-3.528825557e-02,-4.338925000e-03,3.469799828e-02,3.903692328e-02
2.275100000e+01,train,1.847809000e-01,1.494883756e-01,-3.529252442e-02,-4.349803000e-03,3.469991623e-02,3.904971923e-02
2.275600000e+01,train,1.855180000e-01,1.502214034e-01,-3.529659656e-02,-4.360657000e-03,3.470181203e-02,3.906246903e-02
2.276100000e+01,train,1.862541000e-01,1.509536107e-01,-3.530048932e-02,-4.371486000e-03,3.470339090e-02,3.907487690e-02
2.276600000e+01,train,1.869891000e-01,1.516847082e-01,-3.530439185e-02,-4.382290000e-03,3.470512205e-02,3.908741205e-02
2.277100000e+01,train,1.877230000e-01,1.524149698e-01,-3.530803016e-02,-4.393070000e-03,3.470671229e-02,3.909978229e-02
2.277600000e+01,train,1.884558000e-01,1.531442435e-01,-3.531155647e-02,-4.403825000e-03,3.470810208e-02,3.911192708e-02
2.278100000e+01,test,1.891875000e-01,1.538725142e-01,-3.531498584e-02,-4.414556000e-03,3.470946708e-02,3.912402308e-02
2.278600000e+01,train,1.899181000e-01,1.545998732e-01,-3.531822683e-02,-4.425261000e-03,3.471065940e-02,3.913592040e-02
2.279100000e+01,train,1.906476000e-01,1.553263278e-01,-3.532127222e-02,-4.435941000e-03,3.471166644e-02,3.914760744e-02
2.279600000e+01,validation,1.913760000e-01,1.560516959e-01,-3.532430413e-02,-4.446597000e-03,3.471263119e-02,3.915922819e-02
2.280100000e+01,train,1.921033000e-01,1.567761596e-01,-3.532714044e-02,-4.457227000e-03,3.471341012e-02,3.917063712e-02
2.280600000e+01,train,1.928294000e-01,1.574996206e-01,-3.532977943e-02,-4.467833000e-03,3.471416095e-02,3.918199395e-02
2.281100000e+01,train,1.935545000e-01,1.582220714e-01,-3.533242857e-02,-4.478413000e-03,3.471489705e-02,3.919331005e-02
2.281600000e+01,test,1.942784000e-01,1.589435497e-01,-3.533485032e-02,-4.488967000e-03,3.471540117e-02,3.920436817e-02
2.282100000e+01,test,1.950012000e-01,1.596640178e-01,-3.533718222e-02,-4.499497000e-03,3.471589001e-02,3.921538701e-02
2.282600000e+01,train,1.957228000e-01,1.603834826e-01,-3.533931737e-02,-4.510001000e-03,3.471635234e-02,3.922635334e-02
2.283100000e+01,train,1.964433000e-01,1.611020060e-01,-3.534129403e-02,-4.520480000e-03,3.471637380e-02,3.923685380e-02
2.283600000e+01,train,1.971627000e-01,1.618193899e-01,-3.534331008e-02,-4.530933000e-03,3.471674454e-02,3.924767754e-02
2.284100000e+01,validation,1.978809000e-01,1.625359381e-01,-3.534496189e-02,-4.541360000e-03,3.471650224e-02,3.925786224e-02
2.284600000e+01,validation,1.985979000e-01,1.632513777e-01,-3.534652231e-02,-4.551762000e-03,3.471640198e-02,3.926816398e-02
2.285100000e+01,train,1.993138000e-01,1.639657156e-01,-3.534808435e-02,-4.562138000e-03,3.471643241e-02,3.927857041e-02
2.285600000e+01,train,2.000286000e-01,1.646791192e-01,-3.534948084e-02,-4.572488000e-03,3.471600892e-02,3.928849692e-02
2.286100000e+01,train,2.007422000e-01,1.653915131e-01,-3.535068687e-02,-4.582813000e-03,3.471556472e-02,3.929837772e-02
2.286600000e+01,train,2.014546000e-01,1.661028439e-01,-3.535175611e-02,-4.593111000e-03,3.471502937e-02,3.930814037e-02
2.287100000e+01,train,2.021658000e-01,1.668131952e-01,-3.535260481e-02,-4.603384000e-03,3.471426937e-02,3.931765337e-02
2.287600000e+01,train,2.028759000e-01,1.675224526e-01,-3.535344736e-02,-4.613631000e-03,3.471362371e-02,3.932725471e-02
2.288100000e+01,train,2.035848000e-01,1.682306771e-01,-3.535412290e-02,-4.623851000e-03,3.471268197e-02,3.933653297e-02
2.288600000e+01,train,2.042925000e-01,1.689378308e-01,-3.535466919e-02,-4.634045000e-03,3.471166166e-02,3.934570666e-02
2.289100000e+01,train,2.049990000e-01,1.696439829e-01,-3.535501710e-02,-4.644213000e-03,3.471060333e-02,3.935481633e-02
2.289600000e+01,train,2.057043000e-01,1.703490026e-01,-3.535529739e-02,-4.654355000e-03,3.470941134e-02,3.936376634e-02
2.290100000e+01,train,2.064084000e-01,1.710530513e-01,-3.535534866e-02,-4.664471000e-03,3.470797470e-02,3.937244570e-02
2.290600000e+01,validation,2.071113000e-01,1.717559380e-01,-3.535536200e-02,-4.674560000e-03,3.470660528e-02,3.938116528e-02
2.291100000e+01,test,2.078130000e-01,1.724578607e-01,-3.535513933e-02,-4.684622000e-03,3.470497960e-02,3.938960160e-02
2.291600000e+01,train,2.085135000e-01,1.731586139e-01,-3.535488612e-02,-4.694658000e-03,3.470343361e-02,3.939809161e-02
2.292100000e+01,train,2.092128000e-01,1.738583347e-01,-3.535446527e-02,-4.704668000e-03,3.470158600e-02,3.940625400e-02
2.292600000e+01,train,2.099109000e-01,1.745569925e-01,-3.535390751e-02,-4.714651000e-03,3.469964318e-02,3.941429418e-02
2.293100000e+01,train,2.106077000e-01,1.752545881e-01,-3.535311194e-02,-4.724607000e-03,3.469760036e-02,3.942220736e-02
2.293600000e+01,train,2.113033000e-01,1.759510521e-01,-3.535224792e-02,-4.734536000e-03,3.469541753e-02,3.942995353e-02
2.294100000e+01,train,2.119977000e-01,1.766463540e-01,-3.535134598e-02,-4.744438000e-03,3.469329996e-02,3.943773796e-02
2.294600000e+01,train,2.126909000e-01,1.773406930e-01,-3.535020700e-02,-4.754314000e-03,3.469091897e-02,3.944523297e-02
2.295100000e+01,validation,2.133828000e-01,1.780338016e-01,-3.534899841e-02,-4.764162000e-03,3.468855772e-02,3.945271972e-02
2.295600000e+01,train,2.140735000e-01,1.787258856e-01,-3.534761441e-02,-4.773984000e-03,3.468587786e-02,3.945986186e-02
2.296100000e+01,train,2.147629000e-01,1.794168082e-01,-3.534609179e-02,-4.783778000e-03,3.468325878e-02,3.946703678e-02
2.296600000e+01,train,2.154511000e-01,1.801066990e-01,-3.534440099e-02,-4.793546000e-03,3.468033285e-02,3.947387885e-02
2.297100000e+01,train,2.161380000e-01,1.807954355e-01,-3.534256452e-02,-4.803286000e-03,3.467745549e-02,3.948074149e-02
2.297600000e+01,train,2.168237000e-01,1.814830718e-01,-3.534062815e-02,-4.812999000e-03,3.467422573e-02,3.948722473e-02
2.298100000e+01,test,2.175081000e-01,1.821695543e-01,-3.533854571e-02,-4.822684000e-03,3.467104201e-02,3.949372601e-02
2.298600000e+01,validation,2.181912000e-01,1.828548757e-01,-3.533632427e-02,-4.832342000e-03,3.466791568e-02,3.950025768e-02
2.299100000e+01,test,2.188731000e-01,1.835391041e-01,-3.533399588e-02,-4.841973000e-03,3.466442444e-02,3.950639744e-02
2.299600000e+01,train,2.195537000e-01,1.842221719e-01,-3.533152808e-02,-4.851576000e-03,3.466098806e-02,3.951256406e-02
2.300100000e+01,train,2.202330000e-01,1.849041540e-01,-3.532884596e-02,-4.861152000e-03,3.465717315e-02,3.951832515e-02
2.300600000e+01,train,2.209111000e-01,1.855848765e-01,-3.532622352e-02,-4.870699000e-03,3.465357441e-02,3.952427341e-02
2.301100000e+01,train,2.215878000e-01,1.862644831e-01,-3.532331685e-02,-4.880220000e-03,3.464980011e-02,3.953002011e-02
2.301600000e+01,train,2.222633000e-01,1.869429894e-01,-3.532031063e-02,-4.889712000e-03,3.464567244e-02,3.953538444e-02
2.302100000e+01,train,2.229374000e-01,1.876203428e-01,-3.531705722e-02,-4.899177000e-03,3.464158323e-02,3.954076023e-02
2.302600000e+01,test,2.236103000e-01,1.882965120e-01,-3.531378804e-02,-4.908614000e-03,3.463727324e-02,3.954588724e-02
2.303100000e+01,train,2.242819000e-01,1.889715282e-01,-3.531037184e-02,-4.918023000e-03,3.463300183e-02,3.955102483e-02
2.303600000e+01,validation,2.249521000e-01,1.896453529e-01,-3.530674708e-02,-4.927403000e-03,3.462852139e-02,3.955592439e-02
2.304100000e+01,validation,2.256211000e-01,1.903180552e-01,-3.530304483e-02,-4.936756000e-03,3.462387342e-02,3.956062942e-02
2.304600000e+01,train,2.262887000e-01,1.909895656e-01,-3.529913443e-02,-4.946081000e-03,3.461901779e-02,3.956509879e-02
2.305100000e+01,train,2.269550000e-01,1.916598393e-01,-3.529516070e-02,-4.955378000e-03,3.461433220e-02,3.956971020e-02
2.305600000e+01,train,2.276200000e-01,1.923289142e-01,-3.529108581e-02,-4.964646000e-03,3.460944939e-02,3.957409539e-02
2.306100000e+01,train,2.282837000e-01,1.929969043e-01,-3.528679566e-02,-4.973886000e-03,3.460417993e-02,3.957806593e-02
2.306600000e+01,train,2.289461000e-01,1.936636806e-01,-3.528241942e-02,-4.983098000e-03,3.459888895e-02,3.958198695e-02
2.307100000e+01,train,2.296071000e-01,1.943291439e-01,-3.527795609e-02,-4.992281000e-03,3.459373746e-02,3.958601846e-02
2.307600000e+01,validation,2.302667000e-01,1.949935153e-01,-3.527318474e-02,-5.001436000e-03,3.458821074e-02,3.958964674e-02
2.308100000e+01,validation,2.309251000e-01,1.956566803e-01,-3.526841968e-02,-5.010563000e-03,3.458264737e-02,3.959321037e-02
2.308600000e+01,train,2.315821000e-01,1.963185552e-01,-3.526354477e-02,-5.019661000e-03,3.457703189e-02,3.959669289e-02
2.309100000e+01,validation,2.322377000e-01,1.969793160e-01,-3.525838404e-02,-5.028730000e-03,3.457122838e-02,3.959995838e-02
2.309600000e+01,train,2.328920000e-01,1.976388240e-01,-3.525317602e-02,-5.037770000e-03,3.456515552e-02,3.960292552e-02
2.310100000e+01,test,2.335449000e-01,1.982970959e-01,-3.524780413e-02,-5.046782000e-03,3.455924721e-02,3.960602921e-02
2.310600000e+01,train,2.341965000e-01,1.989541090e-01,-3.524239095e-02,-5.055765000e-03,3.455307538e-02,3.960884038e-02
2.311100000e+01,train,2.348467000e-01,1.996100146e-01,-3.523668539e-02,-5.064720000e-03,3.454670528e-02,3.961142528e-02
2.311600000e+01,train,2.354956000e-01,2.002645393e-01,-3.523106067e-02,-5.073645000e-03,3.454042493e-02,3.961406993e-02
2.312100000e+01,train,2.361431000e-01,2.009180069e-01,-3.522509313e-02,-5.082541000e-03,3.453356314e-02,3.961610414e-02
2.312600000e+01,train,2.367892000e-01,2.015700447e-01,-3.521915533e-02,-5.091409000e-03,3.452716582e-02,3.961857482e-02
2.313100000e+01,train,2.374339000e-01,2.022209374e-01,-3.521296256e-02,-5.100247000e-03,3.452031631e-02,3.962056331e-02
2.313600000e+01,train,2.380772000e-01,2.028706435e-01,-3.520655649e-02,-5.109056000e-03,3.451325136e-02,3.962230736e-02
2.314100000e+01,validation,2.387192000e-01,2.035189802e-01,-3.520021984e-02,-5.117836000e-03,3.450624199e-02,3.962407799e-02
2.314600000e+01,train,2.393597000e-01,2.041661304e-01,-3.519356956e-02,-5.126587000e-03,3.449901520e-02,3.962560220e-02
2.315100000e+01,train,2.399989000e-01,2.048120176e-01,-3.518688240e-02,-5.135308000e-03,3.449166925e-02,3.962697725e-02
2.315600000e+01,train,2.406367000e-01,2.054566191e-01,-3.518008087e-02,-5.144000000e-03,3.448426784e-02,3.962826784e-02
2.316100000e+01,validation,2.412731000e-01,2.060999505e-01,-3.517314952e-02,-5.152663000e-03,3.447675829e-02,3.962942129e-02
2.316600000e+01,train,2.419080000e-01,2.067420034e-01,-3.516599658e-02,-5.161296000e-03,3.446918038e-02,3.963047638e-02
2.317100000e+01,test,2.425416000e-01,2.073829229e-01,-3.515867713e-02,-5.169900000e-03,3.446111453e-02,3.963101453e-02
2.317600000e+01,train,2.431737000e-01,2.080223323e-01,-3.515136770e-02,-5.178474000e-03,3.445350040e-02,3.963197440e-02
2.318100000e+01,train,2.438045000e-01,2.086606000e-01,-3.514389999e-02,-5.187018000e-03,3.444543780e-02,3.963245580e-02
2.318600000e+01,train,2.444338000e-01,2.092976276e-01,-3.513617239e-02,-5.195533000e-03,3.443706188e-02,3.963259488e-02
2.319100000e+01,validation,2.450617000e-01,2.099332819e-01,-3.512841811e-02,-5.204018000e-03,3.442875758e-02,3.963277558e-02
2.319600000e+01,test,2.456881000e-01,2.105676693e-01,-3.512043069e-02,-5.212474000e-03,3.442034977e-02,3.963282377e-02
2.320100000e+01,train,2.463132000e-01,2.112008168e-01,-3.511238323e-02,-5.220899000e-03,3.441162707e-02,3.963252607e-02
2.320600000e+01,train,2.469368000e-01,2.118325941e-01,-3.510420593e-02,-5.229295000e-03,3.440298248e-02,3.963227748e-02
2.321100000e+01,validation,2.475589000e-01,2.124630095e-01,-3.509589053e-02,-5.237660000e-03,3.439437565e-02,3.963203565e-02
2.321600000e+01,train,2.481796000e-01,2.130922111e-01,-3.508738891e-02,-5.245996000e-03,3.438526826e-02,3.963126426e-02
2.322100000e+01,validation,2.487989000e-01,2.137201155e-01,-3.507878455e-02,-5.254302000e-03,3.437626108e-02,3.963056308e-02
2.322600000e+01,train,2.494167000e-01,2.143467143e-01,-3.506998568e-02,-5.262577000e-03,3.436690154e-02,3.962947854e-02
2.323100000e+01,validation,2.500331000e-01,2.149719472e-01,-3.506115278e-02,-5.270823000e-03,3.435759828e-02,3.962842128e-02
2.323600000e+01,train,2.506480000e-01,2.155958484e-01,-3.505215157e-02,-5.279038000e-03,3.434812686e-02,3.962716486e-02
2.324100000e+01,validation,2.512615000e-01,2.162183835e-01,-3.504311649e-02,-5.287223000e-03,3.433871182e-02,3.962593482e-02
2.324600000e+01,validation,2.518735000e-01,2.168396893e-01,-3.503381067e-02,-5.295377000e-03,3.432897291e-02,3.962434991e-02
2.325100000e+01,validation,2.524840000e-01,2.174596863e-01,-3.502431369e-02,-5.303502000e-03,3.431887348e-02,3.962237548e-02
2.325600000e+01,train,2.530931000e-01,2.180782256e-01,-3.501487441e-02,-5.311596000e-03,3.430897766e-02,3.962057366e-02
2.326100000e+01,train,2.537007000e-01,2.186954980e-01,-3.500520201e-02,-5.319659000e-03,3.429897458e-02,3.961863358e-02
2.326600000e+01,validation,2.543068000e-01,2.193114763e-01,-3.499532369e-02,-5.327692000e-03,3.428858407e-02,3.961627607e-02
2.327100000e+01,train,2.549114000e-01,2.199260196e-01,-3.498538039e-02,-5.335694000e-03,3.427820551e-02,3.961389951e-02
2.327600000e+01,train,2.555145000e-01,2.205392045e-01,-3.497529554e-02,-5.343666000e-03,3.426786692e-02,3.961153292e-02
2.328100000e+01,train,2.561162000e-01,2.211510877e-01,-3.496511231e-02,-5.351607000e-03,3.425715371e-02,3.960876071e-02
2.328600000e+01,train,2.567164000e-01,2.217616499e-01,-3.495475010e-02,-5.359517000e-03,3.424626307e-02,3.960578007e-02
2.329100000e+01,validation,2.573150000e-01,2.223707815e-01,-3.494421852e-02,-5.367397000e-03,3.423536213e-02,3.960275913e-02
2.329600000e+01,train,2.579122000e-01,2.229785845e-01,-3.493361550e-02,-5.375245000e-03,3.422429688e-02,3.959954188e-02
2.330100000e+01,train,2.585079000e-01,2.235849641e-01,-3.492293590e-02,-5.383063000e-03,3.421320843e-02,3.959627143e-02
2.330600000e+01,train,2.591020000e-01,2.241900155e-01,-3.491198453e-02,-5.390850000e-03,3.420195370e-02,3.959280370e-02
2.331100000e+01,train,2.596947000e-01,2.247937685e-01,-3.490093150e-02,-5.398606000e-03,3.419032925e-02,3.958893525e-02
2.331600000e+01,train,2.602858000e-01,2.253959761e-01,-3.488982385e-02,-5.406331000e-03,3.417903405e-02,3.958536505e-02
2.332100000e+01,train,2.608755000e-01,2.259968825e-01,-3.487861752e-02,-5.414025000e-03,3.416736047e-02,3.958138547e-02
2.332600000e+01,validation,2.614636000e-01,2.265965052e-01,-3.486709479e-02,-5.421688000e-03,3.415529029e-02,3.957697829e-02
2.333100000e+01,train,2.620502000e-01,2.271945941e-01,-3.485560586e-02,-5.429319000e-03,3.414338893e-02,3.957270793e-02
2.333600000e+01,test,2.626352000e-01,2.277913702e-01,-3.484382985e-02,-5.436920000e-03,3.413126787e-02,3.956818787e-02
2.334100000e+01,train,2.632188000e-01,2.283867522e-01,-3.483204780e-02,-5.444489000e-03,3.411894309e-02,3.956343209e-02
2.334600000e+01,validation,2.638008000e-01,2.289806158e-01,-3.482018424e-02,-5.452027000e-03,3.410673460e-02,3.955876160e-02
2.335100000e+01,train,2.643812000e-01,2.295731583e-01,-3.480804172e-02,-5.459533000e-03,3.409434491e-02,3.955387791e-02
2.335600000e+01,train,2.649601000e-01,2.301643413e-01,-3.479575872e-02,-5.467008000e-03,3.408152566e-02,3.954853366e-02
2.336100000e+01,train,2.655375000e-01,2.307540778e-01,-3.478342219e-02,-5.474452000e-03,3.406887201e-02,3.954332401e-02
2.336600000e+01,train,2.661134000e-01,2.313423598e-01,-3.477104024e-02,-5.481864000e-03,3.405593031e-02,3.953779431e-02
2.337100000e+01,test,2.666876000e-01,2.319293174e-01,-3.475828262e-02,-5.489245000e-03,3.404279958e-02,3.953204458e-02
2.337600000e+01,train,2.672604000e-01,2.325147633e-01,-3.474563674e-02,-5.496594000e-03,3.402979606e-02,3.952639006e-02
2.338100000e+01,train,2.678315000e-01,2.330988609e-01,-3.473263911e-02,-5.503911000e-03,3.401632952e-02,3.952024052e-02
2.338600000e+01,train,2.684012000e-01,2.336814360e-01,-3.471976405e-02,-5.511196000e-03,3.400299663e-02,3.951419263e-02
2.339100000e+01,train,2.689692000e-01,2.342627276e-01,-3.470647244e-02,-5.518450000e-03,3.398926266e-02,3.950771266e-02
2.339600000e+01,validation,2.695357000e-01,2.348424050e-01,-3.469329497e-02,-5.525672000e-03,3.397580983e-02,3.950148183e-02
2.340100000e+01,train,2.701006000e-01,2.354207342e-01,-3.467986577e-02,-5.532863000e-03,3.396189281e-02,3.949475581e-02
2.340600000e+01,train,2.706640000e-01,2.359976506e-01,-3.466634937e-02,-5.540021000e-03,3.394794022e-02,3.948796122e-02
2.341100000e+01,train,2.712257000e-01,2.365731165e-01,-3.465258348e-02,-5.547148000e-03,3.393367723e-02,3.948082523e-02
2.341600000e+01,validation,2.717859000e-01,2.371471696e-01,-3.463873039e-02,-5.554242000e-03,3.391937810e-02,3.947362010e-02
2.342100000e+01,train,2.723445000e-01,2.377196388e-01,-3.462486122e-02,-5.561305000e-03,3.390515405e-02,3.946645905e-02
2.342600000e+01,train,2.729015000e-01,2.382907368e-01,-3.461076319e-02,-5.568335000e-03,3.389065598e-02,3.945899098e-02
2.343100000e+01,validation,2.734570000e-01,2.388603835e-01,-3.459661646e-02,-5.575333000e-03,3.387587271e-02,3.945120571e-02
2.343600000e+01,validation,2.740108000e-01,2.394286182e-01,-3.458218176e-02,-5.582299000e-03,3.386102580e-02,3.944332480e-02
2.344100000e+01,train,2.745630000e-01,2.399953097e-01,-3.456769026e-02,-5.589233000e-03,3.384604256e-02,3.943527556e-02
2.344600000e+01,train,2.751137000e-01,2.405604936e-01,-3.455320644e-02,-5.596135000e-03,3.383116286e-02,3.942729786e-02
2.345100000e+01,train,2.756627000e-01,2.411243366e-01,-3.453836339e-02,-5.603005000e-03,3.381580236e-02,3.941880736e-02
2.345600000e+01,train,2.762101000e-01,2.416866029e-01,-3.452349706e-02,-5.609842000e-03,3.380050263e-02,3.941034463e-02
2.346100000e+01,train,2.767560000e-01,2.422473918e-01,-3.450860820e-02,-5.616646000e-03,3.378510094e-02,3.940174694e-02
2.346600000e+01,test,2.773002000e-01,2.428067406e-01,-3.449345937e-02,-5.623419000e-03,3.376938003e-02,3.939279903e-02
2.347100000e+01,test,2.778428000e-01,2.433645818e-01,-3.447821823e-02,-5.630159000e-03,3.375376126e-02,3.938392026e-02
2.347600000e+01,train,2.783837000e-01,2.439210206e-01,-3.446267938e-02,-5.636866000e-03,3.373760434e-02,3.937447034e-02
2.348100000e+01,train,2.789231000e-01,2.444758484e-01,-3.444725157e-02,-5.643541000e-03,3.372173111e-02,3.936527211e-02
2.348600000e+01,train,2.794608000e-01,2.450292404e-01,-3.443155957e-02,-5.650183000e-03,3.370551715e-02,3.935570015e-02
2.349100000e+01,train,2.799969000e-01,2.455811550e-01,-3.441574504e-02,-5.656793000e-03,3.368919953e-02,3.934599253e-02
2.349600000e+01,train,2.805314000e-01,2.461315336e-01,-3.439986638e-02,-5.663370000e-03,3.367272940e-02,3.933609940e-02
2.350100000e+01,train,2.810642000e-01,2.466804538e-01,-3.438374622e-02,-5.669914000e-03,3.365610868e-02,3.932602268e-02
2.350600000e+01,train,2.815954000e-01,2.472278272e-01,-3.436757275e-02,-5.676425000e-03,3.363934190e-02,3.931576690e-02
2.351100000e+01,train,2.821250000e-01,2.477736317e-01,-3.435136835e-02,-5.682904000e-03,3.362261837e-02,3.930552237e-02
2.351600000e+01,validation,2.826529000e-01,2.483180035e-01,-3.433489647e-02,-5.689350000e-03,3.360555908e-02,3.929490908e-02
2.352100000e+01,train,2.831792000e-01,2.488609427e-01,-3.431825729e-02,-5.695762000e-03,3.358816447e-02,3.928392647e-02
2.352600000e+01,test,2.837038000e-01,2.494022136e-01,-3.430158645e-02,-5.702142000e-03,3.357097469e-02,3.927311669e-02
2.353100000e+01,test,2.842268000e-01,2.499420519e-01,-3.428474814e-02,-5.708489000e-03,3.355344833e-02,3.926193733e-02
2.353600000e+01,train,2.847481000e-01,2.504803209e-01,-3.426777908e-02,-5.714803000e-03,3.353596452e-02,3.925076752e-02
2.354100000e+01,train,2.852678000e-01,2.510169632e-01,-3.425083684e-02,-5.721084000e-03,3.351844804e-02,3.923953204e-02
2.354600000e+01,train,2.857858000e-01,2.515522721e-01,-3.423352788e-02,-5.727332000e-03,3.350043169e-02,3.922776369e-02
2.355100000e+01,validation,2.863021000e-01,2.520859461e-01,-3.421615394e-02,-5.733547000e-03,3.348242146e-02,3.921596846e-02
2.355600000e+01,validation,2.868167000e-01,2.526180926e-01,-3.419860741e-02,-5.739728000e-03,3.346421458e-02,3.920394258e-02
2.356100000e+01,train,2.873297000e-01,2.531486771e-01,-3.418102292e-02,-5.745877000e-03,3.344603659e-02,3.919191359e-02
2.356600000e+01,validation,2.878410000e-01,2.536776653e-01,-3.416333473e-02,-5.751992000e-03,3.342761837e-02,3.917961037e-02
2.357100000e+01,validation,2.883507000e-01,2.542051938e-01,-3.414550621e-02,-5.758074000e-03,3.340907347e-02,3.916714747e-02
2.357600000e+01,validation,2.888586000e-01,2.547311949e-01,-3.412740510e-02,-5.764122000e-03,3.339033081e-02,3.915445281e-02
2.358100000e+01,train,2.893649000e-01,2.552555953e-01,-3.410930472e-02,-5.770137000e-03,3.337136816e-02,3.914150516e-02
2.358600000e+01,test,2.898695000e-01,2.557784487e-01,-3.409105134e-02,-5.776119000e-03,3.335240565e-02,3.912852465e-02
2.359100000e+01,train,2.903724000e-01,2.562996678e-01,-3.407273219e-02,-5.782067000e-03,3.333342067e-02,3.911548767e-02
2.359600000e+01,train,2.908736000e-01,2.568193930e-01,-3.405420697e-02,-5.787982000e-03,3.331403875e-02,3.910202075e-02
2.360100000e+01,test,2.913731000e-01,2.573375711e-01,-3.403552892e-02,-5.793863000e-03,3.329465687e-02,3.908851987e-02
2.360600000e+01,train,2.918709000e-01,2.578541485e-01,-3.401675146e-02,-5.799710000e-03,3.327505291e-02,3.907476291e-02
2.361100000e+01,train,2.923671000e-01,2.583691756e-01,-3.399792444e-02,-5.805524000e-03,3.325544176e-02,3.906096576e-02
2.361600000e+01,train,2.928615000e-01,2.588826094e-01,-3.397889058e-02,-5.811305000e-03,3.323559471e-02,3.904689971e-02
2.362100000e+01,test,2.933542000e-01,2.593944199e-01,-3.395978014e-02,-5.817052000e-03,3.321571647e-02,3.903276847e-02
2.362600000e+01,train,2.938452000e-01,2.599047403e-01,-3.394045968e-02,-5.822764000e-03,3.319542046e-02,3.901818446e-02
2.363100000e+01,train,2.943345000e-01,2.604134145e-01,-3.392108548e-02,-5.828444000e-03,3.317528445e-02,3.900372845e-02
2.363600000e+01,train,2.948220000e-01,2.609204955e-01,-3.390150449e-02,-5.834089000e-03,3.315491158e-02,3.898900058e-02
2.364100000e+01,train,2.953079000e-01,2.614260637e-01,-3.388183631e-02,-5.839701000e-03,3.313431187e-02,3.897401287e-02
2.364600000e+01,train,2.957920000e-01,2.619299396e-01,-3.386206044e-02,-5.845278000e-03,3.311363637e-02,3.895891437e-02
2.365100000e+01,train,2.962744000e-01,2.624323026e-01,-3.384209742e-02,-5.850822000e-03,3.309273364e-02,3.894355564e-02
2.365600000e+01,train,2.967551000e-01,2.629330496e-01,-3.382205042e-02,-5.856332000e-03,3.307178457e-02,3.892811657e-02
2.366100000e+01,train,2.972341000e-01,2.634321083e-01,-3.380199165e-02,-5.861808000e-03,3.305073930e-02,3.891254730e-02
2.366600000e+01,validation,2.977113000e-01,2.639296804e-01,-3.378161958e-02,-5.867250000e-03,3.302928065e-02,3.889653065e-02
2.367100000e+01,train,2.981868000e-01,2.644256136e-01,-3.376118641e-02,-5.872658000e-03,3.300796678e-02,3.888062478e-02
2.367600000e+01,validation,2.986605000e-01,2.649198888e-01,-3.374061123e-02,-5.878032000e-03,3.298635093e-02,3.886438293e-02
2.368100000e+01,train,2.991325000e-01,2.654125553e-01,-3.371994475e-02,-5.883371000e-03,3.296467451e-02,3.884804551e-02
2.368600000e+01,train,2.996028000e-01,2.659036098e-01,-3.369919019e-02,-5.888677000e-03,3.294293049e-02,3.883160749e-02
2.369100000e+01,validation,3.000713000e-01,2.663930826e-01,-3.367821736e-02,-5.893948000e-03,3.292091377e-02,3.881486177e-02
2.369600000e+01,test,3.005381000e-01,2.668808738e-01,-3.365722623e-02,-5.899185000e-03,3.289881217e-02,3.879799717e-02
2.370100000e+01,train,3.010031000e-01,2.673671562e-01,-3.363594381e-02,-5.904388000e-03,3.287646081e-02,3.878084881e-02
2.370600000e+01,train,3.014664000e-01,2.678516619e-01,-3.361473809e-02,-5.909556000e-03,3.285416597e-02,3.876372197e-02
2.371100000e+01,train,3.019279000e-01,2.683346809e-01,-3.359321910e-02,-5.914691000e-03,3.283145538e-02,3.874614638e-02
2.371600000e+01,test,3.023876000e-01,2.688159273e-01,-3.357167268e-02,-5.919791000e-03,3.280878103e-02,3.872857203e-02
2.372100000e+01,train,3.028456000e-01,2.692956756e-01,-3.354992437e-02,-5.924856000e-03,3.278584960e-02,3.871070560e-02
2.372600000e+01,train,3.033018000e-01,2.697736399e-01,-3.352816013e-02,-5.929887000e-03,3.276298656e-02,3.869287356e-02
2.373100000e+01,train,3.037563000e-01,2.702500298e-01,-3.350627025e-02,-5.934884000e-03,3.273983568e-02,3.867471968e-02
2.373600000e+01,train,3.042090000e-01,2.707248453e-01,-3.348415473e-02,-5.939846000e-03,3.271639663e-02,3.865624263e-02
2.374100000e+01,train,3.046599000e-01,2.711978914e-01,-3.346200857e-02,-5.944773000e-03,3.269299928e-02,3.863777228e-02
2.374600000e+01,train,3.051090000e-01,2.716693330e-01,-3.343966697e-02,-5.949666000e-03,3.266951805e-02,3.861918405e-02
2.375100000e+01,train,3.055564000e-01,2.721391272e-01,-3.341727275e-02,-5.954525000e-03,3.264572437e-02,3.860024937e-02
2.375600000e+01,validation,3.060019000e-01,2.726073243e-01,-3.339457574e-02,-5.959349000e-03,3.262183333e-02,3.858118233e-02
2.376100000e+01,validation,3.064457000e-01,2.730737789e-01,-3.337192111e-02,-5.964138000e-03,3.259777124e-02,3.856190924e-02
2.376600000e+01,train,3.068877000e-01,2.735385404e-01,-3.334915958e-02,-5.968892000e-03,3.257377972e-02,3.854267172e-02
2.377100000e+01,train,3.073280000e-01,2.740017504e-01,-3.332624956e-02,-5.973612000e-03,3.254930622e-02,3.852291822e-02
2.377600000e+01,validation,3.077664000e-01,2.744631724e-01,-3.330322762e-02,-5.978297000e-03,3.252504471e-02,3.850334171e-02
2.378100000e+01,train,3.082030000e-01,2.749230534e-01,-3.327994658e-02,-5.982947000e-03,3.250029443e-02,3.848324143e-02
2.378600000e+01,train,3.086379000e-01,2.753811431e-01,-3.325675689e-02,-5.987563000e-03,3.247574894e-02,3.846331194e-02
2.379100000e+01,train,3.090709000e-01,2.758376845e-01,-3.323321547e-02,-5.992143000e-03,3.245072715e-02,3.844287015e-02
2.379600000e+01,train,3.095021000e-01,2.762924713e-01,-3.320962867e-02,-5.996689000e-03,3.242571803e-02,3.842240703e-02
2.380100000e+01,test,3.099316000e-01,2.767455198e-01,-3.318608015e-02,-6.001200000e-03,3.240051607e-02,3.840171607e-02
2.380600000e+01,train,3.103592000e-01,2.771969744e-01,-3.316222560e-02,-6.005676000e-03,3.237522084e-02,3.838089684e-02
2.381100000e+01,test,3.107850000e-01,2.776466939e-01,-3.313830608e-02,-6.010116000e-03,3.234973890e-02,3.835985490e-02
2.381600000e+01,test,3.112090000e-01,2.780947547e-01,-3.311424534e-02,-6.014522000e-03,3.232410034e-02,3.833862234e-02
2.382100000e+01,test,3.116312000e-01,2.785411452e-01,-3.309005483e-02,-6.018893000e-03,3.229833745e-02,3.831723045e-02
2.382600000e+01,train,3.120516000e-01,2.789858195e-01,-3.306578050e-02,-6.023229000e-03,3.227234139e-02,3.829557039e-02
2.383100000e+01,validation,3.124701000e-01,2.794288236e-01,-3.304127644e-02,-6.027530000e-03,3.224622057e-02,3.827375057e-02
2.383600000e+01,test,3.128869000e-01,2.798700697e-01,-3.301683026e-02,-6.031796000e-03,3.222010369e-02,3.825189969e-02
2.384100000e+01,train,3.133018000e-01,2.803095580e-01,-3.299224196e-02,-6.036026000e-03,3.219399042e-02,3.823001642e-02
2.384600000e+01,validation,3.137149000e-01,2.807475471e-01,-3.296735290e-02,-6.040222000e-03,3.216714750e-02,3.820736950e-02
2.385100000e+01,test,3.141261000e-01,2.811836522e-01,-3.294244782e-02,-6.044382000e-03,3.214068100e-02,3.818506300e-02
2.385600000e+01,train,3.145356000e-01,2.816181328e-01,-3.291746718e-02,-6.048507000e-03,3.211383113e-02,3.816233813e-02
2.386100000e+01,test,3.149431000e-01,2.820508817e-01,-3.289221834e-02,-6.052597000e-03,3.208679866e-02,3.813939566e-02
2.386600000e+01,test,3.153489000e-01,2.824818726e-01,-3.286702739e-02,-6.056651000e-03,3.205976854e-02,3.811641954e-02
2.387100000e+01,train,3.157528000e-01,2.829111245e-01,-3.284167550e-02,-6.060670000e-03,3.203269504e-02,3.809336504e-02
2.387600000e+01,train,3.161549000e-01,2.833387437e-01,-3.281615628e-02,-6.064654000e-03,3.200527643e-02,3.806993043e-02
2.388100000e+01,train,3.165551000e-01,2.837646352e-01,-3.279046477e-02,-6.068603000e-03,3.197765459e-02,3.804625759e-02
2.388600000e+01,train,3.169535000e-01,2.841887836e-01,-3.276471644e-02,-6.072516000e-03,3.195000821e-02,3.802252421e-02
2.389100000e+01,train,3.173501000e-01,2.846112116e-01,-3.273888843e-02,-6.076394000e-03,3.192214500e-02,3.799853900e-02
2.389600000e+01,test,3.177448000e-01,2.850318775e-01,-3.271292246e-02,-6.080236000e-03,3.189430242e-02,3.797453842e-02
2.390100000e+01,train,3.181376000e-01,2.854507658e-01,-3.268683424e-02,-6.084043000e-03,3.186616657e-02,3.795020957e-02
2.390600000e+01,train,3.185286000e-01,2.858679723e-01,-3.266062766e-02,-6.087814000e-03,3.183806148e-02,3.792587548e-02
2.391100000e+01,train,3.189177000e-01,2.862834888e-01,-3.263421121e-02,-6.091550000e-03,3.180953367e-02,3.790108367e-02
2.391600000e+01,train,3.193050000e-01,2.866972621e-01,-3.260773795e-02,-6.095250000e-03,3.178097986e-02,3.787622986e-02
2.392100000e+01,train,3.196904000e-01,2.871092419e-01,-3.258115808e-02,-6.098915000e-03,3.175218412e-02,3.785109912e-02
2.392600000e+01,train,3.200739000e-01,2.875194525e-01,-3.255444747e-02,-6.102544000e-03,3.172354716e-02,3.782609116e-02
2.393100000e+01,train,3.204556000e-01,2.879279804e-01,-3.252761964e-02,-6.106138000e-03,3.169447349e-02,3.780061149e-02
2.393600000e+01,test,3.208354000e-01,2.883347878e-01,-3.250061217e-02,-6.109696000e-03,3.166518085e-02,3.777487685e-02
2.394100000e+01,train,3.212133000e-01,2.887397530e-01,-3.247354703e-02,-6.113218000e-03,3.163602267e-02,3.774924067e-02
2.394600000e+01,validation,3.215894000e-01,2.891430125e-01,-3.244638750e-02,-6.116705000e-03,3.160661897e-02,3.772332397e-02
2.395100000e+01,train,3.219636000e-01,2.895444827e-01,-3.241911725e-02,-6.120156000e-03,3.157695227e-02,3.769710827e-02
2.395600000e+01,train,3.223359000e-01,2.899442098e-01,-3.239169022e-02,-6.123571000e-03,3.154725765e-02,3.767082865e-02
2.396100000e+01,train,3.227063000e-01,2.903422312e-01,-3.236406882e-02,-6.126951000e-03,3.151731685e-02,3.764426785e-02
2.396600000e+01,train,3.230749000e-01,2.907384404e-01,-3.233645956e-02,-6.130294000e-03,3.148730433e-02,3.761759833e-02
2.397100000e+01,train,3.234416000e-01,2.911328491e-01,-3.230875090e-02,-6.133602000e-03,3.145718706e-02,3.759078906e-02
2.397600000e+01,validation,3.238064000e-01,2.915255406e-01,-3.228085941e-02,-6.136874000e-03,3.142685568e-02,3.756372968e-02
2.398100000e+01,test,3.241692000e-01,2.919164314e-01,-3.225276856e-02,-6.140111000e-03,3.139641920e-02,3.753653020e-02
2.398600000e+01,test,3.245303000e-01,2.923056051e-01,-3.222469486e-02,-6.143311000e-03,3.136576803e-02,3.750907903e-02
2.399100000e+01,test,3.248894000e-01,2.926929782e-01,-3.219642180e-02,-6.146476000e-03,3.133501125e-02,3.748148725e-02
2.399600000e+01,validation,3.252466000e-01,2.930785538e-01,-3.216804616e-02,-6.149604000e-03,3.130415535e-02,3.745375935e-02
2.400100000e+01,train,3.256019000e-01,2.934623475e-01,-3.213955248e-02,-6.152697000e-03,3.127302112e-02,3.742571812e-02
2.400600000e+01,train,3.259553000e-01,2.938443104e-01,-3.211098962e-02,-6.155754000e-03,3.124198551e-02,3.739773951e-02
2.401100000e+01,train,3.263069000e-01,2.942246010e-01,-3.208229904e-02,-6.158775000e-03,3.121050325e-02,3.736927825e-02
2.401600000e+01,train,3.266565000e-01,2.946030909e-01,-3.205340910e-02,-6.161760000e-03,3.117891417e-02,3.734067417e-02
2.402100000e+01,train,3.270042000e-01,2.949796769e-01,-3.202452309e-02,-6.164709000e-03,3.114739950e-02,3.731210850e-02
2.402600000e+01,train,3.273500000e-01,2.953545646e-01,-3.199543540e-02,-6.167621000e-03,3.111562269e-02,3.728324369e-02
2.403100000e+01,test,3.276939000e-01,2.957276851e-01,-3.196621493e-02,-6.170498000e-03,3.108354010e-02,3.725403810e-02
2.403600000e+01,train,3.280359000e-01,2.960990007e-01,-3.193689930e-02,-6.173339000e-03,3.105136962e-02,3.722470862e-02
2.404100000e+01,train,3.283760000e-01,2.964684239e-01,-3.190757609e-02,-6.176144000e-03,3.101923992e-02,3.719538392e-02
2.404600000e+01,train,3.287141000e-01,2.968361414e-01,-3.187795858e-02,-6.178912000e-03,3.098686022e-02,3.716577222e-02
2.405100000e+01,test,3.290504000e-01,2.972019999e-01,-3.184840009e-02,-6.181645000e-03,3.095432250e-02,3.713596750e-02
2.405600000e+01,train,3.293847000e-01,2.975660609e-01,-3.181863906e-02,-6.184341000e-03,3.092168302e-02,3.710602402e-02
2.406100000e+01,train,3.297171000e-01,2.979283286e-01,-3.178877136e-02,-6.187001000e-03,3.088892182e-02,3.707592282e-02
2.406600000e+01,validation,3.300476000e-01,2.982888291e-01,-3.175877093e-02,-6.189625000e-03,3.085585334e-02,3.704547834e-02
2.407100000e+01,train,3.303762000e-01,2.986475394e-01,-3.172866063e-02,-6.192213000e-03,3.082266946e-02,3.701488246e-02
2.407600000e+01,train,3.307028000e-01,2.990043572e-01,-3.169844277e-02,-6.194765000e-03,3.078952481e-02,3.698428981e-02
2.408100000e+01,train,3.310275000e-01,2.993593161e-01,-3.166818395e-02,-6.197280000e-03,3.075622084e-02,3.695350084e-02
2.408600000e+01,train,3.313503000e-01,2.997126067e-01,-3.163769330e-02,-6.199759000e-03,3.072244712e-02,3.692220612e-02
2.409100000e+01,test,3.316711000e-01,3.000640081e-01,-3.160709191e-02,-6.202202000e-03,3.068871875e-02,3.689092075e-02
2.409600000e+01,train,3.319900000e-01,3.004135244e-01,-3.157647563e-02,-6.204609000e-03,3.065501585e-02,3.685962485e-02
2.410100000e+01,train,3.323070000e-01,3.007612807e-01,-3.154571930e-02,-6.206979000e-03,3.062099116e-02,3.682797016e-02
2.410600000e+01,train,3.326220000e-01,3.011072469e-01,-3.151475311e-02,-6.209313000e-03,3.058684958e-02,3.679616258e-02
2.411100000e+01,test,3.329351000e-01,3.014512590e-01,-3.148384096e-02,-6.211611000e-03,3.055268935e-02,3.676430035e-02
2.411600000e+01,train,3.332463000e-01,3.017936104e-01,-3.145268964e-02,-6.213872000e-03,3.051804509e-02,3.673191709e-02
2.412100000e+01,train,3.335555000e-01,3.021339806e-01,-3.142151938e-02,-6.216097000e-03,3.048359359e-02,3.669969059e-02
2.412600000e+01,test,3.338627000e-01,3.024725951e-01,-3.139010493e-02,-6.218285000e-03,3.044879960e-02,3.666708460e-02
2.413100000e+01,train,3.341681000e-01,3.028094193e-01,-3.135868066e-02,-6.220438000e-03,3.041388776e-02,3.663432576e-02
2.413600000e+01,train,3.344714000e-01,3.031443043e-01,-3.132709572e-02,-6.222554000e-03,3.037893018e-02,3.660148418e-02
2.414100000e+01,test,3.347728000e-01,3.034774219e-01,-3.129537814e-02,-6.224633000e-03,3.034366227e-02,3.656829527e-02
2.414600000e+01,train,3.350723000e-01,3.038086649e-01,-3.126363514e-02,-6.226676000e-03,3.030841148e-02,3.653508748e-02
2.415100000e+01,validation,3.353698000e-01,3.041380603e-01,-3.123173973e-02,-6.228682000e-03,3.027296575e-02,3.650164775e-02
2.415600000e+01,train,3.356654000e-01,3.044657030e-01,-3.119969697e-02,-6.230653000e-03,3.023718314e-02,3.646783614e-02
2.416100000e+01,train,3.359590000e-01,3.047913615e-01,-3.116763850e-02,-6.232586000e-03,3.020158489e-02,3.643417089e-02
2.416600000e+01,validation,3.362506000e-01,3.051153049e-01,-3.113529511e-02,-6.234483000e-03,3.016543119e-02,3.639991419e-02
2.417100000e+01,train,3.365403000e-01,3.054372745e-01,-3.110302548e-02,-6.236344000e-03,3.012945530e-02,3.636579930e-02
2.417600000e+01,train,3.368280000e-01,3.057574655e-01,-3.107053452e-02,-6.238168000e-03,3.009332701e-02,3.633149501e-02
2.418100000e+01,train,3.371138000e-01,3.060757357e-01,-3.103806429e-02,-6.239956000e-03,3.005697889e-02,3.629693489e-02
2.418600000e+01,test,3.373975000e-01,3.063922346e-01,-3.100526542e-02,-6.241707000e-03,3.002046511e-02,3.626217211e-02
2.419100000e+01,test,3.376794000e-01,3.067067825e-01,-3.097261746e-02,-6.243421000e-03,2.998393611e-02,3.622735711e-02
2.419600000e+01,validation,3.379592000e-01,3.070194976e-01,-3.093970243e-02,-6.245099000e-03,2.994718462e-02,3.619228362e-02
2.420100000e+01,test,3.382371000e-01,3.073304599e-01,-3.090664009e-02,-6.246741000e-03,2.991009439e-02,3.615683539e-02
2.420600000e+01,train,3.385130000e-01,3.076394828e-01,-3.087351717e-02,-6.248346000e-03,2.987295582e-02,3.612130182e-02
2.421100000e+01,train,3.387869000e-01,3.079465695e-01,-3.084033048e-02,-6.249914000e-03,2.983577540e-02,3.608568940e-02
2.421600000e+01,train,3.390589000e-01,3.082518733e-01,-3.080702671e-02,-6.251445000e-03,2.979846089e-02,3.604990589e-02
2.422100000e+01,train,3.393288000e-01,3.085552752e-01,-3.077352481e-02,-6.252940000e-03,2.976087932e-02,3.601381932e-02
2.422600000e+01,validation,3.395968000e-01,3.088568066e-01,-3.073999341e-02,-6.254399000e-03,2.972329212e-02,3.597769112e-02
2.423100000e+01,train,3.398628000e-01,3.091565008e-01,-3.070629916e-02,-6.255821000e-03,2.968550082e-02,3.594132182e-02
2.423600000e+01,validation,3.401269000e-01,3.094542932e-01,-3.067260681e-02,-6.257206000e-03,2.964744195e-02,3.590464795e-02
2.424100000e+01,train,3.403889000e-01,3.097502108e-01,-3.063868916e-02,-6.258554000e-03,2.960939665e-02,3.586795065e-02
2.424600000e+01,train,3.406490000e-01,3.100442266e-01,-3.060477341e-02,-6.259866000e-03,2.957108340e-02,3.583094940e-02
2.425100000e+01,train,3.409071000e-01,3.103363676e-01,-3.057073239e-02,-6.261141000e-03,2.953278340e-02,3.579392440e-02
2.425600000e+01,train,3.411632000e-01,3.106266830e-01,-3.053651700e-02,-6.262380000e-03,2.949424568e-02,3.575662568e-02
2.426100000e+01,test,3.414173000e-01,3.109150923e-01,-3.050220771e-02,-6.263581000e-03,2.945545920e-02,3.571904020e-02
2.426600000e+01,train,3.416694000e-01,3.112015393e-01,-3.046786074e-02,-6.264746000e-03,2.941681430e-02,3.568156030e-02
2.427100000e+01,train,3.419195000e-01,3.114861908e-01,-3.043330925e-02,-6.265875000e-03,2.937772608e-02,3.564360108e-02
2.427600000e+01,validation,3.421676000e-01,3.117688986e-01,-3.039870143e-02,-6.266966000e-03,2.933860665e-02,3.560557265e-02
2.428100000e+01,train,3.424137000e-01,3.120497579e-01,-3.036394212e-02,-6.268021000e-03,2.929944089e-02,3.556746189e-02
2.428600000e+01,train,3.426579000e-01,3.123287111e-01,-3.032918895e-02,-6.269039000e-03,2.926002545e-02,3.552906445e-02
2.429100000e+01,train,3.429000000e-01,3.126057321e-01,-3.029426793e-02,-6.270021000e-03,2.922054562e-02,3.549056662e-02
2.429600000e+01,train,3.431401000e-01,3.128809608e-01,-3.025913924e-02,-6.270965000e-03,2.918062836e-02,3.545159336e-02
2.430100000e+01,train,3.433782000e-01,3.131542271e-01,-3.022397292e-02,-6.271873000e-03,2.914085154e-02,3.541272454e-02
2.430600000e+01,train,3.436144000e-01,3.134255686e-01,-3.018883141e-02,-6.272745000e-03,2.910099684e-02,3.537374184e-02
2.431100000e+01,train,3.438485000e-01,3.136950186e-01,-3.015348137e-02,-6.273579000e-03,2.906086577e-02,3.533444477e-02
2.431600000e+01,train,3.440806000e-01,3.139626356e-01,-3.011796443e-02,-6.274377000e-03,2.902050800e-02,3.529488500e-02
2.432100000e+01,train,3.443107000e-01,3.142282359e-01,-3.008246408e-02,-6.275137000e-03,2.898022045e-02,3.525535745e-02
2.432600000e+01,train,3.445388000e-01,3.144920365e-01,-3.004676347e-02,-6.275862000e-03,2.893950750e-02,3.521536950e-02
2.433100000e+01,test,3.447649000e-01,3.147538895e-01,-3.001101054e-02,-6.276549000e-03,2.889890805e-02,3.517545705e-02
2.433600000e+01,train,3.449890000e-01,3.150138435e-01,-2.997515646e-02,-6.277199000e-03,2.885804434e-02,3.513524334e-02
2.434100000e+01,train,3.452111000e-01,3.152718801e-01,-2.993921992e-02,-6.277813000e-03,2.881708878e-02,3.509490178e-02
2.434600000e+01,test,3.454311000e-01,3.155280293e-01,-2.990307071e-02,-6.278390000e-03,2.877583596e-02,3.505422596e-02
2.435100000e+01,train,3.456491000e-01,3.157822610e-01,-2.986683905e-02,-6.278930000e-03,2.873449095e-02,3.501342095e-02
2.435600000e+01,train,3.458652000e-01,3.160345709e-01,-2.983062911e-02,-6.279433000e-03,2.869307331e-02,3.497250631e-02
2.436100000e+01,validation,3.460792000e-01,3.162848642e-01,-2.979433584e-02,-6.279900000e-03,2.865172471e-02,3.493162471e-02
2.436600000e+01,train,3.462912000e-01,3.165333650e-01,-2.975783498e-02,-6.280329000e-03,2.860993635e-02,3.489026535e-02
2.437100000e+01,train,3.465011000e-01,3.167799483e-01,-2.972115171e-02,-6.280722000e-03,2.856805528e-02,3.484877728e-02
2.437600000e+01,train,3.467091000e-01,3.170245222e-01,-2.968457778e-02,-6.281078000e-03,2.852622981e-02,3.480730781e-02
2.438100000e+01,train,3.469150000e-01,3.172673152e-01,-2.964768476e-02,-6.281397000e-03,2.848393153e-02,3.476532853e-02
2.438600000e+01,validation,3.471189000e-01,3.175081176e-01,-2.961078244e-02,-6.281679000e-03,2.844151611e-02,3.472319511e-02
2.439100000e+01,train,3.473208000e-01,3.177469721e-01,-2.957382792e-02,-6.281925000e-03,2.839921247e-02,3.468113747e-02
2.439600000e+01,validation,3.475206000e-01,3.179838506e-01,-2.953674939e-02,-6.282134000e-03,2.835676543e-02,3.463889943e-02
2.440100000e+01,test,3.477184000e-01,3.182188459e-01,-2.949955414e-02,-6.282305000e-03,2.831399991e-02,3.459630491e-02
2.440600000e+01,train,3.479142000e-01,3.184520332e-01,-2.946216684e-02,-6.282440000e-03,2.827097277e-02,3.455341277e-02
2.441100000e+01,test,3.481080000e-01,3.186831046e-01,-2.942489542e-02,-6.282538000e-03,2.822817476e-02,3.451071276e-02
2.441600000e+01,train,3.482997000e-01,3.189123982e-01,-2.938730181e-02,-6.282600000e-03,2.818490979e-02,3.446750979e-02
2.442100000e+01,train,3.484894000e-01,3.191396866e-01,-2.934971343e-02,-6.282624000e-03,2.814167941e-02,3.442430341e-02
2.442600000e+01,test,3.486771000e-01,3.193649989e-01,-2.931210111e-02,-6.282612000e-03,2.809830482e-02,3.438091682e-02
2.443100000e+01,train,3.488627000e-01,3.195884009e-01,-2.927429911e-02,-6.282562000e-03,2.805482287e-02,3.433738487e-02
2.443600000e+01,train,3.490463000e-01,3.198099186e-01,-2.923638142e-02,-6.282476000e-03,2.801104780e-02,3.429352380e-02
2.444100000e+01,train,3.492279000e-01,3.200294415e-01,-2.919845846e-02,-6.282353000e-03,2.796730062e-02,3.424965362e-02
2.444600000e+01,train,3.494074000e-01,3.202470542e-01,-2.916034585e-02,-6.282193000e-03,2.792344567e-02,3.420563867e-02
2.445100000e+01,train,3.495849000e-01,3.204627250e-01,-2.912217498e-02,-6.281997000e-03,2.787922092e-02,3.416121792e-02
2.445600000e+01,train,3.497603000e-01,3.206765003e-01,-2.908379975e-02,-6.281763000e-03,2.783486217e-02,3.411662517e-02
2.446100000e+01,train,3.499337000e-01,3.208882618e-01,-2.904543818e-02,-6.281493000e-03,2.779057642e-02,3.407206942e-02
2.446600000e+01,train,3.501051000e-01,3.210980588e-01,-2.900704123e-02,-6.281186000e-03,2.774611283e-02,3.402729883e-02
2.447100000e+01,train,3.502744000e-01,3.213059527e-01,-2.896844729e-02,-6.280842000e-03,2.770152775e-02,3.398236975e-02
2.447600000e+01,test,3.504417000e-01,3.215118746e-01,-2.892982535e-02,-6.280461000e-03,2.765677758e-02,3.393723858e-02
2.448100000e+01,train,3.506069000e-01,3.217159311e-01,-2.889096890e-02,-6.280043000e-03,2.761168748e-02,3.389173048e-02
2.448600000e+01,train,3.507701000e-01,3.219179886e-01,-2.885211145e-02,-6.279588000e-03,2.756664394e-02,3.384623194e-02
2.449100000e+01,train,3.509313000e-01,3.221180740e-01,-2.881322601e-02,-6.279097000e-03,2.752143486e-02,3.380053186e-02
2.449600000e+01,train,3.510904000e-01,3.223162021e-01,-2.877419786e-02,-6.278569000e-03,2.747603414e-02,3.375460314e-02
2.450100000e+01,train,3.512474000e-01,3.225124272e-01,-2.873497281e-02,-6.278004000e-03,2.743051132e-02,3.370851532e-02
2.450600000e+01,validation,3.514024000e-01,3.227066834e-01,-2.869571661e-02,-6.277402000e-03,2.738482932e-02,3.366223132e-02
2.451100000e+01,train,3.515554000e-01,3.228989562e-01,-2.865644376e-02,-6.276763000e-03,2.733914096e-02,3.361590396e-02
2.451600000e+01,train,3.517063000e-01,3.230892529e-01,-2.861704712e-02,-6.276087000e-03,2.729330606e-02,3.356939306e-02
2.452100000e+01,validation,3.518551000e-01,3.232776986e-01,-2.857740137e-02,-6.275375000e-03,2.724710460e-02,3.352247960e-02
2.452600000e+01,train,3.520019000e-01,3.234641723e-01,-2.853772769e-02,-6.274626000e-03,2.720073672e-02,3.347536272e-02
2.453100000e+01,validation,3.521467000e-01,3.236485551e-01,-2.849814487e-02,-6.273840000e-03,2.715456296e-02,3.342840296e-02
2.453600000e+01,test,3.522894000e-01,3.238310839e-01,-2.845831614e-02,-6.273017000e-03,2.710801551e-02,3.338103251e-02
2.454100000e+01,train,3.524300000e-01,3.240116209e-01,-2.841837915e-02,-6.272157000e-03,2.706150032e-02,3.333365732e-02
2.454600000e+01,train,3.525686000e-01,3.241902004e-01,-2.837839956e-02,-6.271261000e-03,2.701479243e-02,3.328605343e-02
2.455100000e+01,train,3.527051000e-01,3.243668153e-01,-2.833828474e-02,-6.270328000e-03,2.696790472e-02,3.323823272e-02
2.455600000e+01,train,3.528395000e-01,3.245414800e-01,-2.829802000e-02,-6.269358000e-03,2.692081116e-02,3.319016916e-02
2.456100000e+01,train,3.529719000e-01,3.247141571e-01,-2.825774288e-02,-6.268351000e-03,2.687372985e-02,3.314208085e-02
2.456600000e+01,train,3.531023000e-01,3.248848726e-01,-2.821742738e-02,-6.267307000e-03,2.682647511e-02,3.309378211e-02
2.457100000e+01,train,3.532306000e-01,3.250536348e-01,-2.817696517e-02,-6.266227000e-03,2.677900750e-02,3.304523450e-02
2.457600000e+01,train,3.533568000e-01,3.252203510e-01,-2.813644901e-02,-6.265110000e-03,2.673150193e-02,3.299661193e-02
2.458100000e+01,train,3.534810000e-01,3.253851713e-01,-2.809582875e-02,-6.263956000e-03,2.668385963e-02,3.294781563e-02
2.458600000e+01,test,3.536031000e-01,3.255480789e-01,-2.805502108e-02,-6.262766000e-03,2.663579271e-02,3.289855871e-02
2.459100000e+01,train,3.537231000e-01,3.257088696e-01,-2.801423039e-02,-6.261538000e-03,2.658810417e-02,3.284964217e-02
2.459600000e+01,train,3.538411000e-01,3.258677403e-01,-2.797335970e-02,-6.260274000e-03,2.654000383e-02,3.280027783e-02
2.460100000e+01,train,3.539570000e-01,3.260247600e-01,-2.793224003e-02,-6.258973000e-03,2.649153519e-02,3.275050819e-02
2.460600000e+01,train,3.540708000e-01,3.261797033e-01,-2.789109667e-02,-6.257636000e-03,2.644323329e-02,3.270086929e-02
2.461100000e+01,train,3.541826000e-01,3.263325949e-01,-2.785000507e-02,-6.256262000e-03,2.639487802e-02,3.265114002e-02
2.461600000e+01,train,3.542923000e-01,3.264836372e-01,-2.780866285e-02,-6.254851000e-03,2.634616357e-02,3.260101457e-02
2.462100000e+01,train,3.544000000e-01,3.266326337e-01,-2.776736627e-02,-6.253403000e-03,2.629739709e-02,3.255080009e-02
2.462600000e+01,train,3.545056000e-01,3.267796536e-01,-2.772594643e-02,-6.251919000e-03,2.624862226e-02,3.250054126e-02
2.463100000e+01,train,3.546091000e-01,3.269247578e-01,-2.768434223e-02,-6.250398000e-03,2.619942722e-02,3.244982522e-02
2.463600000e+01,test,3.547105000e-01,3.270677883e-01,-2.764271170e-02,-6.248840000e-03,2.615038127e-02,3.239922127e-02
2.464100000e+01,train,3.548099000e-01,3.272088752e-01,-2.760102481e-02,-6.247246000e-03,2.610111632e-02,3.234836232e-02
2.464600000e+01,train,3.549072000e-01,3.273480143e-01,-2.755918575e-02,-6.245615000e-03,2.605165192e-02,3.229726692e-02
2.465100000e+01,test,3.550024000e-01,3.274852153e-01,-2.751718470e-02,-6.243947000e-03,2.600194604e-02,3.224589304e-02
2.465600000e+01,train,3.550956000e-01,3.276203750e-01,-2.747522498e-02,-6.242243000e-03,2.595217985e-02,3.219442285e-02
2.466100000e+01,train,3.551867000e-01,3.277534605e-01,-2.743323948e-02,-6.240502000e-03,2.590257561e-02,3.214307761e-02
2.466600000e+01,train,3.552757000e-01,3.278847051e-01,-2.739099489e-02,-6.238725000e-03,2.585258398e-02,3.209130898e-02
2.467100000e+01,train,3.553626000e-01,3.280138423e-01,-2.734875766e-02,-6.236911000e-03,2.580248288e-02,3.203939388e-02
2.467600000e+01,train,3.554475000e-01,3.281411141e-01,-2.730638589e-02,-6.235060000e-03,2.575217723e-02,3.198723723e-02
2.468100000e+01,test,3.555303000e-01,3.282663447e-01,-2.726395526e-02,-6.233173000e-03,2.570182277e-02,3.193499577e-02
2.468600000e+01,validation,3.556110000e-01,3.283895384e-01,-2.722146161e-02,-6.231249000e-03,2.565139977e-02,3.188264877e-02
2.469100000e+01,train,3.556897000e-01,3.285107964e-01,-2.717890365e-02,-6.229289000e-03,2.560074283e-02,3.183003183e-02
2.469600000e+01,validation,3.557663000e-01,3.286300836e-01,-2.713621644e-02,-6.227292000e-03,2.555007803e-02,3.177737003e-02
2.470100000e+01,train,3.558408000e-01,3.287473718e-01,-2.709342824e-02,-6.225259000e-03,2.549911317e-02,3.172437217e-02
2.470600000e+01,train,3.559132000e-01,3.288625964e-01,-2.705060357e-02,-6.223189000e-03,2.544827824e-02,3.167146724e-02
2.471100000e+01,validation,3.559835000e-01,3.289759129e-01,-2.700758714e-02,-6.221082000e-03,2.539702094e-02,3.161810294e-02
2.471600000e+01,train,3.560518000e-01,3.290871728e-01,-2.696462716e-02,-6.218940000e-03,2.534586863e-02,3.156480863e-02
2.472100000e+01,train,3.561180000e-01,3.291965000e-01,-2.692149998e-02,-6.216760000e-03,2.529447678e-02,3.151123678e-02
2.472600000e+01,test,3.561821000e-01,3.293038227e-01,-2.687827728e-02,-6.214544000e-03,2.524281880e-02,3.145736280e-02
2.473100000e+01,train,3.562442000e-01,3.294091854e-01,-2.683501463e-02,-6.212292000e-03,2.519112118e-02,3.140341318e-02
2.473600000e+01,train,3.563041000e-01,3.295124248e-01,-2.679167522e-02,-6.210003000e-03,2.513948075e-02,3.134948375e-02
2.474100000e+01,train,3.563620000e-01,3.296138292e-01,-2.674817076e-02,-6.207678000e-03,2.508745349e-02,3.129513149e-02
2.474600000e+01,train,3.564178000e-01,3.297131077e-01,-2.670469229e-02,-6.205317000e-03,2.503550053e-02,3.124081753e-02
2.475100000e+01,train,3.564715000e-01,3.298104290e-01,-2.666107096e-02,-6.202919000e-03,2.498350246e-02,3.118642146e-02
2.475600000e+01,test,3.565232000e-01,3.299057544e-01,-2.661744559e-02,-6.200484000e-03,2.493121045e-02,3.113169445e-02
2.476100000e+01,train,3.565728000e-01,3.299991542e-01,-2.657364579e-02,-6.198014000e-03,2.487866560e-02,3.107667960e-02
2.476600000e+01,test,3.566202000e-01,3.300904302e-01,-2.652976980e-02,-6.195507000e-03,2.482619084e-02,3.102169784e-02
2.477100000e+01,test,3.566656000e-01,3.301797519e-01,-2.648584808e-02,-6.192963000e-03,2.477366571e-02,3.096662871e-02
2.477600000e+01,validation,3.567090000e-01,3.302671804e-01,-2.644181957e-02,-6.190384000e-03,2.472067845e-02,3.091106245e-02
2.478100000e+01,test,3.567502000e-01,3.303524571e-01,-2.639774288e-02,-6.187768000e-03,2.466796250e-02,3.085573050e-02
2.478600000e+01,train,3.567894000e-01,3.304358420e-01,-2.635355796e-02,-6.185116000e-03,2.461478175e-02,3.079989775e-02
2.479100000e+01,train,3.568265000e-01,3.305171730e-01,-2.630932698e-02,-6.182427000e-03,2.456172522e-02,3.074415222e-02
2.479600000e+01,test,3.568615000e-01,3.305965172e-01,-2.626498276e-02,-6.179702000e-03,2.450834565e-02,3.068804765e-02
2.480100000e+01,test,3.568944000e-01,3.306738131e-01,-2.622058687e-02,-6.176941000e-03,2.445506795e-02,3.063200895e-02
2.480600000e+01,train,3.569252000e-01,3.307492160e-01,-2.617598403e-02,-6.174144000e-03,2.440133980e-02,3.057548380e-02
2.481100000e+01,train,3.569540000e-01,3.308224762e-01,-2.613152376e-02,-6.171311000e-03,2.434785400e-02,3.051916500e-02
2.481600000e+01,train,3.569806000e-01,3.308938147e-01,-2.608678527e-02,-6.168441000e-03,2.429412033e-02,3.046256133e-02
2.482100000e+01,test,3.570052000e-01,3.309631715e-01,-2.604202846e-02,-6.165536000e-03,2.424005439e-02,3.040559039e-02
2.482600000e+01,train,3.570277000e-01,3.310304787e-01,-2.599722127e-02,-6.162594000e-03,2.418610466e-02,3.034869866e-02
2.483100000e+01,train,3.570482000e-01,3.310957763e-01,-2.595242374e-02,-6.159616000e-03,2.413202394e-02,3.029163994e-02
2.483600000e+01,train,3.570665000e-01,3.311591549e-01,-2.590734510e-02,-6.156602000e-03,2.407769005e-02,3.023429205e-02
2.484100000e+01,validation,3.570828000e-01,3.312204213e-01,-2.586237871e-02,-6.153551000e-03,2.402340504e-02,3.017695604e-02
2.484600000e+01,train,3.570970000e-01,3.312797096e-01,-2.581729040e-02,-6.150465000e-03,2.396878117e-02,3.011924617e-02
2.485100000e+01,test,3.571090000e-01,3.313370518e-01,-2.577194823e-02,-6.147343000e-03,2.391410408e-02,3.006144708e-02
2.485600000e+01,train,3.571191000e-01,3.313923830e-01,-2.572671702e-02,-6.144184000e-03,2.385931040e-02,3.000349440e-02
2.486100000e+01,validation,3.571270000e-01,3.314456050e-01,-2.568139496e-02,-6.140990000e-03,2.380455994e-02,2.994554994e-02
2.486600000e+01,train,3.571328000e-01,3.314969174e-01,-2.563588262e-02,-6.137760000e-03,2.374952757e-02,2.988728757e-02
2.487100000e+01,train,3.571366000e-01,3.315461222e-01,-2.559047784e-02,-6.134493000e-03,2.369453553e-02,2.982902853e-02
2.487600000e+01,validation,3.571383000e-01,3.315934184e-01,-2.554488156e-02,-6.131191000e-03,2.363925935e-02,2.977045035e-02
2.488100000e+01,train,3.571379000e-01,3.316387078e-01,-2.549919220e-02,-6.127853000e-03,2.358385923e-02,2.971171223e-02
2.488600000e+01,train,3.571354000e-01,3.316818920e-01,-2.545350800e-02,-6.124479000e-03,2.352849513e-02,2.965297413e-02
2.489100000e+01,validation,3.571308000e-01,3.317231699e-01,-2.540763009e-02,-6.121069000e-03,2.347284286e-02,2.959391186e-02
2.489600000e+01,train,3.571242000e-01,3.317624432e-01,-2.536175676e-02,-6.117623000e-03,2.341706246e-02,2.953468546e-02
2.490100000e+01,train,3.571154000e-01,3.317996136e-01,-2.531578638e-02,-6.114141000e-03,2.336131405e-02,2.947545505e-02
2.490600000e+01,train,3.571046000e-01,3.318348800e-01,-2.526972002e-02,-6.110624000e-03,2.330527340e-02,2.941589740e-02
2.491100000e+01,train,3.570917000e-01,3.318680449e-01,-2.522365509e-02,-6.107070000e-03,2.324926200e-02,2.935633200e-02
2.491600000e+01,train,3.570767000e-01,3.318992079e-01,-2.517749209e-02,-6.103481000e-03,2.319311768e-02,2.929659868e-02
2.492100000e+01,train,3.570596000e-01,3.319284655e-01,-2.513113454e-02,-6.099856000e-03,2.313669588e-02,2.923655188e-02
2.492600000e+01,validation,3.570405000e-01,3.319555978e-01,-2.508490224e-02,-6.096196000e-03,2.308048496e-02,2.917668096e-02
2.493100000e+01,train,3.570192000e-01,3.319807608e-01,-2.503843919e-02,-6.092500000e-03,2.302393138e-02,2.911643138e-02
2.493600000e+01,validation,3.569959000e-01,3.320039217e-01,-2.499197826e-02,-6.088768000e-03,2.296725743e-02,2.905602543e-02
2.494100000e+01,train,3.569705000e-01,3.320250881e-01,-2.494541187e-02,-6.085000000e-03,2.291042505e-02,2.899542505e-02
2.494600000e+01,train,3.569431000e-01,3.320442237e-01,-2.489887631e-02,-6.081197000e-03,2.285367494e-02,2.893487194e-02
2.495100000e+01,train,3.569135000e-01,3.320612979e-01,-2.485220208e-02,-6.077358000e-03,2.279671884e-02,2.887407684e-02
2.495600000e+01,train,3.568818000e-01,3.320764713e-01,-2.480532870e-02,-6.073483000e-03,2.273947698e-02,2.881295998e-02
2.496100000e+01,train,3.568481000e-01,3.320895252e-01,-2.475857478e-02,-6.069573000e-03,2.268243569e-02,2.875200869e-02
2.496600000e+01,train,3.568123000e-01,3.321006108e-01,-2.471168925e-02,-6.065628000e-03,2.262506239e-02,2.869069039e-02
2.497100000e+01,validation,3.567744000e-01,3.321096725e-01,-2.466472751e-02,-6.061646000e-03,2.256774653e-02,2.862939253e-02
2.497600000e+01,train,3.567345000e-01,3.321167764e-01,-2.461772363e-02,-6.057630000e-03,2.251005544e-02,2.856768544e-02
2.498100000e+01,train,3.566924000e-01,3.321218544e-01,-2.457054555e-02,-6.053578000e-03,2.245243761e-02,2.850601561e-02
2.498600000e+01,validation,3.566483000e-01,3.321248721e-01,-2.452342793e-02,-6.049490000e-03,2.239462450e-02,2.844411450e-02
2.499100000e+01,train,3.566021000e-01,3.321258695e-01,-2.447623049e-02,-6.045367000e-03,2.233686241e-02,2.838222941e-02
2.499600000e+01,train,3.565538000e-01,3.321248776e-01,-2.442892235e-02,-6.041209000e-03,2.227894486e-02,2.832015386e-02
2.500100000e+01,train,3.565034000e-01,3.321219266e-01,-2.438147339e-02,-6.037015000e-03,2.222066667e-02,2.825768167e-02
2.500600000e+01,train,3.564510000e-01,3.321169583e-01,-2.433404172e-02,-6.032786000e-03,2.216243443e-02,2.819522043e-02
2.501100000e+01,train,3.563964000e-01,3.321099029e-01,-2.428649705e-02,-6.028522000e-03,2.210420570e-02,2.813272770e-02
2.501600000e+01,train,3.563398000e-01,3.321009596e-01,-2.423884042e-02,-6.024222000e-03,2.204565616e-02,2.806987816e-02
2.502100000e+01,train,3.562811000e-01,3.320899321e-01,-2.419116789e-02,-6.019887000e-03,2.198710504e-02,2.800699204e-02
2.502600000e+01,validation,3.562204000e-01,3.320768205e-01,-2.414357947e-02,-6.015517000e-03,2.192855236e-02,2.794406936e-02
2.503100000e+01,train,3.561575000e-01,3.320618196e-01,-2.409568037e-02,-6.011112000e-03,2.186969353e-02,2.788080553e-02
2.503600000e+01,validation,3.560926000e-01,3.320447395e-01,-2.404786050e-02,-6.006671000e-03,2.181081212e-02,2.781748312e-02
2.504100000e+01,train,3.560256000e-01,3.320256471e-01,-2.399995288e-02,-6.002196000e-03,2.175196779e-02,2.775416379e-02
2.504600000e+01,train,3.559565000e-01,3.320045986e-01,-2.395190139e-02,-5.997685000e-03,2.169276982e-02,2.769045482e-02
2.505100000e+01,train,3.558854000e-01,3.319814436e-01,-2.390395639e-02,-5.993139000e-03,2.163374943e-02,2.762688843e-02
2.505600000e+01,train,3.558122000e-01,3.319564338e-01,-2.385576623e-02,-5.988558000e-03,2.157421009e-02,2.756276809e-02
2.506100000e+01,train,3.557369000e-01,3.319293147e-01,-2.380758529e-02,-5.983942000e-03,2.151486554e-02,2.749880754e-02
2.506600000e+01,train,3.556595000e-01,3.319001207e-01,-2.375937926e-02,-5.979291000e-03,2.145549088e-02,2.743478188e-02
2.507100000e+01,train,3.555801000e-01,3.318690447e-01,-2.371105532e-02,-5.974605000e-03,2.139579738e-02,2.737040238e-02
2.507600000e+01,validation,3.554985000e-01,3.318358910e-01,-2.366260905e-02,-5.969884000e-03,2.133609104e-02,2.730597504e-02
2.508100000e+01,train,3.554150000e-01,3.318006625e-01,-2.361433748e-02,-5.965129000e-03,2.127636662e-02,2.724149562e-02
2.508600000e+01,train,3.553293000e-01,3.317635561e-01,-2.356574390e-02,-5.960338000e-03,2.121630385e-02,2.717664185e-02
2.509100000e+01,test,3.552415000e-01,3.317243455e-01,-2.351715447e-02,-5.955512000e-03,2.115642699e-02,2.711193899e-02
2.509600000e+01,validation,3.551517000e-01,3.316831868e-01,-2.346851324e-02,-5.950652000e-03,2.109618262e-02,2.704683462e-02
2.510100000e+01,test,3.550599000e-01,3.316400278e-01,-2.341987219e-02,-5.945757000e-03,2.103594185e-02,2.698169885e-02
2.510600000e+01,train,3.549659000e-01,3.315947970e-01,-2.337110300e-02,-5.940827000e-03,2.097567807e-02,2.691650507e-02
2.511100000e+01,train,3.548699000e-01,3.315475893e-01,-2.332231073e-02,-5.935862000e-03,2.091524954e-02,2.685111154e-02
2.511600000e+01,train,3.547718000e-01,3.314984144e-01,-2.327338561e-02,-5.930863000e-03,2.085461440e-02,2.678547740e-02
2.512100000e+01,train,3.546716000e-01,3.314471656e-01,-2.322443435e-02,-5.925829000e-03,2.079397224e-02,2.671980124e-02
2.512600000e+01,train,3.545694000e-01,3.313939169e-01,-2.317548309e-02,-5.920760000e-03,2.073334573e-02,2.665410573e-02
2.513100000e+01,train,3.544651000e-01,3.313387333e-01,-2.312636667e-02,-5.915657000e-03,2.067230368e-02,2.658796068e-02
2.513600000e+01,train,3.543588000e-01,3.312814471e-01,-2.307735286e-02,-5.910519000e-03,2.061145741e-02,2.652197641e-02
2.514100000e+01,train,3.542503000e-01,3.312221933e-01,-2.302810674e-02,-5.905346000e-03,2.055041795e-02,2.645576395e-02
2.514600000e+01,test,3.541398000e-01,3.311609682e-01,-2.297883175e-02,-5.900139000e-03,2.048920369e-02,2.638934269e-02
2.515100000e+01,train,3.540273000e-01,3.310976526e-01,-2.292964742e-02,-5.894898000e-03,2.042813960e-02,2.632303760e-02
2.515600000e+01,train,3.539126000e-01,3.310324008e-01,-2.288019923e-02,-5.889622000e-03,2.036667472e-02,2.625629672e-02
2.516100000e+01,validation,3.537960000e-01,3.309651498e-01,-2.283085017e-02,-5.884312000e-03,2.030523656e-02,2.618954856e-02
2.516600000e+01,train,3.536772000e-01,3.308958398e-01,-2.278136018e-02,-5.878967000e-03,2.024374091e-02,2.612270791e-02
2.517100000e+01,train,3.535564000e-01,3.308245608e-01,-2.273183921e-02,-5.873588000e-03,2.018206698e-02,2.605565498e-02
2.517600000e+01,train,3.534335000e-01,3.307512926e-01,-2.268220737e-02,-5.868175000e-03,2.012038990e-02,2.598856490e-02
2.518100000e+01,test,3.533086000e-01,3.306759627e-01,-2.263263734e-02,-5.862727000e-03,2.005867261e-02,2.592139961e-02
2.518600000e+01,train,3.531816000e-01,3.305986700e-01,-2.258293004e-02,-5.857245000e-03,1.999675373e-02,2.585399873e-02
2.519100000e+01,train,3.530525000e-01,3.305194146e-01,-2.253308544e-02,-5.851729000e-03,1.993463320e-02,2.578636220e-02
2.519600000e+01,test,3.529214000e-01,3.304380703e-01,-2.248332965e-02,-5.846179000e-03,1.987268461e-02,2.571886361e-02
2.520100000e+01,train,3.527883000e-01,3.303548050e-01,-2.243349496e-02,-5.840595000e-03,1.981029676e-02,2.565089176e-02
2.520600000e+01,validation,3.526530000e-01,3.302695427e-01,-2.238345734e-02,-5.834976000e-03,1.974793239e-02,2.558290839e-02
2.521100000e+01,validation,3.525157000e-01,3.301821882e-01,-2.233351177e-02,-5.829324000e-03,1.968573343e-02,2.551505743e-02
2.521600000e+01,test,3.523764000e-01,3.300929159e-01,-2.228348415e-02,-5.823637000e-03,1.962310216e-02,2.544673916e-02
2.522100000e+01,train,3.522350000e-01,3.300016579e-01,-2.223334214e-02,-5.817916000e-03,1.956046200e-02,2.537837800e-02
2.522600000e+01,train,3.520916000e-01,3.299083078e-01,-2.218329222e-02,-5.812162000e-03,1.949798742e-02,2.531014942e-02
2.523100000e+01,train,3.519461000e-01,3.298130397e-01,-2.213306032e-02,-5.806373000e-03,1.943508088e-02,2.524145388e-02
2.523600000e+01,train,3.517985000e-01,3.297157818e-01,-2.208271822e-02,-5.800551000e-03,1.937218529e-02,2.517273629e-02
2.524100000e+01,test,3.516489000e-01,3.296164391e-01,-2.203246091e-02,-5.794695000e-03,1.930944262e-02,2.510413762e-02
2.524600000e+01,validation,3.514972000e-01,3.295151783e-01,-2.198202167e-02,-5.788805000e-03,1.924626823e-02,2.503507323e-02
2.525100000e+01,test,3.513435000e-01,3.294119319e-01,-2.193156812e-02,-5.782881000e-03,1.918308535e-02,2.496596635e-02
2.525600000e+01,train,3.511878000e-01,3.293066079e-01,-2.188119207e-02,-5.776923000e-03,1.912004274e-02,2.489696574e-02
2.526100000e+01,validation,3.510300000e-01,3.291993659e-01,-2.183063413e-02,-5.770932000e-03,1.905656867e-02,2.482750067e-02
2.526600000e+01,train,3.508701000e-01,3.290901413e-01,-2.177995872e-02,-5.764907000e-03,1.899309307e-02,2.475800007e-02
2.527100000e+01,validation,3.507083000e-01,3.289788391e-01,-2.172946086e-02,-5.758848000e-03,1.892975807e-02,2.468860607e-02
2.527600000e+01,train,3.505443000e-01,3.288655813e-01,-2.167871866e-02,-5.752756000e-03,1.886620989e-02,2.461896589e-02
2.528100000e+01,test,3.503783000e-01,3.287502835e-01,-2.162801651e-02,-5.746630000e-03,1.880258429e-02,2.454921429e-02
2.528600000e+01,train,3.502103000e-01,3.286331095e-01,-2.157719052e-02,-5.740471000e-03,1.873878318e-02,2.447925418e-02
2.529100000e+01,test,3.500403000e-01,3.285138848e-01,-2.152641520e-02,-5.734278000e-03,1.867491111e-02,2.440918911e-02
2.529600000e+01,train,3.498681000e-01,3.283925857e-01,-2.147551429e-02,-5.728052000e-03,1.861118669e-02,2.433923869e-02
2.530100000e+01,test,3.496940000e-01,3.282694447e-01,-2.142455528e-02,-5.721793000e-03,1.854706224e-02,2.426885524e-02
2.530600000e+01,train,3.495178000e-01,3.281442562e-01,-2.137354379e-02,-5.715500000e-03,1.848287382e-02,2.419837382e-02
2.531100000e+01,train,3.493396000e-01,3.280170924e-01,-2.132250764e-02,-5.709173000e-03,1.841867188e-02,2.412784488e-02
2.531600000e+01,train,3.491593000e-01,3.278878582e-01,-2.127144181e-02,-5.702814000e-03,1.835459832e-02,2.405741232e-02
2.532100000e+01,test,3.489771000e-01,3.277566871e-01,-2.122041293e-02,-5.696421000e-03,1.829026700e-02,2.398668800e-02
2.532600000e+01,train,3.487927000e-01,3.276235438e-01,-2.116915623e-02,-5.689995000e-03,1.822592923e-02,2.391592423e-02
2.533100000e+01,train,3.486064000e-01,3.274884561e-01,-2.111794386e-02,-5.683536000e-03,1.816134676e-02,2.384488276e-02
2.533600000e+01,train,3.484180000e-01,3.273513315e-01,-2.106666854e-02,-5.677043000e-03,1.809669475e-02,2.377373775e-02
2.534100000e+01,test,3.482275000e-01,3.272122355e-01,-2.101526452e-02,-5.670518000e-03,1.803201022e-02,2.370252822e-02
2.534600000e+01,train,3.480351000e-01,3.270711682e-01,-2.096393181e-02,-5.663960000e-03,1.796729322e-02,2.363125322e-02
2.535100000e+01,test,3.478406000e-01,3.269280680e-01,-2.091253205e-02,-5.657368000e-03,1.790248732e-02,2.355985532e-02
2.535600000e+01,train,3.476441000e-01,3.267829996e-01,-2.086110042e-02,-5.650744000e-03,1.783765592e-02,2.348839992e-02
2.536100000e+01,train,3.474456000e-01,3.266359973e-01,-2.080960267e-02,-5.644086000e-03,1.777257437e-02,2.341666037e-02
2.536600000e+01,train,3.472450000e-01,3.264870311e-01,-2.075796892e-02,-5.637396000e-03,1.770744783e-02,2.334484383e-02
2.537100000e+01,train,3.470424000e-01,3.263359902e-01,-2.070640984e-02,-5.630673000e-03,1.764247062e-02,2.327314362e-02
2.537600000e+01,train,3.468378000e-01,3.261830227e-01,-2.065477732e-02,-5.623917000e-03,1.757723063e-02,2.320114763e-02
2.538100000e+01,test,3.466312000e-01,3.260280911e-01,-2.060310885e-02,-5.617129000e-03,1.751194598e-02,2.312907498e-02
2.538600000e+01,train,3.464225000e-01,3.258711955e-01,-2.055130448e-02,-5.610307000e-03,1.744661690e-02,2.305692390e-02
2.539100000e+01,train,3.462119000e-01,3.257122700e-01,-2.049962998e-02,-5.603453000e-03,1.738120660e-02,2.298465960e-02
2.539600000e+01,train,3.459992000e-01,3.255514795e-01,-2.044772049e-02,-5.596567000e-03,1.731559053e-02,2.291215753e-02
2.540100000e+01,train,3.457845000e-01,3.253886632e-01,-2.039583676e-02,-5.589648000e-03,1.724987384e-02,2.283952184e-02
2.540600000e+01,test,3.455677000e-01,3.252237869e-01,-2.034391308e-02,-5.582696000e-03,1.718428140e-02,2.276697740e-02
2.541100000e+01,train,3.453490000e-01,3.250570456e-01,-2.029195445e-02,-5.575712000e-03,1.711848354e-02,2.269419554e-02
2.541600000e+01,validation,3.451283000e-01,3.248882556e-01,-2.024004442e-02,-5.568695000e-03,1.705277765e-02,2.262147265e-02
2.542100000e+01,train,3.449055000e-01,3.247175274e-01,-2.018797259e-02,-5.561646000e-03,1.698684269e-02,2.254848869e-02
2.542600000e+01,validation,3.446807000e-01,3.245448497e-01,-2.013585025e-02,-5.554564000e-03,1.692083830e-02,2.247540230e-02
2.543100000e+01,train,3.444540000e-01,3.243702152e-01,-2.008378480e-02,-5.547450000e-03,1.685477767e-02,2.240222767e-02
2.543600000e+01,train,3.442252000e-01,3.241936196e-01,-2.003158039e-02,-5.540304000e-03,1.678868054e-02,2.232898454e-02
2.544100000e+01,train,3.439944000e-01,3.240149981e-01,-1.997940188e-02,-5.533126000e-03,1.672248386e-02,2.225560986e-02
2.544600000e+01,validation,3.437616000e-01,3.238344961e-01,-1.992710394e-02,-5.525916000e-03,1.665626182e-02,2.218217782e-02
2.545100000e+01,train,3.435268000e-01,3.236519713e-01,-1.987482872e-02,-5.518673000e-03,1.658994725e-02,2.210862025e-02
2.545600000e+01,train,3.432900000e-01,3.234674969e-01,-1.982250308e-02,-5.511398000e-03,1.652356402e-02,2.203496202e-02
2.546100000e+01,test,3.430512000e-01,3.232810957e-01,-1.977010432e-02,-5.504091000e-03,1.645692031e-02,2.196101131e-02
2.546600000e+01,train,3.428104000e-01,3.230926114e-01,-1.971778855e-02,-5.496753000e-03,1.639059456e-02,2.188734756e-02
2.547100000e+01,validation,3.425676000e-01,3.229023068e-01,-1.966529321e-02,-5.489382000e-03,1.632383408e-02,2.181321608e-02
2.547600000e+01,train,3.423228000e-01,3.227100256e-01,-1.961277441e-02,-5.481979000e-03,1.625721728e-02,2.173919628e-02
2.548100000e+01,train,3.420760000e-01,3.225157257e-01,-1.956027431e-02,-5.474545000e-03,1.619048916e-02,2.166503416e-02
2.548600000e+01,train,3.418272000e-01,3.223194720e-01,-1.950772803e-02,-5.467078000e-03,1.612371295e-02,2.159079095e-02
2.549100000e+01,train,3.415764000e-01,3.221213676e-01,-1.945503236e-02,-5.459580000e-03,1.605670765e-02,2.151628765e-02
2.549600000e+01,train,3.413237000e-01,3.219212218e-01,-1.940247818e-02,-5.452050000e-03,1.598978348e-02,2.144183348e-02
2.550100000e+01,train,3.410689000e-01,3.217191295e-01,-1.934977052e-02,-5.444489000e-03,1.592279875e-02,2.136728775e-02
2.550600000e+01,test,3.408122000e-01,3.215150874e-01,-1.929711263e-02,-5.436895000e-03,1.585574691e-02,2.129264191e-02
2.551100000e+01,test,3.405534000e-01,3.213091028e-01,-1.924429716e-02,-5.429270000e-03,1.578861509e-02,2.121788509e-02
2.551600000e+01,train,3.402927000e-01,3.211011717e-01,-1.919152827e-02,-5.421614000e-03,1.572142320e-02,2.114303720e-02
2.552100000e+01,train,3.400300000e-01,3.208913014e-01,-1.913869860e-02,-5.413926000e-03,1.565415838e-02,2.106808438e-02
2.552600000e+01,train,3.397654000e-01,3.206794812e-01,-1.908591875e-02,-5.406207000e-03,1.558682698e-02,2.099303398e-02
2.553100000e+01,train,3.394987000e-01,3.204656885e-01,-1.903301152e-02,-5.398456000e-03,1.551962134e-02,2.091807734e-02
2.553600000e+01,validation,3.392301000e-01,3.202499865e-01,-1.898011346e-02,-5.390674000e-03,1.545213823e-02,2.084281223e-02
2.554100000e+01,train,3.389594000e-01,3.200323453e-01,-1.892705466e-02,-5.382861000e-03,1.538458274e-02,2.076744374e-02
2.554600000e+01,train,3.386869000e-01,3.198127657e-01,-1.887413429e-02,-5.375016000e-03,1.531692881e-02,2.069194481e-02
2.555100000e+01,test,3.384123000e-01,3.195912052e-01,-1.882109484e-02,-5.367140000e-03,1.524944053e-02,2.061658053e-02
2.555600000e+01,validation,3.381358000e-01,3.193677395e-01,-1.876806048e-02,-5.359233000e-03,1.518165569e-02,2.054088869e-02
2.556100000e+01,test,3.378573000e-01,3.191423085e-01,-1.871499147e-02,-5.351295000e-03,1.511398461e-02,2.046527961e-02
2.556600000e+01,validation,3.375768000e-01,3.189150373e-01,-1.866176271e-02,-5.343326000e-03,1.504608049e-02,2.038940649e-02
2.557100000e+01,train,3.372944000e-01,3.186857317e-01,-1.860866833e-02,-5.335326000e-03,1.497824695e-02,2.031357295e-02
2.557600000e+01,train,3.370099000e-01,3.184544639e-01,-1.855543610e-02,-5.327294000e-03,1.491053427e-02,2.023782827e-02
2.558100000e+01,train,3.367236000e-01,3.182213786e-01,-1.850222141e-02,-5.319232000e-03,1.484239696e-02,2.016162896e-02
2.558600000e+01,train,3.364352000e-01,3.179862361e-01,-1.844896389e-02,-5.311139000e-03,1.477452277e-02,2.008566177e-02
2.559100000e+01,train,3.361450000e-01,3.177492574e-01,-1.839574261e-02,-5.303015000e-03,1.470639677e-02,2.000941177e-02
2.559600000e+01,train,3.358527000e-01,3.175103466e-01,-1.834235339e-02,-5.294861000e-03,1.463818722e-02,1.993304822e-02
2.560100000e+01,validation,3.355585000e-01,3.172694662e-01,-1.828903378e-02,-5.286676000e-03,1.457011242e-02,1.985678842e-02
2.560600000e+01,train,3.352623000e-01,3.170267870e-01,-1.823551297e-02,-5.278460000e-03,1.450156833e-02,1.978002833e-02
2.561100000e+01,train,3.349642000e-01,3.167820164e-01,-1.818218362e-02,-5.270213000e-03,1.443351283e-02,1.970372583e-02
2.561600000e+01,train,3.346642000e-01,3.165354469e-01,-1.812875310e-02,-5.261936000e-03,1.436498836e-02,1.962692436e-02
2.562100000e+01,test,3.343622000e-01,3.162868087e-01,-1.807539134e-02,-5.253628000e-03,1.429676082e-02,1.955038882e-02
2.562600000e+01,train,3.340582000e-01,3.160363447e-01,-1.802185531e-02,-5.245290000e-03,1.422827640e-02,1.947356640e-02
2.563100000e+01,train,3.337523000e-01,3.157840217e-01,-1.796827834e-02,-5.236922000e-03,1.415973347e-02,1.939665547e-02
2.563600000e+01,train,3.334444000e-01,3.155296746e-01,-1.791472537e-02,-5.228523000e-03,1.409125717e-02,1.931978017e-02
2.564100000e+01,train,3.331346000e-01,3.152734945e-01,-1.786110552e-02,-5.220094000e-03,1.402253742e-02,1.924263142e-02
2.564600000e+01,train,3.328229000e-01,3.150153561e-01,-1.780754391e-02,-5.211634000e-03,1.395392129e-02,1.916555529e-02
2.565100000e+01,train,3.325092000e-01,3.147553659e-01,-1.775383409e-02,-5.203145000e-03,1.388523445e-02,1.908837945e-02
2.565600000e+01,train,3.321936000e-01,3.144933703e-01,-1.770022967e-02,-5.194625000e-03,1.381644256e-02,1.901106756e-02
2.566100000e+01,validation,3.318761000e-01,3.142295002e-01,-1.764659982e-02,-5.186075000e-03,1.374777237e-02,1.893384737e-02
2.566600000e+01,test,3.315566000e-01,3.139638009e-01,-1.759279906e-02,-5.177495000e-03,1.367883999e-02,1.885633499e-02
2.567100000e+01,test,3.312352000e-01,3.136960735e-01,-1.753912650e-02,-5.168885000e-03,1.360999517e-02,1.877888017e-02
2.567600000e+01,train,3.309118000e-01,3.134265016e-01,-1.748529842e-02,-5.160245000e-03,1.354106754e-02,1.870131254e-02
2.568100000e+01,train,3.305866000e-01,3.131550704e-01,-1.743152959e-02,-5.151575000e-03,1.347208330e-02,1.862365830e-02
2.568600000e+01,train,3.302594000e-01,3.128817175e-01,-1.737768251e-02,-5.142876000e-03,1.340301257e-02,1.854588857e-02
2.569100000e+01,train,3.299302000e-01,3.126064510e-01,-1.732374899e-02,-5.134146000e-03,1.333381630e-02,1.846796230e-02
2.569600000e+01,train,3.295992000e-01,3.123291919e-01,-1.727000810e-02,-5.125387000e-03,1.326495017e-02,1.839033717e-02
2.570100000e+01,train,3.292662000e-01,3.120502174e-01,-1.721598256e-02,-5.116598000e-03,1.319563570e-02,1.831223370e-02
2.570600000e+01,train,3.289314000e-01,3.117691920e-01,-1.716220805e-02,-5.107780000e-03,1.312660205e-02,1.823438205e-02
2.571100000e+01,train,3.285946000e-01,3.114863520e-01,-1.710824804e-02,-5.098932000e-03,1.305728206e-02,1.815621406e-02
2.571600000e+01,validation,3.282559000e-01,3.112016673e-01,-1.705423266e-02,-5.090054000e-03,1.298788083e-02,1.807793483e-02
2.572100000e+01,validation,3.279153000e-01,3.109150234e-01,-1.700027660e-02,-5.081147000e-03,1.291861244e-02,1.799975944e-02
2.572600000e+01,train,3.275727000e-01,3.106264732e-01,-1.694622682e-02,-5.072211000e-03,1.284920681e-02,1.792141781e-02
2.573100000e+01,train,3.272283000e-01,3.103360441e-01,-1.689225593e-02,-5.063245000e-03,1.277994520e-02,1.784319020e-02
2.573600000e+01,train,3.268819000e-01,3.100437963e-01,-1.683810371e-02,-5.054250000e-03,1.271041783e-02,1.776466783e-02
2.574100000e+01,train,3.265337000e-01,3.097496006e-01,-1.678409943e-02,-5.045226000e-03,1.264099153e-02,1.768621753e-02
2.574600000e+01,train,3.261835000e-01,3.094535675e-01,-1.672993247e-02,-5.036172000e-03,1.257147216e-02,1.760764416e-02
2.575100000e+01,train,3.258315000e-01,3.091556167e-01,-1.667588334e-02,-5.027090000e-03,1.250184920e-02,1.752893920e-02
2.575600000e+01,train,3.254776000e-01,3.088557942e-01,-1.662180581e-02,-5.017978000e-03,1.243235835e-02,1.745033635e-02
2.576100000e+01,train,3.251217000e-01,3.085541530e-01,-1.656754702e-02,-5.008837000e-03,1.236260271e-02,1.737143971e-02
2.576600000e+01,train,3.247640000e-01,3.082505484e-01,-1.651345158e-02,-4.999668000e-03,1.229312807e-02,1.729279607e-02
2.577100000e+01,train,3.244043000e-01,3.079451292e-01,-1.645917083e-02,-4.990469000e-03,1.222336950e-02,1.721383850e-02
2.577600000e+01,validation,3.240428000e-01,3.076378717e-01,-1.640492833e-02,-4.981242000e-03,1.215354545e-02,1.713478745e-02
2.578100000e+01,train,3.236794000e-01,3.073286702e-01,-1.635072977e-02,-4.971985000e-03,1.208380443e-02,1.705578943e-02
2.578600000e+01,train,3.233141000e-01,3.070176045e-01,-1.629649550e-02,-4.962700000e-03,1.201418363e-02,1.697688363e-02
2.579100000e+01,train,3.229470000e-01,3.067047273e-01,-1.624227269e-02,-4.953387000e-03,1.194428635e-02,1.689767335e-02
2.579600000e+01,test,3.225779000e-01,3.063900085e-01,-1.618789147e-02,-4.944044000e-03,1.187431780e-02,1.681836180e-02
2.580100000e+01,validation,3.222070000e-01,3.060733263e-01,-1.613367371e-02,-4.934674000e-03,1.180463173e-02,1.673930573e-02
2.580600000e+01,train,3.218342000e-01,3.057548367e-01,-1.607936334e-02,-4.925274000e-03,1.173465014e-02,1.665992414e-02
2.581100000e+01,train,3.214595000e-01,3.054345777e-01,-1.602492233e-02,-4.915846000e-03,1.166464796e-02,1.658049396e-02
2.581600000e+01,test,3.210830000e-01,3.051123204e-01,-1.597067961e-02,-4.906390000e-03,1.159466093e-02,1.650105093e-02
2.582100000e+01,validation,3.207045000e-01,3.047882937e-01,-1.591620626e-02,-4.896906000e-03,1.152465370e-02,1.642155970e-02
2.582600000e+01,train,3.203242000e-01,3.044624295e-01,-1.586177049e-02,-4.887393000e-03,1.145455677e-02,1.634194977e-02
2.583100000e+01,train,3.199421000e-01,3.041346392e-01,-1.580746078e-02,-4.877852000e-03,1.138452575e-02,1.626237775e-02
2.583600000e+01,train,3.195581000e-01,3.038050795e-01,-1.575302046e-02,-4.868282000e-03,1.131447508e-02,1.618275708e-02
2.584100000e+01,test,3.191722000e-01,3.034735905e-01,-1.569860949e-02,-4.858685000e-03,1.124448395e-02,1.610316895e-02
2.584600000e+01,train,3.187845000e-01,3.031402972e-01,-1.564420279e-02,-4.849060000e-03,1.117420593e-02,1.602326593e-02
2.585100000e+01,validation,3.183949000e-01,3.028052158e-01,-1.558968416e-02,-4.839406000e-03,1.110408113e-02,1.594348713e-02
2.585600000e+01,train,3.180034000e-01,3.024682311e-01,-1.553516891e-02,-4.829725000e-03,1.103383136e-02,1.586355636e-02
2.586100000e+01,validation,3.176101000e-01,3.021293851e-01,-1.548071487e-02,-4.820016000e-03,1.096371173e-02,1.578372773e-02
2.586600000e+01,train,3.172150000e-01,3.017888153e-01,-1.542618467e-02,-4.810279000e-03,1.089331666e-02,1.570359566e-02
2.587100000e+01,train,3.168180000e-01,3.014462819e-01,-1.537171809e-02,-4.800514000e-03,1.082320703e-02,1.562372103e-02
2.587600000e+01,train,3.164191000e-01,3.011020205e-01,-1.531707945e-02,-4.790721000e-03,1.075284203e-02,1.554356303e-02
2.588100000e+01,validation,3.160185000e-01,3.007558062e-01,-1.526269380e-02,-4.780901000e-03,1.068275666e-02,1.546365766e-02
2.588600000e+01,train,3.156159000e-01,3.004078606e-01,-1.520803942e-02,-4.771053000e-03,1.061240972e-02,1.538346272e-02
2.589100000e+01,train,3.152116000e-01,3.000580838e-01,-1.515351620e-02,-4.761178000e-03,1.054198932e-02,1.530316732e-02
2.589600000e+01,train,3.148054000e-01,2.997064613e-01,-1.509893875e-02,-4.751276000e-03,1.047164836e-02,1.522292436e-02
2.590100000e+01,train,3.143974000e-01,2.993530075e-01,-1.504439248e-02,-4.741345000e-03,1.040123436e-02,1.514257936e-02
2.590600000e+01,train,3.139875000e-01,2.989978030e-01,-1.498969697e-02,-4.731388000e-03,1.033075833e-02,1.506214633e-02
2.591100000e+01,train,3.135758000e-01,2.986407454e-01,-1.493505461e-02,-4.721403000e-03,1.026037528e-02,1.498177828e-02
2.591600000e+01,test,3.131623000e-01,2.982818565e-01,-1.488044348e-02,-4.711391000e-03,1.018991993e-02,1.490131093e-02
2.592100000e+01,train,3.127470000e-01,2.979211211e-01,-1.482587895e-02,-4.701352000e-03,1.011957149e-02,1.482092349e-02
2.592600000e+01,train,3.123298000e-01,2.975585625e-01,-1.477123750e-02,-4.691286000e-03,1.004911187e-02,1.474039787e-02
2.593100000e+01,train,3.119108000e-01,2.971942531e-01,-1.471654689e-02,-4.681193000e-03,9.978591364e-03,1.465978436e-02
2.593600000e+01,train,3.114900000e-01,2.968280897e-01,-1.466191026e-02,-4.671073000e-03,9.908191337e-03,1.457926434e-02
2.594100000e+01,train,3.110674000e-01,2.964601756e-01,-1.460722445e-02,-4.660925000e-03,9.837730772e-03,1.449865577e-02
2.594600000e+01,train,3.106430000e-01,2.960904529e-01,-1.455254706e-02,-4.650751000e-03,9.767134151e-03,1.441788515e-02
2.595100000e+01,train,3.102168000e-01,2.957188649e-01,-1.449793513e-02,-4.640551000e-03,9.696691311e-03,1.433724231e-02
2.595600000e+01,train,3.097888000e-01,2.953455374e-01,-1.444326262e-02,-4.630323000e-03,9.626156053e-03,1.425647905e-02
2.596100000e+01,validation,3.093590000e-01,2.949703900e-01,-1.438861000e-02,-4.620069000e-03,9.555518057e-03,1.417558706e-02
2.596600000e+01,train,3.089273000e-01,2.945934650e-01,-1.433383504e-02,-4.609788000e-03,9.485032121e-03,1.409482012e-02
2.597100000e+01,validation,3.084939000e-01,2.942148265e-01,-1.427907352e-02,-4.599481000e-03,9.414269374e-03,1.401375037e-02
2.597600000e+01,train,3.080587000e-01,2.938342389e-01,-1.422446111e-02,-4.589147000e-03,9.343770993e-03,1.393291799e-02
2.598100000e+01,train,3.076217000e-01,2.934520028e-01,-1.416969722e-02,-4.578787000e-03,9.273059083e-03,1.385184608e-02
2.598600000e+01,train,3.071828000e-01,2.930678939e-01,-1.411490607e-02,-4.568400000e-03,9.202642181e-03,1.377104218e-02
2.599100000e+01,train,3.067422000e-01,2.926819725e-01,-1.406022748e-02,-4.557987000e-03,9.132110967e-03,1.369009797e-02
2.599600000e+01,test,3.062999000e-01,2.922943075e-01,-1.400559248e-02,-4.547548000e-03,9.061508871e-03,1.360905687e-02
2.600100000e+01,train,3.058557000e-01,2.919048949e-01,-1.395080512e-02,-4.537083000e-03,8.990855806e-03,1.352793881e-02
2.600600000e+01,test,3.054098000e-01,2.915137501e-01,-1.389604992e-02,-4.526591000e-03,8.920099744e-03,1.344669074e-02
2.601100000e+01,train,3.049620000e-01,2.911207471e-01,-1.384125293e-02,-4.516074000e-03,8.849487400e-03,1.336556140e-02
2.601600000e+01,validation,3.045125000e-01,2.907259892e-01,-1.378651084e-02,-4.505530000e-03,8.778964372e-03,1.328449437e-02
2.602100000e+01,train,3.040613000e-01,2.903295063e-01,-1.373179370e-02,-4.494961000e-03,8.708199468e-03,1.320316047e-02
2.602600000e+01,train,3.036082000e-01,2.899311613e-01,-1.367703871e-02,-4.484365000e-03,8.637725253e-03,1.312209025e-02
2.603100000e+01,train,3.031534000e-01,2.895311758e-01,-1.362222420e-02,-4.473744000e-03,8.567000614e-03,1.304074461e-02
2.603600000e+01,train,3.026969000e-01,2.891293435e-01,-1.356755650e-02,-4.463098000e-03,8.496388295e-03,1.295948630e-02
2.604100000e+01,validation,3.022385000e-01,2.887257782e-01,-1.351272177e-02,-4.452425000e-03,8.425700997e-03,1.287812600e-02
2.604600000e+01,train,3.017784000e-01,2.883204767e-01,-1.345792334e-02,-4.441727000e-03,8.354932300e-03,1.279665930e-02
2.605100000e+01,train,3.013166000e-01,2.879134013e-01,-1.340319867e-02,-4.431004000e-03,8.284300179e-03,1.271530418e-02
2.605600000e+01,test,3.008530000e-01,2.875044939e-01,-1.334850612e-02,-4.420254000e-03,8.213755492e-03,1.263400949e-02
2.606100000e+01,train,3.003876000e-01,2.870939191e-01,-1.329368086e-02,-4.409480000e-03,8.143173233e-03,1.255265323e-02
2.606600000e+01,test,2.999205000e-01,2.866816154e-01,-1.323888456e-02,-4.398680000e-03,8.072497584e-03,1.247117758e-02
2.607100000e+01,train,2.994517000e-01,2.862674649e-01,-1.318423513e-02,-4.387855000e-03,8.001936041e-03,1.238979104e-02
2.607600000e+01,train,2.989811000e-01,2.858516577e-01,-1.312944235e-02,-4.377005000e-03,7.931331420e-03,1.230833642e-02
2.608100000e+01,train,2.985088000e-01,2.854341141e-01,-1.307468591e-02,-4.366129000e-03,7.860647114e-03,1.222677611e-02
2.608600000e+01,train,2.980347000e-01,2.850148341e-01,-1.301986586e-02,-4.355229000e-03,7.789883464e-03,1.214511246e-02
2.609100000e+01,train,2.975589000e-01,2.845937610e-01,-1.296513902e-02,-4.344303000e-03,7.719456771e-03,1.206375977e-02
2.609600000e+01,train,2.970814000e-01,2.841709848e-01,-1.291041515e-02,-4.333352000e-03,7.648753171e-03,1.198210517e-02
2.610100000e+01,validation,2.966021000e-01,2.837464195e-01,-1.285568046e-02,-4.322377000e-03,7.578367332e-03,1.190074433e-02
2.610600000e+01,train,2.961211000e-01,2.833202618e-01,-1.280083824e-02,-4.311377000e-03,7.507510874e-03,1.181888787e-02
2.611100000e+01,train,2.956384000e-01,2.828922993e-01,-1.274610070e-02,-4.300352000e-03,7.437025051e-03,1.173737705e-02
2.611600000e+01,train,2.951540000e-01,2.824626119e-01,-1.269138814e-02,-4.289302000e-03,7.366428667e-03,1.165573067e-02
2.612100000e+01,train,2.946678000e-01,2.820311646e-01,-1.263663544e-02,-4.278227000e-03,7.295972811e-03,1.157419981e-02
2.612600000e+01,test,2.941800000e-01,2.815980873e-01,-1.258191268e-02,-4.267129000e-03,7.225264957e-03,1.149239396e-02
2.613100000e+01,train,2.936904000e-01,2.811632208e-01,-1.252717915e-02,-4.256005000e-03,7.154876449e-03,1.141088145e-02
2.613600000e+01,train,2.931991000e-01,2.807267277e-01,-1.247237227e-02,-4.244857000e-03,7.084243166e-03,1.132910017e-02
2.614100000e+01,train,2.927061000e-01,2.802884098e-01,-1.241769022e-02,-4.233685000e-03,7.013688669e-03,1.124737367e-02
2.614600000e+01,train,2.922114000e-01,2.798485008e-01,-1.236289922e-02,-4.222488000e-03,6.943130969e-03,1.116561897e-02
2.615100000e+01,train,2.917150000e-01,2.794067670e-01,-1.230823303e-02,-4.211268000e-03,6.872652398e-03,1.108392040e-02
2.615600000e+01,train,2.912170000e-01,2.789634453e-01,-1.225355470e-02,-4.200023000e-03,6.802178391e-03,1.100220139e-02
2.616100000e+01,train,2.907172000e-01,2.785183030e-01,-1.219889702e-02,-4.188754000e-03,6.731763789e-03,1.092051779e-02
2.616600000e+01,train,2.902157000e-01,2.780716029e-01,-1.214409714e-02,-4.177461000e-03,6.661149635e-03,1.083861064e-02
2.617100000e+01,validation,2.897125000e-01,2.776230177e-01,-1.208948227e-02,-4.166144000e-03,6.591025092e-03,1.075716909e-02
2.617600000e+01,validation,2.892077000e-01,2.771729050e-01,-1.203479498e-02,-4.154803000e-03,6.520496197e-03,1.067529920e-02
2.618100000e+01,test,2.887012000e-01,2.767210479e-01,-1.198015214e-02,-4.143438000e-03,6.450058545e-03,1.059349655e-02
2.618600000e+01,train,2.881929000e-01,2.762675339e-01,-1.192536608e-02,-4.132049000e-03,6.379583390e-03,1.051163239e-02
2.619100000e+01,test,2.876831000e-01,2.758122342e-01,-1.187086580e-02,-4.120637000e-03,6.309436593e-03,1.043007359e-02
2.619600000e+01,train,2.871715000e-01,2.753554255e-01,-1.181607451e-02,-4.109201000e-03,6.238841657e-03,1.034804266e-02
2.620100000e+01,train,2.866583000e-01,2.748968234e-01,-1.176147657e-02,-4.097742000e-03,6.168589298e-03,1.026633130e-02
2.620600000e+01,train,2.861434000e-01,2.744364802e-01,-1.170691976e-02,-4.086259000e-03,6.098436243e-03,1.018469524e-02
2.621100000e+01,train,2.856268000e-01,2.739745793e-01,-1.165222068e-02,-4.074753000e-03,6.028085415e-03,1.010283841e-02
2.621600000e+01,train,2.851086000e-01,2.735109299e-01,-1.159767013e-02,-4.063223000e-03,5.957847428e-03,1.002107043e-02
2.622100000e+01,train,2.845887000e-01,2.730457040e-01,-1.154299597e-02,-4.051670000e-03,5.887584206e-03,9.939254206e-03
2.622600000e+01,train,2.840672000e-01,2.725787558e-01,-1.148844416e-02,-4.040094000e-03,5.817248737e-03,9.857342737e-03
2.623100000e+01,train,2.835440000e-01,2.721101019e-01,-1.143389810e-02,-4.028495000e-03,5.747255538e-03,9.775750538e-03
2.623600000e+01,validation,2.830191000e-01,2.716398361e-01,-1.137926389e-02,-4.016872000e-03,5.676996378e-03,9.693868378e-03
2.624100000e+01,test,2.824926000e-01,2.711679899e-01,-1.132461013e-02,-4.005227000e-03,5.606732736e-03,9.611959736e-03
2.624600000e+01,validation,2.819645000e-01,2.706943950e-01,-1.127010496e-02,-3.993558000e-03,5.536583626e-03,9.530141626e-03
2.625100000e+01,train,2.814347000e-01,2.702191208e-01,-1.121557918e-02,-3.981867000e-03,5.466591557e-03,9.448458557e-03
2.625600000e+01,train,2.809033000e-01,2.697421856e-01,-1.116111435e-02,-3.970153000e-03,5.396712591e-03,9.366865591e-03
2.626100000e+01,train,2.803703000e-01,2.692637189e-01,-1.110658110e-02,-3.958416000e-03,5.326453036e-03,9.284869036e-03
2.626600000e+01,train,2.798356000e-01,2.687835573e-01,-1.105204274e-02,-3.946657000e-03,5.256530671e-03,9.203187671e-03
2.627100000e+01,train,2.792993000e-01,2.683017503e-01,-1.099754972e-02,-3.934875000e-03,5.186542246e-03,9.121417246e-03
2.627600000e+01,validation,2.787614000e-01,2.678183044e-01,-1.094309564e-02,-3.923070000e-03,5.116502785e-03,9.039572785e-03
2.628100000e+01,train,2.782218000e-01,2.673331530e-01,-1.088864704e-02,-3.911243000e-03,5.046806952e-03,8.958049952e-03
2.628600000e+01,train,2.776807000e-01,2.668464847e-01,-1.083421530e-02,-3.899394000e-03,4.976706019e-03,8.876100019e-03
2.629100000e+01,train,2.771379000e-01,2.663581180e-01,-1.077978199e-02,-3.887522000e-03,4.906937683e-03,8.794459683e-03
2.629600000e+01,test,2.765935000e-01,2.658681128e-01,-1.072538717e-02,-3.875628000e-03,4.837117371e-03,8.712745371e-03
2.630100000e+01,train,2.760475000e-01,2.653765043e-01,-1.067099572e-02,-3.863712000e-03,4.767488183e-03,8.631200183e-03
2.630600000e+01,test,2.754999000e-01,2.648832878e-01,-1.061661219e-02,-3.851773000e-03,4.697577435e-03,8.549350435e-03
2.631100000e+01,train,2.749507000e-01,2.643884715e-01,-1.056222853e-02,-3.839813000e-03,4.627864349e-03,8.467677349e-03
2.631600000e+01,train,2.743999000e-01,2.638919830e-01,-1.050791696e-02,-3.827831000e-03,4.558298986e-03,8.386129986e-03
2.632100000e+01,validation,2.738475000e-01,2.633939591e-01,-1.045354094e-02,-3.815826000e-03,4.488502457e-03,8.304328457e-03
2.632600000e+01,train,2.732935000e-01,2.628942326e-01,-1.039926741e-02,-3.803800000e-03,4.419060126e-03,8.222860126e-03
2.633100000e+01,train,2.727379000e-01,2.623929781e-01,-1.034492191e-02,-3.791753000e-03,4.349373535e-03,8.141126535e-03
2.633600000e+01,validation,2.721807000e-01,2.618901204e-01,-1.029057965e-02,-3.779683000e-03,4.279879330e-03,8.059562330e-03
2.634100000e+01,validation,2.716219000e-01,2.613856238e-01,-1.023627622e-02,-3.767592000e-03,4.210337137e-03,7.977929137e-03
2.634600000e+01,train,2.710616000e-01,2.608795355e-01,-1.018206450e-02,-3.755479000e-03,4.140954574e-03,7.896433574e-03
2.635100000e+01,validation,2.704997000e-01,2.603719076e-01,-1.012779236e-02,-3.743345000e-03,4.071362231e-03,7.814707231e-03
2.635600000e+01,validation,2.699362000e-01,2.598625848e-01,-1.007361519e-02,-3.731190000e-03,4.002112110e-03,7.733302110e-03
2.636100000e+01,train,2.693711000e-01,2.593517037e-01,-1.001939630e-02,-3.719013000e-03,3.932824647e-03,7.651837647e-03
2.636600000e+01,train,2.688045000e-01,2.588392528e-01,-9.965247227e-03,-3.706815000e-03,3.863533451e-03,7.570348451e-03
2.637100000e+01,train,2.682363000e-01,2.583252362e-01,-9.911063813e-03,-3.694595000e-03,3.794218472e-03,7.488813472e-03
2.637600000e+01,test,2.676666000e-01,2.578096353e-01,-9.856964745e-03,-3.682355000e-03,3.725051839e-03,7.407406839e-03
2.638100000e+01,train,2.670953000e-01,2.572924606e-01,-9.802839351e-03,-3.670093000e-03,3.655901290e-03,7.325994290e-03
2.638600000e+01,train,2.665224000e-01,2.567737316e-01,-9.748668397e-03,-3.657811000e-03,3.586695885e-03,7.244506885e-03
2.639100000e+01,train,2.659480000e-01,2.562534102e-01,-9.694589801e-03,-3.645508000e-03,3.517678973e-03,7.163186973e-03
2.639600000e+01,train,2.653721000e-01,2.557314314e-01,-9.640668582e-03,-3.633183000e-03,3.448788433e-03,7.081971433e-03
2.640100000e+01,test,2.647946000e-01,2.552079819e-01,-9.586618107e-03,-3.620838000e-03,3.379734487e-03,7.000572487e-03
2.640600000e+01,train,2.642156000e-01,2.546829482e-01,-9.532651836e-03,-3.608473000e-03,3.310829909e-03,6.919302909e-03
2.641100000e+01,train,2.636350000e-01,2.541564584e-01,-9.478541551e-03,-3.596087000e-03,3.241736540e-03,6.837823540e-03
2.641600000e+01,test,2.630529000e-01,2.536282699e-01,-9.424630090e-03,-3.583680000e-03,3.173007772e-03,6.756687772e-03
2.642100000e+01,train,2.624692000e-01,2.530985993e-01,-9.370600681e-03,-3.571252000e-03,3.104275572e-03,6.675527572e-03
2.642600000e+01,train,2.618841000e-01,2.525673706e-01,-9.316729416e-03,-3.558805000e-03,3.035509103e-03,6.594314103e-03
2.643100000e+01,train,2.612974000e-01,2.520345796e-01,-9.262820446e-03,-3.546337000e-03,2.966729001e-03,6.513066001e-03
2.643600000e+01,test,2.607092000e-01,2.515002764e-01,-9.208923593e-03,-3.533849000e-03,2.898150741e-03,6.431999741e-03
2.644100000e+01,test,2.601195000e-01,2.509644150e-01,-9.155085041e-03,-3.521340000e-03,2.829539779e-03,6.350879779e-03
2.644600000e+01,train,2.595283000e-01,2.504269685e-01,-9.101331465e-03,-3.508812000e-03,2.761107480e-03,6.269919480e-03
2.645100000e+01,train,2.589355000e-01,2.498880591e-01,-9.047440944e-03,-3.496263000e-03,2.692500320e-03,6.188763320e-03
2.645600000e+01,test,2.583413000e-01,2.493475384e-01,-8.993761620e-03,-3.483695000e-03,2.624257838e-03,6.107952838e-03
2.646100000e+01,train,2.577455000e-01,2.488055659e-01,-8.939934134e-03,-3.471106000e-03,2.555809139e-03,6.026915139e-03
2.646600000e+01,train,2.571483000e-01,2.482620084e-01,-8.886291617e-03,-3.458498000e-03,2.487540258e-03,5.946038258e-03
2.647100000e+01,train,2.565495000e-01,2.477170567e-01,-8.832443285e-03,-3.445870000e-03,2.419141046e-03,5.865011046e-03
2.647600000e+01,train,2.559493000e-01,2.471704324e-01,-8.778867632e-03,-3.433222000e-03,2.351051313e-03,5.784273313e-03
2.648100000e+01,test,2.553476000e-01,2.466224214e-01,-8.725178623e-03,-3.420555000e-03,2.282818151e-03,5.703373151e-03
2.648600000e+01,train,2.547444000e-01,2.460728293e-01,-8.671570746e-03,-3.407868000e-03,2.214747007e-03,5.622615007e-03
2.649100000e+01,train,2.541397000e-01,2.455217513e-01,-8.617948745e-03,-3.395162000e-03,2.146695414e-03,5.541857414e-03
2.649600000e+01,train,2.535335000e-01,2.449690924e-01,-8.564407564e-03,-3.382437000e-03,2.078805045e-03,5.461242045e-03
2.650100000e+01,train,2.529259000e-01,2.444150542e-01,-8.510845792e-03,-3.369692000e-03,2.010760108e-03,5.380452108e-03
2.650600000e+01,train,2.523168000e-01,2.438594082e-01,-8.457391802e-03,-3.356928000e-03,1.943089359e-03,5.300017359e-03
2.651100000e+01,train,2.517062000e-01,2.433023105e-01,-8.403889485e-03,-3.344145000e-03,1.875214646e-03,5.219359646e-03
2.651600000e+01,validation,2.510942000e-01,2.427436969e-01,-8.350503090e-03,-3.331342000e-03,1.807565273e-03,5.138907273e-03
2.652100000e+01,train,2.504807000e-01,2.421837041e-01,-8.296995941e-03,-3.318521000e-03,1.739761796e-03,5.058282796e-03
2.652600000e+01,train,2.498657000e-01,2.416221074e-01,-8.243592579e-03,-3.305681000e-03,1.672314006e-03,4.977995006e-03
2.653100000e+01,train,2.492493000e-01,2.410590625e-01,-8.190237478e-03,-3.292822000e-03,1.604670098e-03,4.897492098e-03
2.653600000e+01,train,2.486314000e-01,2.404945781e-01,-8.136821880e-03,-3.279944000e-03,1.537282275e-03,4.817226275e-03
2.654100000e+01,test,2.480121000e-01,2.399285502e-01,-8.083549792e-03,-3.267047000e-03,1.469841693e-03,4.736888693e-03
2.654600000e+01,validation,2.473914000e-01,2.393611017e-01,-8.030298347e-03,-3.254132000e-03,1.402485397e-03,4.656617397e-03
2.655100000e+01,train,2.467692000e-01,2.387921559e-01,-7.977044055e-03,-3.241198000e-03,1.335310824e-03,4.576508824e-03
2.655600000e+01,train,2.461456000e-01,2.382217318e-01,-7.923868215e-03,-3.228246000e-03,1.268146595e-03,4.496392595e-03
2.656100000e+01,train,2.455205000e-01,2.376499396e-01,-7.870560388e-03,-3.215276000e-03,1.200798644e-03,4.416074644e-03
2.656600000e+01,train,2.448941000e-01,2.370766277e-01,-7.817472261e-03,-3.202287000e-03,1.133697857e-03,4.335984857e-03
2.657100000e+01,train,2.442662000e-01,2.365018261e-01,-7.764373887e-03,-3.189279000e-03,1.066766956e-03,4.256045956e-03
2.657600000e+01,test,2.436369000e-01,2.359255088e-01,-7.711391231e-03,-3.176254000e-03,1.000064143e-03,4.176318143e-03
2.658100000e+01,test,2.430061000e-01,2.353479144e-01,-7.658185587e-03,-3.163211000e-03,9.330570101e-04,4.096268010e-03
2.658600000e+01,train,2.423740000e-01,2.347687281e-01,-7.605271867e-03,-3.150149000e-03,8.663743314e-04,4.016523331e-03
2.659100000e+01,train,2.417404000e-01,2.341881658e-01,-7.552234225e-03,-3.137070000e-03,7.995496580e-04,3.936619658e-03
2.659600000e+01,train,2.411055000e-01,2.336061643e-01,-7.499335717e-03,-3.123972000e-03,7.329830701e-04,3.856955070e-03
2.660100000e+01,train,2.404691000e-01,2.330227907e-01,-7.446309307e-03,-3.110857000e-03,6.662554200e-04,3.777112420e-03
2.660600000e+01,train,2.398313000e-01,2.324379202e-01,-7.393379846e-03,-3.097724000e-03,5.997119732e-04,3.697435973e-03
2.661100000e+01,train,2.391922000e-01,2.318516138e-01,-7.340586234e-03,-3.084574000e-03,5.334347982e-04,3.618008798e-03
2.661600000e+01,train,2.385516000e-01,2.312638364e-01,-7.287763623e-03,-3.071406000e-03,4.671584954e-04,3.538564495e-03
2.662100000e+01,train,2.379097000e-01,2.306747602e-01,-7.234939794e-03,-3.058220000e-03,4.007437682e-04,3.458963768e-03
2.662600000e+01,train,2.372664000e-01,2.300841790e-01,-7.182220967e-03,-3.045017000e-03,3.345543735e-04,3.379571373e-03
2.663100000e+01,train,2.366217000e-01,2.294922034e-01,-7.129496559e-03,-3.031797000e-03,2.683955345e-04,3.300192534e-03
2.663600000e+01,validation,2.359756000e-01,2.288987998e-01,-7.076800194e-03,-3.018559000e-03,2.024657732e-04,3.221024773e-03
2.664100000e+01,train,2.353282000e-01,2.283040205e-01,-7.024179528e-03,-3.005305000e-03,1.363955668e-04,3.141700567e-03
2.664600000e+01,train,2.346794000e-01,2.277078165e-01,-6.971583462e-03,-2.992033000e-03,7.056166326e-05,3.062594663e-03
2.665100000e+01,train,2.340292000e-01,2.271102108e-01,-6.918989173e-03,-2.978744000e-03,4.772450130e-06,2.983516450e-03
2.665600000e+01,train,2.333776000e-01,2.265112107e-01,-6.866389267e-03,-2.965438000e-03,-6.098477024e-05,2.904453230e-03
2.666100000e+01,train,2.327248000e-01,2.259107861e-01,-6.814013936e-03,-2.952115000e-03,-1.265048429e-04,2.825610157e-03
2.666600000e+01,train,2.320705000e-01,2.253089596e-01,-6.761540358e-03,-2.938775000e-03,-1.919793616e-04,2.746795638e-03
2.667100000e+01,train,2.314149000e-01,2.247058352e-01,-6.709064833e-03,-2.925419000e-03,-2.575690302e-04,2.667849970e-03
2.667600000e+01,train,2.307580000e-01,2.241012867e-01,-6.656713312e-03,-2.912046000e-03,-3.229233517e-04,2.589122648e-03
2.668100000e+01,train,2.300997000e-01,2.234953429e-01,-6.604357073e-03,-2.898657000e-03,-3.882396294e-04,2.510417371e-03
2.668600000e+01,train,2.294401000e-01,2.228880036e-01,-6.552096351e-03,-2.885250000e-03,-4.535162881e-04,2.431733712e-03
2.669100000e+01,train,2.287791000e-01,2.222793085e-01,-6.499791523e-03,-2.871828000e-03,-5.185097495e-04,2.353318250e-03
2.669600000e+01,train,2.281169000e-01,2.216693469e-01,-6.447553076e-03,-2.858389000e-03,-5.838289335e-04,2.274560067e-03
2.670100000e+01,validation,2.274532000e-01,2.210578383e-01,-6.395361744e-03,-2.844934000e-03,-6.485512622e-04,2.196382738e-03
2.670600000e+01,train,2.267883000e-01,2.204451251e-01,-6.343174894e-03,-2.831463000e-03,-7.135446523e-04,2.117918348e-03
2.671100000e+01,train,2.261221000e-01,2.198309933e-01,-6.291106718e-03,-2.817975000e-03,-7.783032021e-04,2.039671798e-03
2.671600000e+01,train,2.254545000e-01,2.192154739e-01,-6.239026068e-03,-2.804472000e-03,-8.430360445e-04,1.961435955e-03
2.672100000e+01,validation,2.247856000e-01,2.185986280e-01,-6.186971994e-03,-2.790952000e-03,-9.076842193e-04,1.883267781e-03
2.672600000e+01,train,2.241155000e-01,2.179804549e-01,-6.135045123e-03,-2.777417000e-03,-9.722442010e-04,1.805172799e-03
2.673100000e+01,validation,2.234440000e-01,2.173608642e-01,-6.083135792e-03,-2.763866000e-03,-1.036573503e-03,1.727292497e-03
2.673600000e+01,validation,2.227712000e-01,2.167400525e-01,-6.031147489e-03,-2.750299000e-03,-1.100987454e-03,1.649311546e-03
2.674100000e+01,train,2.220971000e-01,2.161178229e-01,-5.979277097e-03,-2.736717000e-03,-1.165168200e-03,1.571548800e-03
2.674600000e+01,validation,2.214218000e-01,2.154942966e-01,-5.927503424e-03,-2.723119000e-03,-1.229465681e-03,1.493653319e-03
2.675100000e+01,train,2.207451000e-01,2.148694204e-01,-5.875679557e-03,-2.709505000e-03,-1.293482467e-03,1.416022533e-03
2.675600000e+01,train,2.200672000e-01,2.142432250e-01,-5.823975042e-03,-2.695876000e-03,-1.357424332e-03,1.338451668e-03
2.676100000e+01,validation,2.193880000e-01,2.136157096e-01,-5.772290414e-03,-2.682232000e-03,-1.421288348e-03,1.260943652e-03
2.676600000e+01,validation,2.187075000e-01,2.129868750e-01,-5.720624965e-03,-2.668572000e-03,-1.485077561e-03,1.183494439e-03
2.677100000e+01,validation,2.180257000e-01,2.123567280e-01,-5.668971988e-03,-2.654897000e-03,-1.548801353e-03,1.106095647e-03
2.677600000e+01,train,2.173427000e-01,2.117252537e-01,-5.617446342e-03,-2.641208000e-03,-1.612432851e-03,1.028775149e-03
2.678100000e+01,train,2.166584000e-01,2.110924368e-01,-5.565963185e-03,-2.627503000e-03,-1.675794316e-03,9.517086840e-04
2.678600000e+01,train,2.159729000e-01,2.104583995e-01,-5.514500487e-03,-2.613783000e-03,-1.739239677e-03,8.745433235e-04
2.679100000e+01,test,2.152861000e-01,2.098229431e-01,-5.463156905e-03,-2.600048000e-03,-1.802442426e-03,7.976055735e-04
2.679600000e+01,train,2.145980000e-01,2.091863720e-01,-5.411627996e-03,-2.586299000e-03,-1.865899963e-03,7.203990367e-04
2.680100000e+01,train,2.139087000e-01,2.085483597e-01,-5.360340286e-03,-2.572534000e-03,-1.928925934e-03,6.436080665e-04
2.680600000e+01,test,2.132182000e-01,2.079090960e-01,-5.309103960e-03,-2.558756000e-03,-1.991826048e-03,5.669299520e-04
2.681100000e+01,test,2.125264000e-01,2.072685124e-01,-5.257887631e-03,-2.544962000e-03,-2.054644222e-03,4.903177777e-04
2.681600000e+01,train,2.118333000e-01,2.066267222e-01,-5.206577838e-03,-2.531154000e-03,-2.117565989e-03,4.135880113e-04
2.682100000e+01,train,2.111391000e-01,2.059836810e-01,-5.155418993e-03,-2.517332000e-03,-2.180363039e-03,3.369689607e-04
2.682600000e+01,test,2.104436000e-01,2.053392896e-01,-5.104310389e-03,-2.503496000e-03,-2.242872022e-03,2.606239776e-04
2.683100000e+01,train,2.097469000e-01,2.046935925e-01,-5.053307487e-03,-2.489645000e-03,-2.305321286e-03,1.843237143e-04
2.683600000e+01,train,2.090490000e-01,2.040467507e-01,-5.002249282e-03,-2.475780000e-03,-2.367818524e-03,1.079614762e-04
2.684100000e+01,validation,2.083499000e-01,2.033985656e-01,-4.951334423e-03,-2.461901000e-03,-2.430037223e-03,3.186377716e-05
2.684600000e+01,train,2.076495000e-01,2.027491592e-01,-4.900340791e-03,-2.448008000e-03,-2.492331854e-03,-4.432385411e-05
2.685100000e+01,validation,2.069480000e-01,2.020983869e-01,-4.849613122e-03,-2.434101000e-03,-2.554156421e-03,-1.200554213e-04
2.685600000e+01,test,2.062452000e-01,2.014464996e-01,-4.798700444e-03,-2.420180000e-03,-2.616229883e-03,-1.960498828e-04
2.686100000e+01,train,2.055413000e-01,2.007932763e-01,-4.748023657e-03,-2.406245000e-03,-2.678036703e-03,-2.717917029e-04
2.686600000e+01,test,2.048361000e-01,2.001389006e-01,-4.697199407e-03,-2.392297000e-03,-2.739874233e-03,-3.475772334e-04
2.687100000e+01,train,2.041298000e-01,1.994831890e-01,-4.646611016e-03,-2.378335000e-03,-2.801444578e-03,-4.231095782e-04
2.687600000e+01,train,2.034222000e-01,1.988263394e-01,-4.595860592e-03,-2.364360000e-03,-2.863069799e-03,-4.987097987e-04
2.688100000e+01,train,2.027135000e-01,1.981681462e-01,-4.545353775e-03,-2.350371000e-03,-2.924412326e-03,-5.740413262e-04
2.688600000e+01,train,2.020037000e-01,1.975088076e-01,-4.494892432e-03,-2.336369000e-03,-2.985795513e-03,-6.494265129e-04
2.689100000e+01,train,2.012926000e-01,1.968482318e-01,-4.444368212e-03,-2.322353000e-03,-3.047070271e-03,-7.247172710e-04
2.689600000e+01,train,2.005804000e-01,1.961864881e-01,-4.393911931e-03,-2.308324000e-03,-3.108194910e-03,-7.998709100e-04
2.690100000e+01,train,1.998670000e-01,1.955234006e-01,-4.343599430e-03,-2.294283000e-03,-3.169034485e-03,-8.747514846e-04
2.690600000e+01,train,1.991524000e-01,1.948591823e-01,-4.293217700e-03,-2.280228000e-03,-3.229938962e-03,-9.497109617e-04
2.691100000e+01,train,1.984367000e-01,1.941937190e-01,-4.242981049e-03,-2.266160000e-03,-3.290717679e-03,-1.024557679e-03
2.691600000e+01,validation,1.977198000e-01,1.935270877e-01,-4.192712266e-03,-2.252079000e-03,-3.351345222e-03,-1.099266222e-03
2.692100000e+01,train,1.970018000e-01,1.928592190e-01,-4.142581038e-03,-2.237986000e-03,-3.411860079e-03,-1.173874079e-03
2.692600000e+01,test,1.962827000e-01,1.921902044e-01,-4.092495633e-03,-2.223879000e-03,-3.472410864e-03,-1.248531864e-03
2.693100000e+01,test,1.955624000e-01,1.915199366e-01,-4.042463389e-03,-2.209760000e-03,-3.532668575e-03,-1.322908575e-03
2.693600000e+01,validation,1.948409000e-01,1.908484934e-01,-3.992406574e-03,-2.195629000e-03,-3.592759780e-03,-1.397130780e-03
2.694100000e+01,train,1.941184000e-01,1.901759114e-01,-3.942488577e-03,-2.181485000e-03,-3.652897085e-03,-1.471412085e-03
2.694600000e+01,train,1.933947000e-01,1.895020993e-01,-3.892600745e-03,-2.167329000e-03,-3.712932738e-03,-1.545603738e-03
2.695100000e+01,train,1.926698000e-01,1.888270811e-01,-3.842718858e-03,-2.153160000e-03,-3.772594605e-03,-1.619434605e-03
2.695600000e+01,train,1.919439000e-01,1.881509388e-01,-3.792961190e-03,-2.138979000e-03,-3.832326481e-03,-1.693347481e-03
2.696100000e+01,train,1.912168000e-01,1.874736201e-01,-3.743179930e-03,-2.124786000e-03,-3.891885262e-03,-1.767099262e-03
2.696600000e+01,train,1.904887000e-01,1.867951703e-01,-3.693529705e-03,-2.110581000e-03,-3.951503157e-03,-1.840922157e-03
2.697100000e+01,train,1.897594000e-01,1.861155287e-01,-3.643871342e-03,-2.096363000e-03,-4.010768318e-03,-1.914405318e-03
2.697600000e+01,train,1.890290000e-01,1.854347485e-01,-3.594251512e-03,-2.082134000e-03,-4.070078391e-03,-1.987944391e-03
2.698100000e+01,test,1.882975000e-01,1.847528065e-01,-3.544693469e-03,-2.067893000e-03,-4.129239035e-03,-2.061346035e-03
2.698600000e+01,train,1.875650000e-01,1.840697027e-01,-3.495297339e-03,-2.053641000e-03,-4.188249317e-03,-2.134608317e-03
2.699100000e+01,test,1.868313000e-01,1.833854300e-01,-3.445869957e-03,-2.039376000e-03,-4.247098619e-03,-2.207722619e-03
2.699600000e+01,train,1.860966000e-01,1.826999957e-01,-3.396604299e-03,-2.025100000e-03,-4.305797715e-03,-2.280697715e-03
2.700100000e+01,train,1.853607000e-01,1.820134986e-01,-3.347201441e-03,-2.010813000e-03,-4.364507518e-03,-2.353694518e-03
2.700600000e+01,train,1.846238000e-01,1.813258093e-01,-3.297990685e-03,-1.996514000e-03,-4.422860856e-03,-2.426346856e-03
2.701100000e+01,test,1.838859000e-01,1.806370873e-01,-3.248812655e-03,-1.982203000e-03,-4.481428170e-03,-2.499225170e-03
2.701600000e+01,train,1.831468000e-01,1.799470743e-01,-3.199725732e-03,-1.967882000e-03,-4.539476665e-03,-2.571594665e-03
2.702100000e+01,train,1.824067000e-01,1.792560977e-01,-3.150602329e-03,-1.953549000e-03,-4.597697370e-03,-2.644148370e-03
2.702600000e+01,train,1.816655000e-01,1.785639586e-01,-3.101541444e-03,-1.939205000e-03,-4.655761723e-03,-2.716556723e-03
2.703100000e+01,validation,1.809233000e-01,1.778706274e-01,-3.052672550e-03,-1.924850000e-03,-4.713468357e-03,-2.788618357e-03
2.703600000e+01,train,1.801800000e-01,1.771762335e-01,-3.003766548e-03,-1.910484000e-03,-4.771182620e-03,-2.860698620e-03
2.704100000e+01,test,1.794357000e-01,1.764807836e-01,-2.954916408e-03,-1.896107000e-03,-4.828915293e-03,-2.932808293e-03
2.704600000e+01,train,1.786903000e-01,1.757841413e-01,-2.906158726e-03,-1.881720000e-03,-4.886286857e-03,-3.004566857e-03
2.705100000e+01,train,1.779439000e-01,1.750865426e-01,-2.857357427e-03,-1.867322000e-03,-4.943840146e-03,-3.076518146e-03
2.705600000e+01,train,1.771965000e-01,1.743877512e-01,-2.808748781e-03,-1.852913000e-03,-5.001030538e-03,-3.148117538e-03
2.706100000e+01,train,1.764480000e-01,1.736878665e-01,-2.760133476e-03,-1.838493000e-03,-5.058020942e-03,-3.219527942e-03
2.706600000e+01,train,1.756985000e-01,1.729869257e-01,-2.711574307e-03,-1.824063000e-03,-5.115026528e-03,-3.290963528e-03
2.707100000e+01,validation,1.749480000e-01,1.722847928e-01,-2.663207187e-03,-1.809623000e-03,-5.171671111e-03,-3.362048111e-03
2.707600000e+01,test,1.741965000e-01,1.715817096e-01,-2.614790393e-03,-1.795172000e-03,-5.228501924e-03,-3.433329924e-03
2.708100000e+01,train,1.734439000e-01,1.708775034e-01,-2.566396584e-03,-1.780712000e-03,-5.284929420e-03,-3.504217420e-03
2.708600000e+01,validation,1.726904000e-01,1.701723324e-01,-2.518067556e-03,-1.766241000e-03,-5.341517989e-03,-3.575276989e-03
2.709100000e+01,train,1.719358000e-01,1.694659836e-01,-2.469816366e-03,-1.751760000e-03,-5.397767271e-03,-3.646007271e-03
2.709600000e+01,validation,1.711803000e-01,1.687586401e-01,-2.421659936e-03,-1.737269000e-03,-5.453973455e-03,-3.716704455e-03
2.710100000e+01,train,1.704237000e-01,1.680501115e-01,-2.373588544e-03,-1.722768000e-03,-5.509827531e-03,-3.787059531e-03
2.710600000e+01,validation,1.696662000e-01,1.673406942e-01,-2.325505813e-03,-1.708257000e-03,-5.565810936e-03,-3.857553936e-03
2.711100000e+01,validation,1.689076000e-01,1.666300989e-01,-2.277501060e-03,-1.693737000e-03,-5.621452785e-03,-3.927715785e-03
2.711600000e+01,validation,1.681481000e-01,1.659185090e-01,-2.229590970e-03,-1.679207000e-03,-5.677050569e-03,-3.997843569e-03
2.712100000e+01,validation,1.673876000e-01,1.652059313e-01,-2.181668652e-03,-1.664667000e-03,-5.732614416e-03,-4.067947416e-03
2.712600000e+01,train,1.666262000e-01,1.644922746e-01,-2.133925437e-03,-1.650118000e-03,-5.787996556e-03,-4.137878556e-03
2.713100000e+01,train,1.658638000e-01,1.637775926e-01,-2.086207366e-03,-1.635559000e-03,-5.843127651e-03,-4.207568651e-03
2.713600000e+01,train,1.651004000e-01,1.630618320e-01,-2.038567958e-03,-1.620992000e-03,-5.898078530e-03,-4.277086530e-03
2.714100000e+01,validation,1.643360000e-01,1.623450830e-01,-1.990916994e-03,-1.606415000e-03,-5.952990584e-03,-4.346575584e-03
2.714600000e+01,train,1.635707000e-01,1.616273539e-01,-1.943346133e-03,-1.591828000e-03,-6.007881180e-03,-4.416053180e-03
2.715100000e+01,train,1.628044000e-01,1.609086074e-01,-1.895792627e-03,-1.577233000e-03,-6.062534148e-03,-4.485301148e-03
2.715600000e+01,validation,1.620372000e-01,1.601888425e-01,-1.848357510e-03,-1.562629000e-03,-6.116943993e-03,-4.554314993e-03
2.716100000e+01,train,1.612691000e-01,1.594680282e-01,-1.801071816e-03,-1.548016000e-03,-6.171371404e-03,-4.623355404e-03
2.716600000e+01,train,1.605000000e-01,1.587462725e-01,-1.753727516e-03,-1.533394000e-03,-6.225529179e-03,-4.692135179e-03
2.717100000e+01,train,1.597300000e-01,1.580234301e-01,-1.706569864e-03,-1.518763000e-03,-6.279488126e-03,-4.760725126e-03
2.717600000e+01,train,1.589591000e-01,1.572996982e-01,-1.659401817e-03,-1.504123000e-03,-6.333566512e-03,-4.829443512e-03
2.718100000e+01,train,1.581872000e-01,1.565749259e-01,-1.612274120e-03,-1.489475000e-03,-6.387212710e-03,-4.897737710e-03
2.718600000e+01,train,1.574144000e-01,1.558491805e-01,-1.565219542e-03,-1.474819000e-03,-6.440845316e-03,-4.966026316e-03
2.719100000e+01,train,1.566407000e-01,1.551224391e-01,-1.518260923e-03,-1.460154000e-03,-6.494421757e-03,-5.034267757e-03
2.719600000e+01,train,1.558661000e-01,1.543946646e-01,-1.471435412e-03,-1.445481000e-03,-6.547577054e-03,-5.102096054e-03
2.720100000e+01,test,1.550906000e-01,1.536660006e-01,-1.424599371e-03,-1.430799000e-03,-6.600850630e-03,-5.170051630e-03
2.720600000e+01,train,1.543142000e-01,1.529363336e-01,-1.377866359e-03,-1.416110000e-03,-6.653906145e-03,-5.237796145e-03
2.721100000e+01,validation,1.535368000e-01,1.522057170e-01,-1.331083049e-03,-1.401412000e-03,-6.706671147e-03,-5.305259147e-03
2.721600000e+01,train,1.527586000e-01,1.514741194e-01,-1.284480616e-03,-1.386706000e-03,-6.759405514e-03,-5.372699514e-03
2.722100000e+01,train,1.519795000e-01,1.507416170e-01,-1.237883007e-03,-1.371993000e-03,-6.812078449e-03,-5.440085449e-03
2.722600000e+01,train,1.511996000e-01,1.500080964e-01,-1.191503639e-03,-1.357271000e-03,-6.864503774e-03,-5.507232774e-03
2.723100000e+01,train,1.504187000e-01,1.492737400e-01,-1.144960026e-03,-1.342542000e-03,-6.916825643e-03,-5.574283643e-03
2.723600000e+01,train,1.496370000e-01,1.485383035e-01,-1.098696450e-03,-1.327805000e-03,-6.968952745e-03,-5.641147745e-03
2.724100000e+01,train,1.488544000e-01,1.478020239e-01,-1.052376113e-03,-1.313060000e-03,-7.020962283e-03,-5.707902283e-03
2.724600000e+01,train,1.480709000e-01,1.470647329e-01,-1.006167128e-03,-1.298308000e-03,-7.072733067e-03,-5.774425067e-03
2.725100000e+01,test,1.472866000e-01,1.463266359e-01,-9.599641455e-04,-1.283549000e-03,-7.124601037e-03,-5.841052037e-03
2.725600000e+01,test,1.465014000e-01,1.455874904e-01,-9.139096325e-04,-1.268782000e-03,-7.176014641e-03,-5.907232641e-03
2.726100000e+01,train,1.457153000e-01,1.448474474e-01,-8.678525519e-04,-1.254008000e-03,-7.227376762e-03,-5.973368762e-03
2.726600000e+01,train,1.449285000e-01,1.441065534e-01,-8.219465903e-04,-1.239227000e-03,-7.278603990e-03,-6.039376990e-03
2.727100000e+01,train,1.441407000e-01,1.433646627e-01,-7.760373130e-04,-1.224439000e-03,-7.329616054e-03,-6.105177054e-03
2.727600000e+01,validation,1.433522000e-01,1.426219214e-01,-7.302785679e-04,-1.209644000e-03,-7.380495438e-03,-6.170851438e-03
2.728100000e+01,train,1.425628000e-01,1.418782821e-01,-6.845179036e-04,-1.194841000e-03,-7.431318537e-03,-6.236477537e-03
2.728600000e+01,train,1.417726000e-01,1.411337304e-01,-6.388696025e-04,-1.180032000e-03,-7.482061708e-03,-6.302029708e-03
2.729100000e+01,train,1.409815000e-01,1.403882058e-01,-5.932941584e-04,-1.165216000e-03,-7.532315314e-03,-6.367099314e-03
2.729600000e+01,train,1.401896000e-01,1.396418752e-01,-5.477248313e-04,-1.150394000e-03,-7.582662203e-03,-6.432268203e-03
2.730100000e+01,train,1.393970000e-01,1.388947081e-01,-5.022918529e-04,-1.135565000e-03,-7.632897460e-03,-6.497332460e-03
2.730600000e+01,train,1.386035000e-01,1.381465065e-01,-4.569935259e-04,-1.120729000e-03,-7.682695701e-03,-6.561966701e-03
2.731100000e+01,validation,1.378092000e-01,1.373975679e-01,-4.116320740e-04,-1.105887000e-03,-7.732545799e-03,-6.626658799e-03
2.731600000e+01,train,1.370141000e-01,1.366477163e-01,-3.663836695e-04,-1.091039000e-03,-7.782310116e-03,-6.691271116e-03
2.732100000e+01,validation,1.362182000e-01,1.358969066e-01,-3.212934106e-04,-1.076185000e-03,-7.831608369e-03,-6.755423369e-03
2.732600000e+01,train,1.354215000e-01,1.351453819e-01,-2.761180854e-04,-1.061324000e-03,-7.881144279e-03,-6.819820279e-03
2.733100000e+01,train,1.346240000e-01,1.343928917e-01,-2.311083453e-04,-1.046457000e-03,-7.930200079e-03,-6.883743079e-03
2.733600000e+01,train,1.338257000e-01,1.336395950e-01,-1.861049956e-04,-1.031584000e-03,-7.979344839e-03,-6.947760839e-03
2.734100000e+01,train,1.330267000e-01,1.328854315e-01,-1.412685258e-04,-1.016705000e-03,-8.028169060e-03,-7.011464060e-03
2.734600000e+01,test,1.322269000e-01,1.321304385e-01,-9.646148456e-05,-1.001821000e-03,-8.076888902e-03,-7.075067902e-03
2.735100000e+01,train,1.314263000e-01,1.313745028e-01,-5.179717761e-05,-9.869303000e-04,-8.125318801e-03,-7.138388501e-03
2.735600000e+01,test,1.306250000e-01,1.306178065e-01,-7.193471291e-06,-9.720343000e-04,-8.173601235e-03,-7.201566935e-03
2.736100000e+01,train,1.298229000e-01,1.298602732e-01,3.737322343e-05,-9.571327000e-04,-8.221764353e-03,-7.264631653e-03
2.736600000e+01,train,1.290200000e-01,1.291019032e-01,8.190321931e-05,-9.422255000e-04,-8.269809277e-03,-7.327583777e-03
2.737100000e+01,train,1.282164000e-01,1.283427654e-01,1.263654144e-04,-9.273130000e-04,-8.317693793e-03,-7.390380793e-03
2.737600000e+01,train,1.274120000e-01,1.275827980e-01,1.707979955e-04,-9.123951000e-04,-8.365470771e-03,-7.453075671e-03
2.738100000e+01,validation,1.266069000e-01,1.268219935e-01,2.150934545e-04,-8.974720000e-04,-8.413126329e-03,-7.515654329e-03
2.738600000e+01,test,1.258011000e-01,1.260603294e-01,2.592293519e-04,-8.825436000e-04,-8.460470670e-03,-7.577927070e-03
2.739100000e+01,train,1.249945000e-01,1.252978972e-01,3.033971990e-04,-8.676102000e-04,-8.507651882e-03,-7.640041682e-03
2.739600000e+01,train,1.241873000e-01,1.245345978e-01,3.472977670e-04,-8.526718000e-04,-8.554506528e-03,-7.701834728e-03
2.740100000e+01,train,1.233792000e-01,1.237705678e-01,3.913677700e-04,-8.377285000e-04,-8.601413949e-03,-7.763685449e-03
2.740600000e+01,test,1.225705000e-01,1.230057694e-01,4.352694408e-04,-8.227804000e-04,-8.648155718e-03,-7.825375318e-03
2.741100000e+01,train,1.217611000e-01,1.222401414e-01,4.790413529e-04,-8.078275000e-04,-8.694786612e-03,-7.886959112e-03
2.741600000e+01,validation,1.209509000e-01,1.214737224e-01,5.228223906e-04,-7.928699000e-04,-8.741061265e-03,-7.948191365e-03
2.742100000e+01,validation,1.201401000e-01,1.207065650e-01,5.664649694e-04,-7.779077000e-04,-8.787371635e-03,-8.009463935e-03
2.742600000e+01,train,1.193285000e-01,1.199386169e-01,6.101168817e-04,-7.629411000e-04,-8.833326079e-03,-8.070384979e-03
2.743100000e+01,validation,1.185163000e-01,1.191698387e-01,6.535386533e-04,-7.479700000e-04,-8.879166260e-03,-8.131196260e-03
2.743600000e+01,test,1.177033000e-01,1.184003605e-01,6.970605367e-04,-7.329946000e-04,-8.924794512e-03,-8.191799912e-03
2.744100000e+01,train,1.168897000e-01,1.176301519e-01,7.404518850e-04,-7.180149000e-04,-8.970472716e-03,-8.252457816e-03
2.744600000e+01,train,1.160754000e-01,1.168590529e-01,7.836529283e-04,-7.030311000e-04,-9.015628395e-03,-8.312597295e-03
2.745100000e+01,validation,1.152605000e-01,1.160872916e-01,8.267916053e-04,-6.880432000e-04,-9.060787838e-03,-8.372744638e-03
2.745600000e+01,validation,1.144448000e-01,1.153147695e-01,8.699694575e-04,-6.730513000e-04,-9.105791528e-03,-8.432740228e-03
2.746100000e+01,train,1.136285000e-01,1.145415846e-01,9.130846308e-04,-6.580555000e-04,-9.150796656e-03,-8.492741156e-03
2.746600000e+01,train,1.128115000e-01,1.137675096e-01,9.560096436e-04,-6.430558000e-04,-9.195278573e-03,-8.552222773e-03
2.747100000e+01,train,1.119939000e-01,1.129927650e-01,9.988650263e-04,-6.280525000e-04,-9.239750531e-03,-8.611698031e-03
2.747600000e+01,test,1.111756000e-01,1.122173654e-01,1.041765379e-03,-6.130454000e-04,-9.284237080e-03,-8.671191680e-03
2.748100000e+01,validation,1.103567000e-01,1.114411743e-01,1.084474310e-03,-5.980348000e-04,-9.328359914e-03,-8.730325114e-03
2.748600000e+01,validation,1.095371000e-01,1.106641917e-01,1.127091718e-03,-5.830207000e-04,-9.372118212e-03,-8.789097512e-03
2.749100000e+01,train,1.087169000e-01,1.098865463e-01,1.169646280e-03,-5.680032000e-04,-9.415874944e-03,-8.847871744e-03
2.749600000e+01,train,1.078961000e-01,1.091082387e-01,1.212138688e-03,-5.529823000e-04,-9.459633216e-03,-8.906650916e-03
2.750100000e+01,train,1.070746000e-01,1.083291397e-01,1.254539683e-03,-5.379582000e-04,-9.503026445e-03,-8.965068245e-03
2.750600000e+01,train,1.062525000e-01,1.075494540e-01,1.296953962e-03,-5.229310000e-04,-9.546387519e-03,-9.023456519e-03
2.751100000e+01,train,1.054298000e-01,1.067689698e-01,1.339169770e-03,-5.079007000e-04,-9.589371528e-03,-9.081470828e-03
2.751600000e+01,train,1.046065000e-01,1.059878073e-01,1.381307333e-03,-4.928674000e-04,-9.632174105e-03,-9.139306705e-03
2.752100000e+01,train,1.037826000e-01,1.052059745e-01,1.423374481e-03,-4.778312000e-04,-9.674959108e-03,-9.197127908e-03
2.752600000e+01,train,1.029580000e-01,1.044234566e-01,1.465456571e-03,-4.627922000e-04,-9.717551955e-03,-9.254759755e-03
2.753100000e+01,train,1.021329000e-01,1.036402155e-01,1.507315460e-03,-4.477504000e-04,-9.759732466e-03,-9.311982066e-03
2.753600000e+01,train,1.013072000e-01,1.028563120e-01,1.549111968e-03,-4.327060000e-04,-9.801910554e-03,-9.369204554e-03
2.754100000e+01,train,1.004809000e-01,1.020718216e-01,1.590921636e-03,-4.176591000e-04,-9.844053409e-03,-9.426394309e-03
2.754600000e+01,train,9.965398000e-02,1.012865170e-01,1.632536998e-03,-4.026096000e-04,-9.885636477e-03,-9.483026877e-03
2.755100000e+01,validation,9.882650000e-02,1.005006483e-01,1.674148334e-03,-3.875578000e-04,-9.927374680e-03,-9.539816880e-03
2.755600000e+01,test,9.799845000e-02,9.971416153e-02,1.715711527e-03,-3.725036000e-04,-9.968901740e-03,-9.596398140e-03
2.756100000e+01,train,9.716982000e-02,9.892698578e-02,1.757165779e-03,-3.574472000e-04,-1.001020935e-02,-9.652762145e-03
2.756600000e+01,train,9.634063000e-02,9.813911251e-02,1.798482507e-03,-3.423887000e-04,-1.005123841e-02,-9.708849705e-03
2.757100000e+01,train,9.551088000e-02,9.735063621e-02,1.839756209e-03,-3.273281000e-04,-1.009215739e-02,-9.764829291e-03
2.757600000e+01,validation,9.468058000e-02,9.656146222e-02,1.880882218e-03,-3.122656000e-04,-1.013279622e-02,-9.820530618e-03
2.758100000e+01,train,9.384972000e-02,9.577178076e-02,1.922060762e-03,-2.972011000e-04,-1.017346375e-02,-9.876262653e-03
2.758600000e+01,train,9.301832000e-02,9.498129931e-02,1.962979307e-03,-2.821348000e-04,-1.021366656e-02,-9.931531763e-03
2.759100000e+01,test,9.218637000e-02,9.419031514e-02,2.003945140e-03,-2.670669000e-04,-1.025389182e-02,-9.986824924e-03
2.759600000e+01,train,9.135389000e-02,9.339872616e-02,2.044836160e-03,-2.519972000e-04,-1.029395644e-02,-1.004195924e-02
2.760100000e+01,train,9.052088000e-02,9.260642537e-02,2.085545374e-03,-2.369261000e-04,-1.033368195e-02,-1.009675585e-02
2.760600000e+01,train,8.968734000e-02,9.181361285e-02,2.126272852e-03,-2.218534000e-04,-1.037336795e-02,-1.015151455e-02
2.761100000e+01,test,8.885327000e-02,9.102010355e-02,2.166833552e-03,-2.067794000e-04,-1.041274127e-02,-1.020596187e-02
2.761600000e+01,train,8.801869000e-02,9.022606740e-02,2.207377396e-03,-1.917040000e-04,-1.045204677e-02,-1.026034277e-02
2.762100000e+01,test,8.718360000e-02,8.943132540e-02,2.247725404e-03,-1.766275000e-04,-1.049097778e-02,-1.031435028e-02
2.762600000e+01,validation,8.634800000e-02,8.863607120e-02,2.288071203e-03,-1.615498000e-04,-1.052986543e-02,-1.036831563e-02
2.763100000e+01,train,8.551190000e-02,8.784020283e-02,2.328302834e-03,-1.464711000e-04,-1.056852730e-02,-1.042205620e-02
2.763600000e+01,test,8.467530000e-02,8.704380541e-02,2.368505408e-03,-1.313914000e-04,-1.060706903e-02,-1.047567763e-02
2.764100000e+01,train,8.383821000e-02,8.624680130e-02,2.408591300e-03,-1.163109000e-04,-1.064539773e-02,-1.052908683e-02
2.764600000e+01,test,8.300063000e-02,8.544916987e-02,2.448539865e-03,-1.012295000e-04,-1.068344729e-02,-1.058221779e-02
2.765100000e+01,train,8.216256000e-02,8.465102379e-02,2.488463794e-03,-8.614744000e-05,-1.072139975e-02,-1.063525231e-02
2.765600000e+01,train,8.132402000e-02,8.385235350e-02,2.528333498e-03,-7.106476000e-05,-1.075922559e-02,-1.068816083e-02
2.766100000e+01,train,8.048500000e-02,8.305305248e-02,2.568052478e-03,-5.598153000e-05,-1.079674899e-02,-1.074076746e-02
2.766600000e+01,train,7.964552000e-02,8.225313208e-02,2.607612079e-03,-4.089785000e-05,-1.083397297e-02,-1.079307512e-02
2.767100000e+01,train,7.880557000e-02,8.145278343e-02,2.647213431e-03,-2.581380000e-05,-1.087121103e-02,-1.084539723e-02
2.767600000e+01,validation,7.796516000e-02,8.065180483e-02,2.686644828e-03,-1.072946000e-05,-1.090811479e-02,-1.089738533e-02
2.768100000e+01,train,7.712430000e-02,7.985040208e-02,2.726102083e-03,4.355079000e-06,-1.094502318e-02,-1.094937825e-02
2.768600000e+01,train,7.628298000e-02,7.904836243e-02,2.765382433e-03,1.943973000e-05,-1.098158595e-02,-1.100102568e-02
2.769100000e+01,train,7.544123000e-02,7.824579335e-02,2.804563349e-03,3.452442000e-05,-1.101794853e-02,-1.105247295e-02
2.769600000e+01,train,7.459903000e-02,7.744269033e-02,2.843660326e-03,4.960906000e-05,-1.105411742e-02,-1.110372648e-02
2.770100000e+01,train,7.375640000e-02,7.663914966e-02,2.882749663e-03,6.469356000e-05,-1.109023554e-02,-1.115492910e-02
2.770600000e+01,validation,7.291334000e-02,7.583497756e-02,2.921637561e-03,7.977783000e-05,-1.112597016e-02,-1.120574799e-02
2.771100000e+01,test,7.206986000e-02,7.503035735e-02,2.960497352e-03,9.486180000e-05,-1.116161982e-02,-1.125648162e-02
2.771600000e+01,train,7.122595000e-02,7.422520856e-02,2.999258560e-03,1.099454000e-04,-1.119703725e-02,-1.130698265e-02
2.772100000e+01,train,7.038163000e-02,7.341960874e-02,3.037978740e-03,1.250285000e-04,-1.123234922e-02,-1.135737772e-02
2.772600000e+01,train,6.953690000e-02,7.261347339e-02,3.076573386e-03,1.401110000e-04,-1.126741767e-02,-1.140752867e-02
2.773100000e+01,validation,6.869177000e-02,7.180679175e-02,3.115021749e-03,1.551929000e-04,-1.130220721e-02,-1.145740011e-02
2.773600000e+01,train,6.784623000e-02,7.099966764e-02,3.153437644e-03,1.702741000e-04,-1.133687449e-02,-1.150714859e-02
2.774100000e+01,validation,6.700030000e-02,7.019199420e-02,3.191694205e-03,1.853545000e-04,-1.137124173e-02,-1.155659623e-02
2.774600000e+01,test,6.615398000e-02,6.938397412e-02,3.229994118e-03,2.004339000e-04,-1.140562695e-02,-1.160606085e-02
2.775100000e+01,test,6.530727000e-02,6.857540140e-02,3.268131398e-03,2.155124000e-04,-1.143968966e-02,-1.165520206e-02
2.775600000e+01,validation,6.446018000e-02,6.776627711e-02,3.306097107e-03,2.305898000e-04,-1.147343500e-02,-1.170402480e-02
2.776100000e+01,test,6.361272000e-02,6.695680265e-02,3.344082645e-03,2.456661000e-04,-1.150717448e-02,-1.175284058e-02
2.776600000e+01,train,6.276488000e-02,6.614687620e-02,3.381996200e-03,2.607411000e-04,-1.154072632e-02,-1.180146742e-02
2.777100000e+01,test,6.191668000e-02,6.533639155e-02,3.419711548e-03,2.758148000e-04,-1.157391600e-02,-1.184973080e-02
2.777600000e+01,train,6.106812000e-02,6.452555047e-02,3.457430467e-03,2.908871000e-04,-1.160705701e-02,-1.189794411e-02
2.778100000e+01,validation,6.021920000e-02,6.371425011e-02,3.495050112e-03,3.059579000e-04,-1.163999706e-02,-1.194595496e-02
2.778600000e+01,train,5.936993000e-02,6.290238995e-02,3.532459953e-03,3.210271000e-04,-1.167252622e-02,-1.199355332e-02
2.779100000e+01,train,5.852031000e-02,6.209027260e-02,3.569962598e-03,3.360947000e-04,-1.170516915e-02,-1.204126385e-02
2.779600000e+01,train,5.767036000e-02,6.127759035e-02,3.607230354e-03,3.511605000e-04,-1.173740429e-02,-1.208856479e-02
2.780100000e+01,test,5.682006000e-02,6.046454301e-02,3.644483013e-03,3.662245000e-04,-1.176953014e-02,-1.213575464e-02
2.780600000e+01,train,5.596944000e-02,5.965102422e-02,3.681584223e-03,3.812866000e-04,-1.180137153e-02,-1.218265813e-02
2.781100000e+01,train,5.511848000e-02,5.883714304e-02,3.718663039e-03,3.963466000e-04,-1.183312175e-02,-1.222946835e-02
2.781600000e+01,test,5.426721000e-02,5.802279452e-02,3.755584522e-03,4.114046000e-04,-1.186457813e-02,-1.227598273e-02
2.782100000e+01,test,5.341562000e-02,5.720807769e-02,3.792457691e-03,4.264605000e-04,-1.189590263e-02,-1.232236313e-02
2.782600000e+01,train,5.256372000e-02,5.639288569e-02,3.829165690e-03,4.415141000e-04,-1.192691747e-02,-1.236843157e-02
2.783100000e+01,test,5.171151000e-02,5.557731959e-02,3.865809587e-03,4.565653000e-04,-1.195776039e-02,-1.241432569e-02
2.783600000e+01,train,5.085900000e-02,5.476138192e-02,3.902381916e-03,4.716141000e-04,-1.198844896e-02,-1.246006306e-02
2.784100000e+01,train,5.000619000e-02,5.394506972e-02,3.938879717e-03,4.866604000e-04,-1.201896284e-02,-1.250562324e-02
2.784600000e+01,train,4.915309000e-02,5.312837262e-02,3.975282616e-03,5.017042000e-04,-1.204926866e-02,-1.255097286e-02
2.785100000e+01,train,4.829970000e-02,5.231130811e-02,4.011608106e-03,5.167452000e-04,-1.207941069e-02,-1.259615589e-02
2.785600000e+01,train,4.744603000e-02,5.149375680e-02,4.047726801e-03,5.317835000e-04,-1.210916216e-02,-1.264094566e-02
2.786100000e+01,train,4.659208000e-02,5.067592035e-02,4.083840353e-03,5.468190000e-04,-1.213883600e-02,-1.268565500e-02
2.786600000e+01,validation,4.573787000e-02,4.985770658e-02,4.119836581e-03,5.618515000e-04,-1.216831449e-02,-1.273016599e-02
2.787100000e+01,train,4.488338000e-02,4.903919720e-02,4.155817201e-03,5.768810000e-04,-1.219768127e-02,-1.277456227e-02
2.787600000e+01,train,4.402863000e-02,4.822020977e-02,4.191579773e-03,5.919074000e-04,-1.222664143e-02,-1.281854883e-02
2.788100000e+01,train,4.317363000e-02,4.740092995e-02,4.227299949e-03,6.069306000e-04,-1.225551063e-02,-1.286244123e-02
2.788600000e+01,train,4.231837000e-02,4.658136660e-02,4.262996598e-03,6.219506000e-04,-1.228427436e-02,-1.290622496e-02
2.789100000e+01,train,4.146286000e-02,4.576140609e-02,4.298546089e-03,6.369672000e-04,-1.231274505e-02,-1.294971225e-02
2.789600000e+01,validation,4.060711000e-02,4.494105262e-02,4.333942620e-03,6.519804000e-04,-1.234091413e-02,-1.299289453e-02
2.790100000e+01,validation,3.975113000e-02,4.412041537e-02,4.369285369e-03,6.669900000e-04,-1.236897558e-02,-1.303596558e-02
2.790600000e+01,test,3.889491000e-02,4.329947055e-02,4.404560548e-03,6.819961000e-04,-1.239684251e-02,-1.307883861e-02
2.791100000e+01,train,3.803846000e-02,4.247813264e-02,4.439672644e-03,6.969985000e-04,-1.242440631e-02,-1.312140481e-02
2.791600000e+01,train,3.718179000e-02,4.165649467e-02,4.474704666e-03,7.119970000e-04,-1.245178850e-02,-1.316378550e-02
2.792100000e+01,train,3.632491000e-02,4.083455941e-02,4.509649409e-03,7.269918000e-04,-1.247900796e-02,-1.320599976e-02
2.792600000e+01,test,3.546781000e-02,4.001231803e-02,4.544508030e-03,7.419826000e-04,-1.250600456e-02,-1.324798716e-02
2.793100000e+01,train,3.461050000e-02,3.918978387e-02,4.579283868e-03,7.569693000e-04,-1.253283109e-02,-1.328980039e-02
2.793600000e+01,train,3.375299000e-02,3.836703484e-02,4.614044841e-03,7.719520000e-04,-1.255958175e-02,-1.333153375e-02
2.794100000e+01,train,3.289528000e-02,3.754388036e-02,4.648600356e-03,7.869305000e-04,-1.258594463e-02,-1.337287513e-02
2.794600000e+01,train,3.203738000e-02,3.672041654e-02,4.683036538e-03,8.019046000e-04,-1.261206224e-02,-1.341396684e-02
2.795100000e+01,test,3.117930000e-02,3.589674969e-02,4.717449689e-03,8.168744000e-04,-1.263810895e-02,-1.345498335e-02
2.795600000e+01,test,3.032102000e-02,3.507276593e-02,4.751745926e-03,8.318398000e-04,-1.266389591e-02,-1.349573571e-02
2.796100000e+01,train,2.946258000e-02,3.424847412e-02,4.785894122e-03,8.468006000e-04,-1.268940867e-02,-1.353620927e-02
2.796600000e+01,train,2.860395000e-02,3.342396132e-02,4.820011320e-03,8.617569000e-04,-1.271480280e-02,-1.357655970e-02
2.797100000e+01,train,2.774516000e-02,3.259914031e-02,4.853980312e-03,8.767084000e-04,-1.273992130e-02,-1.361662970e-02
2.797600000e+01,train,2.688621000e-02,3.177409968e-02,4.887889684e-03,8.916551000e-04,-1.276489295e-02,-1.365654805e-02
2.798100000e+01,train,2.602710000e-02,3.094873284e-02,4.921632844e-03,9.065970000e-04,-1.278954128e-02,-1.369613828e-02
2.798600000e+01,train,2.516784000e-02,3.012315375e-02,4.955313754e-03,9.215339000e-04,-1.281405508e-02,-1.373558898e-02
2.799100000e+01,train,2.430843000e-02,2.929735945e-02,4.988929454e-03,9.364657000e-04,-1.283841408e-02,-1.377487978e-02
2.799600000e+01,train,2.344887000e-02,2.847132853e-02,5.022458529e-03,9.513925000e-04,-1.286254837e-02,-1.381394087e-02
2.800100000e+01,validation,2.258918000e-02,2.764497597e-02,5.055795973e-03,9.663140000e-04,-1.288635199e-02,-1.385266599e-02
2.800600000e+01,train,2.172935000e-02,2.681850097e-02,5.089150965e-03,9.812303000e-04,-1.291012060e-02,-1.389135090e-02
2.801100000e+01,train,2.086940000e-02,2.599169785e-02,5.122297846e-03,9.961411000e-04,-1.293351504e-02,-1.392965614e-02
2.801600000e+01,train,2.000932000e-02,2.516476483e-02,5.155444826e-03,1.011047000e-03,-1.295686079e-02,-1.396790779e-02
2.802100000e+01,test,1.914913000e-02,2.433755720e-02,5.188427203e-03,1.025946000e-03,-1.297988934e-02,-1.400583534e-02
2.802600000e+01,train,1.828882000e-02,2.351014414e-02,5.221324137e-03,1.040841000e-03,-1.300271337e-02,-1.404355437e-02
2.803100000e+01,train,1.742840000e-02,2.268252867e-02,5.254128669e-03,1.055729000e-03,-1.302535307e-02,-1.408108207e-02
2.803600000e+01,test,1.656788000e-02,2.185471211e-02,5.286832107e-03,1.070612000e-03,-1.304778022e-02,-1.411839222e-02
2.804100000e+01,train,1.570727000e-02,2.102669393e-02,5.319423932e-03,1.085489000e-03,-1.306997752e-02,-1.415546652e-02
2.804600000e+01,train,1.484656000e-02,2.019848713e-02,5.351927132e-03,1.100360000e-03,-1.309198164e-02,-1.419234164e-02
2.805100000e+01,validation,1.398576000e-02,1.937008838e-02,5.384328381e-03,1.115224000e-03,-1.311377047e-02,-1.422899447e-02
2.805600000e+01,train,1.312488000e-02,1.854150479e-02,5.416624792e-03,1.130083000e-03,-1.313534084e-02,-1.426542384e-02
2.806100000e+01,train,1.226392000e-02,1.771274350e-02,5.448823497e-03,1.144936000e-03,-1.315670412e-02,-1.430164012e-02
2.806600000e+01,train,1.140288000e-02,1.688380419e-02,5.480924191e-03,1.159782000e-03,-1.317784410e-02,-1.433762610e-02
2.807100000e+01,train,1.054178000e-02,1.605470650e-02,5.512926503e-03,1.174622000e-03,-1.319879216e-02,-1.437341416e-02
2.807600000e+01,train,9.680617000e-03,1.522542967e-02,5.544812670e-03,1.189455000e-03,-1.321950920e-02,-1.440896420e-02
2.808100000e+01,train,8.819395000e-03,1.439600720e-02,5.576612199e-03,1.204282000e-03,-1.324003244e-02,-1.444431444e-02
2.808600000e+01,train,7.958119000e-03,1.356643100e-02,5.608311998e-03,1.219102000e-03,-1.326034416e-02,-1.447944616e-02
2.809100000e+01,train,7.096796000e-03,1.273669212e-02,5.639896116e-03,1.233915000e-03,-1.328042082e-02,-1.451433582e-02
2.809600000e+01,validation,6.235429000e-03,1.190682129e-02,5.671392292e-03,1.248722000e-03,-1.330030787e-02,-1.454902987e-02
2.810100000e+01,train,5.374024000e-03,1.107679418e-02,5.702770185e-03,1.263522000e-03,-1.331995239e-02,-1.458347439e-02
2.810600000e+01,validation,4.512585000e-03,1.024664474e-02,5.734059738e-03,1.278314000e-03,-1.333940769e-02,-1.461772169e-02
2.811100000e+01,train,3.651119000e-03,9.416363196e-03,5.765244196e-03,1.293100000e-03,-1.335864514e-02,-1.465174514e-02
2.811600000e+01,train,2.789629000e-03,8.585957994e-03,5.796328994e-03,1.307879000e-03,-1.337767084e-02,-1.468554984e-02
2.812100000e+01,train,1.928122000e-03,7.755427897e-03,5.827305897e-03,1.322650000e-03,-1.339647631e-02,-1.471912631e-02
2.812600000e+01,test,1.066601000e-03,6.924778770e-03,5.858177770e-03,1.337414000e-03,-1.341506408e-02,-1.475247808e-02
2.813100000e+01,train,2.050717000e-04,6.094031024e-03,5.888959324e-03,1.352171000e-03,-1.343345703e-02,-1.478562803e-02
2.813600000e+01,train,-6.564605000e-04,5.263163442e-03,5.919623942e-03,1.366920000e-03,-1.345161299e-02,-1.481853299e-02
2.814100000e+01,train,-1.517991000e-03,4.432201815e-03,5.950192815e-03,1.381661000e-03,-1.346956753e-02,-1.485122853e-02
2.814600000e+01,validation,-2.379514000e-03,3.601139282e-03,5.980653282e-03,1.396395000e-03,-1.348729814e-02,-1.488369314e-02
2.815100000e+01,train,-3.241026000e-03,2.769989696e-03,6.011015696e-03,1.411122000e-03,-1.350482369e-02,-1.491594569e-02
2.815600000e+01,train,-4.102521000e-03,1.938753271e-03,6.041274271e-03,1.425840000e-03,-1.352213220e-02,-1.494797220e-02
2.816100000e+01,train,-4.963994000e-03,1.107436458e-03,6.071430458e-03,1.440551000e-03,-1.353923008e-02,-1.497978108e-02
2.816600000e+01,train,-5.825440000e-03,2.760423950e-04,6.101482395e-03,1.455253000e-03,-1.355611130e-02,-1.501136430e-02
2.817100000e+01,train,-6.686855000e-03,-5.554255444e-04,6.131429456e-03,1.469948000e-03,-1.357277504e-02,-1.504272304e-02
2.817600000e+01,train,-7.548232000e-03,-1.386966385e-03,6.161265615e-03,1.484634000e-03,-1.358921419e-02,-1.507384819e-02
2.818100000e+01,train,-8.409568000e-03,-2.218554792e-03,6.191013208e-03,1.499312000e-03,-1.360546153e-02,-1.510477353e-02
2.818600000e+01,train,-9.270857000e-03,-3.050216313e-03,6.220640687e-03,1.513982000e-03,-1.362146893e-02,-1.513545093e-02
2.819100000e+01,test,-1.013209000e-02,-3.881928472e-03,6.250161528e-03,1.528644000e-03,-1.363726355e-02,-1.516590755e-02
2.819600000e+01,validation,-1.099327000e-02,-4.713680599e-03,6.279589401e-03,1.543296000e-03,-1.365285347e-02,-1.519614947e-02
2.820100000e+01,train,-1.185439000e-02,-5.545482642e-03,6.308907358e-03,1.557941000e-03,-1.366822154e-02,-1.522616254e-02
2.820600000e+01,train,-1.271544000e-02,-6.377320481e-03,6.338119519e-03,1.572577000e-03,-1.368337561e-02,-1.525595261e-02
2.821100000e+01,train,-1.357642000e-02,-7.209184749e-03,6.367235251e-03,1.587204000e-03,-1.369831469e-02,-1.528551869e-02
2.821600000e+01,train,-1.443733000e-02,-8.041082453e-03,6.396247547e-03,1.601822000e-03,-1.371304200e-02,-1.531486400e-02
2.822100000e+01,train,-1.529815000e-02,-8.873009536e-03,6.425140464e-03,1.616431000e-03,-1.372753402e-02,-1.534396502e-02
2.822600000e+01,train,-1.615888000e-02,-9.704953464e-03,6.453926536e-03,1.631032000e-03,-1.374182512e-02,-1.537285712e-02
2.823100000e+01,train,-1.701952000e-02,-1.053690283e-02,6.482617166e-03,1.645623000e-03,-1.375590446e-02,-1.540152746e-02
2.823600000e+01,train,-1.788007000e-02,-1.136886495e-02,6.511205054e-03,1.660205000e-03,-1.376975943e-02,-1.542996443e-02
2.824100000e+01,test,-1.874051000e-02,-1.220083007e-02,6.539679934e-03,1.674778000e-03,-1.378340526e-02,-1.545818326e-02
2.824600000e+01,train,-1.960085000e-02,-1.303280131e-02,6.568048694e-03,1.689342000e-03,-1.379682099e-02,-1.548616299e-02
2.825100000e+01,train,-2.046107000e-02,-1.386475900e-02,6.596310999e-03,1.703896000e-03,-1.381003827e-02,-1.551393427e-02
2.825600000e+01,test,-2.132118000e-02,-1.469670829e-02,6.624471707e-03,1.718440000e-03,-1.382303527e-02,-1.554147527e-02
2.826100000e+01,train,-2.218117000e-02,-1.552864022e-02,6.652529778e-03,1.732976000e-03,-1.383580892e-02,-1.556878492e-02
2.826600000e+01,test,-2.304103000e-02,-1.636055474e-02,6.680475259e-03,1.747501000e-03,-1.384835930e-02,-1.559586030e-02
2.827100000e+01,train,-2.390076000e-02,-1.719244199e-02,6.708318005e-03,1.762017000e-03,-1.386070228e-02,-1.562271928e-02
2.827600000e+01,train,-2.476035000e-02,-1.802430194e-02,6.736048064e-03,1.776523000e-03,-1.387283792e-02,-1.564936092e-02
2.828100000e+01,test,-2.561980000e-02,-1.885613399e-02,6.763666009e-03,1.791019000e-03,-1.388472007e-02,-1.567573907e-02
2.828600000e+01,train,-2.647910000e-02,-1.968791412e-02,6.791185884e-03,1.805505000e-03,-1.389642206e-02,-1.570192706e-02
2.829100000e+01,train,-2.733825000e-02,-2.051964705e-02,6.818602954e-03,1.819981000e-03,-1.390790014e-02,-1.572788114e-02
2.829600000e+01,train,-2.819724000e-02,-2.135134643e-02,6.845893565e-03,1.834447000e-03,-1.391914861e-02,-1.575359561e-02
2.830100000e+01,train,-2.905608000e-02,-2.218297385e-02,6.873106147e-03,1.848903000e-03,-1.393020119e-02,-1.577910419e-02
2.830600000e+01,train,-2.991474000e-02,-2.301455622e-02,6.900183779e-03,1.863349000e-03,-1.394101379e-02,-1.580436279e-02
2.831100000e+01,validation,-3.077324000e-02,-2.384606052e-02,6.927179480e-03,1.877784000e-03,-1.395162203e-02,-1.582940603e-02
2.831600000e+01,test,-3.163155000e-02,-2.467750721e-02,6.954042785e-03,1.892208000e-03,-1.396201041e-02,-1.585421841e-02
2.832100000e+01,train,-3.248969000e-02,-2.550887642e-02,6.980813580e-03,1.906622000e-03,-1.397217690e-02,-1.587879890e-02
2.832600000e+01,train,-3.334764000e-02,-2.634016970e-02,7.007470296e-03,1.921026000e-03,-1.398212298e-02,-1.590314898e-02
2.833100000e+01,train,-3.420539000e-02,-2.717137283e-02,7.034017174e-03,1.935418000e-03,-1.399186792e-02,-1.592728592e-02
2.833600000e+01,test,-3.506295000e-02,-2.800249356e-02,7.060456444e-03,1.949800000e-03,-1.400138599e-02,-1.595118599e-02
2.834100000e+01,train,-3.592031000e-02,-2.883351979e-02,7.086790212e-03,1.964171000e-03,-1.401068088e-02,-1.597485188e-02
2.834600000e+01,train,-3.677746000e-02,-2.966444752e-02,7.113012481e-03,1.978531000e-03,-1.401975732e-02,-1.599828832e-02
2.835100000e+01,train,-3.763440000e-02,-3.049527326e-02,7.139126742e-03,1.992880000e-03,-1.402862376e-02,-1.602150376e-02
2.835600000e+01,train,-3.849113000e-02,-3.132598848e-02,7.165141522e-03,2.007218000e-03,-1.403727486e-02,-1.604449286e-02
2.836100000e+01,train,-3.934763000e-02,-3.215660070e-02,7.191029295e-03,2.021545000e-03,-1.404568619e-02,-1.606723119e-02
2.836600000e+01,test,-4.020391000e-02,-3.298707476e-02,7.216835237e-03,2.035860000e-03,-1.405392979e-02,-1.608978979e-02
2.837100000e+01,train,-4.105995000e-02,-3.381744014e-02,7.242509856e-03,2.050164000e-03,-1.406190881e-02,-1.611207281e-02
2.837600000e+01,train,-4.191576000e-02,-3.464768798e-02,7.268072024e-03,2.064457000e-03,-1.406966881e-02,-1.613412581e-02
2.838100000e+01,train,-4.277132000e-02,-3.547778659e-02,7.293533408e-03,2.078738000e-03,-1.407724825e-02,-1.615598625e-02
2.838600000e+01,test,-4.362664000e-02,-3.630775681e-02,7.318883194e-03,2.093007000e-03,-1.408458073e-02,-1.617758773e-02
2.839100000e+01,train,-4.448171000e-02,-3.713758111e-02,7.344128891e-03,2.107265000e-03,-1.409171062e-02,-1.619897562e-02
2.839600000e+01,test,-4.533652000e-02,-3.796726025e-02,7.369259748e-03,2.121511000e-03,-1.409861965e-02,-1.622013065e-02
2.840100000e+01,test,-4.619108000e-02,-3.879679423e-02,7.394285771e-03,2.135745000e-03,-1.410529359e-02,-1.624103859e-02
2.840600000e+01,train,-4.704536000e-02,-3.962616332e-02,7.419196684e-03,2.149967000e-03,-1.411177863e-02,-1.626174563e-02
2.841100000e+01,train,-4.789937000e-02,-4.045537599e-02,7.443994012e-03,2.164177000e-03,-1.411801695e-02,-1.628219395e-02
2.841600000e+01,train,-4.875311000e-02,-4.128441693e-02,7.468693068e-03,2.178375000e-03,-1.412406195e-02,-1.630243695e-02
2.842100000e+01,train,-4.960657000e-02,-4.211329423e-02,7.493275773e-03,2.192561000e-03,-1.412986940e-02,-1.632243040e-02
2.842600000e+01,test,-5.045974000e-02,-4.294198752e-02,7.517752482e-03,2.206734000e-03,-1.413548984e-02,-1.634222384e-02
2.843100000e+01,train,-5.131261000e-02,-4.377050130e-02,7.542108699e-03,2.220896000e-03,-1.414088356e-02,-1.636177956e-02
2.843600000e+01,train,-5.216520000e-02,-4.459883829e-02,7.566361707e-03,2.235044000e-03,-1.414602913e-02,-1.638107313e-02
2.844100000e+01,train,-5.301748000e-02,-4.542698248e-02,7.590497517e-03,2.249180000e-03,-1.415097123e-02,-1.640015123e-02
2.844600000e+01,train,-5.386945000e-02,-4.625492592e-02,7.614524082e-03,2.263304000e-03,-1.415571931e-02,-1.641902331e-02
2.845100000e+01,validation,-5.472112000e-02,-4.708267263e-02,7.638447373e-03,2.277415000e-03,-1.416022468e-02,-1.643763968e-02
2.845600000e+01,train,-5.557247000e-02,-4.791020990e-02,7.662260098e-03,2.291513000e-03,-1.416453416e-02,-1.645604716e-02
2.846100000e+01,train,-5.642349000e-02,-4.873754398e-02,7.685946018e-03,2.305598000e-03,-1.416860851e-02,-1.647420651e-02
2.846600000e+01,train,-5.727419000e-02,-4.956466151e-02,7.709528487e-03,2.319671000e-03,-1.417247004e-02,-1.649214104e-02
2.847100000e+01,test,-5.812457000e-02,-5.039155556e-02,7.733014442e-03,2.333730000e-03,-1.417612975e-02,-1.650985975e-02
2.847600000e+01,train,-5.897460000e-02,-5.121823496e-02,7.756365040e-03,2.347776000e-03,-1.417954001e-02,-1.652731601e-02
2.848100000e+01,train,-5.982430000e-02,-5.204468064e-02,7.779619359e-03,2.361810000e-03,-1.418275052e-02,-1.654456052e-02
2.848600000e+01,train,-6.067364000e-02,-5.287088914e-02,7.802750863e-03,2.375829000e-03,-1.418574995e-02,-1.656157895e-02
2.849100000e+01,train,-6.152264000e-02,-5.369685559e-02,7.825784410e-03,2.389836000e-03,-1.418854591e-02,-1.657838191e-02
2.849600000e+01,train,-6.237129000e-02,-5.452258562e-02,7.848704380e-03,2.403829000e-03,-1.419109736e-02,-1.659492636e-02
2.850100000e+01,test,-6.321957000e-02,-5.534807074e-02,7.871499256e-03,2.417809000e-03,-1.419343539e-02,-1.661124439e-02
2.850600000e+01,test,-6.406749000e-02,-5.617329947e-02,7.894190527e-03,2.431775000e-03,-1.419556128e-02,-1.662733628e-02
2.851100000e+01,validation,-6.491503000e-02,-5.699826537e-02,7.916764634e-03,2.445727000e-03,-1.419747232e-02,-1.664319932e-02
2.851600000e+01,train,-6.576220000e-02,-5.782296754e-02,7.939232456e-03,2.459666000e-03,-1.419916949e-02,-1.665883549e-02
2.852100000e+01,validation,-6.660900000e-02,-5.864741104e-02,7.961588959e-03,2.473591000e-03,-1.420064147e-02,-1.667423247e-02
2.852600000e+01,validation,-6.745540000e-02,-5.947157844e-02,7.983821556e-03,2.487502000e-03,-1.420190391e-02,-1.668940591e-02
2.853100000e+01,train,-6.830142000e-02,-6.029546590e-02,8.005954099e-03,2.501399000e-03,-1.420294658e-02,-1.670434558e-02
2.853600000e+01,validation,-6.914704000e-02,-6.111908069e-02,8.027959306e-03,2.515282000e-03,-1.420375718e-02,-1.671903918e-02
2.854100000e+01,train,-6.999226000e-02,-6.194239547e-02,8.049864530e-03,2.529151000e-03,-1.420438193e-02,-1.673353293e-02
2.854600000e+01,train,-7.083708000e-02,-6.276542086e-02,8.071659137e-03,2.543005000e-03,-1.420478650e-02,-1.674779150e-02
2.855100000e+01,test,-7.168149000e-02,-6.358815267e-02,8.093337331e-03,2.556845000e-03,-1.420496257e-02,-1.676180757e-02
2.855600000e+01,train,-7.252548000e-02,-6.441058840e-02,8.114891600e-03,2.570671000e-03,-1.420491340e-02,-1.677558440e-02
2.856100000e+01,test,-7.336905000e-02,-6.523271034e-02,8.136339662e-03,2.584483000e-03,-1.420467039e-02,-1.678915339e-02
2.856600000e+01,train,-7.421220000e-02,-6.605452717e-02,8.157672834e-03,2.598280000e-03,-1.420419964e-02,-1.680247964e-02
2.857100000e+01,train,-7.505492000e-02,-6.687601957e-02,8.178900430e-03,2.612062000e-03,-1.420352032e-02,-1.681558232e-02
2.857600000e+01,train,-7.589721000e-02,-6.769719955e-02,8.200010451e-03,2.625830000e-03,-1.420261157e-02,-1.682844157e-02
2.858100000e+01,test,-7.673905000e-02,-6.851805233e-02,8.220997666e-03,2.639582000e-03,-1.420149903e-02,-1.684108103e-02
2.858600000e+01,train,-7.758046000e-02,-6.933856906e-02,8.241890942e-03,2.653320000e-03,-1.420017932e-02,-1.685349932e-02
2.859100000e+01,train,-7.842141000e-02,-7.015876244e-02,8.262647555e-03,2.667043000e-03,-1.419861697e-02,-1.686565997e-02
2.859600000e+01,train,-7.926191000e-02,-7.097860240e-02,8.283307599e-03,2.680751000e-03,-1.419687699e-02,-1.687762799e-02
2.860100000e+01,train,-8.010195000e-02,-7.179810962e-02,8.303840383e-03,2.694444000e-03,-1.419489386e-02,-1.688933786e-02
2.860600000e+01,train,-8.094153000e-02,-7.261725958e-02,8.324270424e-03,2.708122000e-03,-1.419270870e-02,-1.690083070e-02
2.861100000e+01,validation,-8.178064000e-02,-7.343606305e-02,8.344576949e-03,2.721785000e-03,-1.419028645e-02,-1.691207145e-02
2.861600000e+01,train,-8.261927000e-02,-7.425449650e-02,8.364773502e-03,2.735432000e-03,-1.418768381e-02,-1.692311581e-02
2.862100000e+01,train,-8.345743000e-02,-7.507256909e-02,8.384860907e-03,2.749064000e-03,-1.418485350e-02,-1.693391750e-02
2.862600000e+01,test,-8.429510000e-02,-7.589028589e-02,8.404814106e-03,2.762680000e-03,-1.418178514e-02,-1.694446514e-02
2.863100000e+01,test,-8.513229000e-02,-7.670761944e-02,8.424670558e-03,2.776280000e-03,-1.417852561e-02,-1.695480561e-02
2.863600000e+01,train,-8.596898000e-02,-7.752456551e-02,8.444414491e-03,2.789865000e-03,-1.417506674e-02,-1.696493174e-02
2.864100000e+01,train,-8.680518000e-02,-7.834115208e-02,8.464027923e-03,2.803435000e-03,-1.417134483e-02,-1.697477983e-02
2.864600000e+01,train,-8.764087000e-02,-7.915733085e-02,8.483539147e-03,2.816988000e-03,-1.416745892e-02,-1.698444692e-02
2.865100000e+01,train,-8.847606000e-02,-7.997312379e-02,8.502936214e-03,2.830526000e-03,-1.416333680e-02,-1.699386280e-02
2.865600000e+01,validation,-8.931073000e-02,-8.078851562e-02,8.522214378e-03,2.844047000e-03,-1.415900673e-02,-1.700305373e-02
2.866100000e+01,validation,-9.014489000e-02,-8.160351142e-02,8.541378579e-03,2.857553000e-03,-1.415445834e-02,-1.701201134e-02
2.866600000e+01,train,-9.097852000e-02,-8.241809673e-02,8.560423271e-03,2.871042000e-03,-1.414970155e-02,-1.702074355e-02
2.867100000e+01,train,-9.181163000e-02,-8.323227189e-02,8.579358107e-03,2.884516000e-03,-1.414473451e-02,-1.702925051e-02
2.867600000e+01,test,-9.264420000e-02,-8.404603000e-02,8.598169999e-03,2.897973000e-03,-1.413955348e-02,-1.703752648e-02
2.868100000e+01,train,-9.347624000e-02,-8.485937403e-02,8.616865969e-03,2.911413000e-03,-1.413413847e-02,-1.704555147e-02
2.868600000e+01,test,-9.430774000e-02,-8.567228873e-02,8.635451273e-03,2.924837000e-03,-1.412852855e-02,-1.705336555e-02
2.869100000e+01,train,-9.513869000e-02,-8.648476978e-02,8.653920218e-03,2.938245000e-03,-1.412271602e-02,-1.706096102e-02
2.869600000e+01,train,-9.596909000e-02,-8.729681314e-02,8.672276860e-03,2.951636000e-03,-1.411667780e-02,-1.706831380e-02
2.870100000e+01,validation,-9.679893000e-02,-8.810841604e-02,8.690513963e-03,2.965010000e-03,-1.411043278e-02,-1.707544278e-02
2.870600000e+01,validation,-9.762821000e-02,-8.891958637e-02,8.708623634e-03,2.978368000e-03,-1.410396545e-02,-1.708233345e-02
2.871100000e+01,train,-9.845693000e-02,-8.973029204e-02,8.726637955e-03,2.991709000e-03,-1.409730268e-02,-1.708901168e-02
2.871600000e+01,train,-9.928508000e-02,-9.054055822e-02,8.744521776e-03,3.005033000e-03,-1.409041401e-02,-1.709544701e-02
2.872100000e+01,train,-1.001126000e-01,-9.135033436e-02,8.762265640e-03,3.018340000e-03,-1.408341465e-02,-1.710175465e-02
2.872600000e+01,train,-1.009396000e-01,-9.215969738e-02,8.779902617e-03,3.031629000e-03,-1.407594880e-02,-1.710757780e-02
2.873100000e+01,test,-1.017660000e-01,-9.296856275e-02,8.797437247e-03,3.044902000e-03,-1.406846011e-02,-1.711336211e-02
2.873600000e+01,train,-1.025919000e-01,-9.377695045e-02,8.814949554e-03,3.058157000e-03,-1.406076439e-02,-1.711892139e-02
2.874100000e+01,test,-1.034171000e-01,-9.458486788e-02,8.832232124e-03,3.071396000e-03,-1.405284875e-02,-1.712424475e-02
2.874600000e+01,train,-1.042417000e-01,-9.539228856e-02,8.849411443e-03,3.084616000e-03,-1.404475489e-02,-1.712937089e-02
2.875100000e+01,train,-1.050657000e-01,-9.619924927e-02,8.866450730e-03,3.097820000e-03,-1.403627214e-02,-1.713409214e-02
2.875600000e+01,train,-1.058891000e-01,-9.700569063e-02,8.883409371e-03,3.111005000e-03,-1.402779957e-02,-1.713880457e-02
2.876100000e+01,train,-1.067119000e-01,-9.781165503e-02,8.900244967e-03,3.124174000e-03,-1.401896577e-02,-1.714313977e-02
2.876600000e+01,validation,-1.075341000e-01,-9.861712004e-02,8.916979955e-03,3.137324000e-03,-1.400995818e-02,-1.714728218e-02
2.877100000e+01,train,-1.083557000e-01,-9.942205584e-02,8.933644163e-03,3.150457000e-03,-1.400082643e-02,-1.715128343e-02
2.877600000e+01,train,-1.091766000e-01,-1.002265051e-01,8.950094898e-03,3.163572000e-03,-1.399134821e-02,-1.715492021e-02
2.878100000e+01,test,-1.099969000e-01,-1.010304257e-01,8.966474260e-03,3.176669000e-03,-1.398174280e-02,-1.715841180e-02
2.878600000e+01,validation,-1.108165000e-01,-1.018338075e-01,8.982692523e-03,3.189747000e-03,-1.397202858e-02,-1.716177558e-02
2.879100000e+01,validation,-1.116355000e-01,-1.026366902e-01,8.998809820e-03,3.202808000e-03,-1.396198842e-02,-1.716479642e-02
2.879600000e+01,train,-1.124539000e-01,-1.034390549e-01,9.014845088e-03,3.215851000e-03,-1.395165036e-02,-1.716750136e-02
2.880100000e+01,train,-1.132716000e-01,-1.042408535e-01,9.030746516e-03,3.228876000e-03,-1.394124955e-02,-1.717012555e-02
2.880600000e+01,train,-1.140887000e-01,-1.050421414e-01,9.046558628e-03,3.241882000e-03,-1.393053874e-02,-1.717242074e-02
2.881100000e+01,train,-1.149051000e-01,-1.058428438e-01,9.062256226e-03,3.254870000e-03,-1.391979537e-02,-1.717466537e-02
2.881600000e+01,train,-1.157208000e-01,-1.066430557e-01,9.077744317e-03,3.267839000e-03,-1.390855696e-02,-1.717639596e-02
2.882100000e+01,test,-1.165359000e-01,-1.074426893e-01,9.093210714e-03,3.280790000e-03,-1.389727450e-02,-1.717806450e-02
2.882600000e+01,train,-1.173502000e-01,-1.082417582e-01,9.108441791e-03,3.293722000e-03,-1.388577122e-02,-1.717949322e-02
2.883100000e+01,train,-1.181639000e-01,-1.090402370e-01,9.123662954e-03,3.306635000e-03,-1.387424041e-02,-1.718087541e-02
2.883600000e+01,test,-1.189769000e-01,-1.098381881e-01,9.138711876e-03,3.319530000e-03,-1.386227769e-02,-1.718180769e-02
2.884100000e+01,train,-1.197893000e-01,-1.106355719e-01,9.153728088e-03,3.332406000e-03,-1.385009849e-02,-1.718250449e-02
2.884600000e+01,train,-1.206009000e-01,-1.114323687e-01,9.168531266e-03,3.345263000e-03,-1.383773485e-02,-1.718299785e-02
2.885100000e+01,train,-1.214118000e-01,-1.122285559e-01,9.183244102e-03,3.358101000e-03,-1.382537547e-02,-1.718347647e-02
2.885600000e+01,train,-1.222221000e-01,-1.130241786e-01,9.197921368e-03,3.370920000e-03,-1.381264410e-02,-1.718356410e-02
2.886100000e+01,train,-1.230316000e-01,-1.138192122e-01,9.212387835e-03,3.383720000e-03,-1.379973063e-02,-1.718345063e-02
2.886600000e+01,train,-1.238404000e-01,-1.146136762e-01,9.226723774e-03,3.396500000e-03,-1.378645252e-02,-1.718295252e-02
2.887100000e+01,train,-1.246485000e-01,-1.154074940e-01,9.241006038e-03,3.409262000e-03,-1.377323855e-02,-1.718250055e-02
2.887600000e+01,validation,-1.254558000e-01,-1.162007356e-01,9.255064384e-03,3.422003000e-03,-1.375966879e-02,-1.718167179e-02
2.888100000e+01,test,-1.262624000e-01,-1.169933781e-01,9.269021897e-03,3.434726000e-03,-1.374578369e-02,-1.718050969e-02
2.888600000e+01,train,-1.270683000e-01,-1.177853749e-01,9.282925145e-03,3.447429000e-03,-1.373195989e-02,-1.717938889e-02
2.889100000e+01,train,-1.278735000e-01,-1.185767552e-01,9.296744797e-03,3.460112000e-03,-1.371784982e-02,-1.717796182e-02
2.889600000e+01,train,-1.286779000e-01,-1.193675351e-01,9.310364885e-03,3.472776000e-03,-1.370342157e-02,-1.717619757e-02
2.890100000e+01,train,-1.294816000e-01,-1.201576791e-01,9.323920885e-03,3.485420000e-03,-1.368888874e-02,-1.717430874e-02
2.890600000e+01,validation,-1.302845000e-01,-1.209471876e-01,9.337312355e-03,3.498044000e-03,-1.367409872e-02,-1.717214272e-02
2.891100000e+01,train,-1.310867000e-01,-1.217360684e-01,9.350631610e-03,3.510648000e-03,-1.365903727e-02,-1.716968527e-02
2.891600000e+01,test,-1.318881000e-01,-1.225243009e-01,9.363799149e-03,3.523232000e-03,-1.364389122e-02,-1.716712322e-02
2.892100000e+01,train,-1.326887000e-01,-1.233118860e-01,9.376814049e-03,3.535797000e-03,-1.362850539e-02,-1.716430239e-02
2.892600000e+01,train,-1.334886000e-01,-1.240987864e-01,9.389813603e-03,3.548341000e-03,-1.361309313e-02,-1.716143413e-02
2.893100000e+01,train,-1.342877000e-01,-1.248850763e-01,9.402623689e-03,3.560864000e-03,-1.359723077e-02,-1.715809477e-02
2.893600000e+01,train,-1.350860000e-01,-1.256706817e-01,9.415318344e-03,3.573368000e-03,-1.358134177e-02,-1.715470977e-02
2.894100000e+01,train,-1.358835000e-01,-1.264556698e-01,9.427830245e-03,3.585851000e-03,-1.356501219e-02,-1.715086319e-02
2.894600000e+01,train,-1.366803000e-01,-1.272399808e-01,9.440319192e-03,3.598314000e-03,-1.354864271e-02,-1.714695671e-02
2.895100000e+01,train,-1.374762000e-01,-1.280235756e-01,9.452624358e-03,3.610756000e-03,-1.353199599e-02,-1.714275199e-02
2.895600000e+01,train,-1.382714000e-01,-1.288064934e-01,9.464906590e-03,3.623178000e-03,-1.351530977e-02,-1.713848777e-02
2.896100000e+01,train,-1.390657000e-01,-1.295887943e-01,9.476905736e-03,3.635579000e-03,-1.349818183e-02,-1.713376083e-02
2.896600000e+01,train,-1.398593000e-01,-1.303703191e-01,9.488980918e-03,3.647960000e-03,-1.348117771e-02,-1.712913771e-02
2.897100000e+01,train,-1.406520000e-01,-1.311512273e-01,9.500772663e-03,3.660319000e-03,-1.346373031e-02,-1.712404931e-02
2.897600000e+01,train,-1.414439000e-01,-1.319313970e-01,9.512503021e-03,3.672658000e-03,-1.344619327e-02,-1.711885127e-02
2.898100000e+01,train,-1.422350000e-01,-1.327108513e-01,9.524148691e-03,3.684976000e-03,-1.342837512e-02,-1.711335112e-02
2.898600000e+01,train,-1.430253000e-01,-1.334896587e-01,9.535641322e-03,3.697273000e-03,-1.341031713e-02,-1.710759013e-02
2.899100000e+01,train,-1.438147000e-01,-1.342677207e-01,9.546979284e-03,3.709549000e-03,-1.339217922e-02,-1.710172822e-02
2.899600000e+01,test,-1.446033000e-01,-1.350450749e-01,9.558225146e-03,3.721803000e-03,-1.337374778e-02,-1.709555078e-02
2.900100000e+01,test,-1.453911000e-01,-1.358216835e-01,9.569416460e-03,3.734036000e-03,-1.335523747e-02,-1.708927347e-02
2.900600000e+01,train,-1.461780000e-01,-1.365975769e-01,9.580423122e-03,3.746248000e-03,-1.333644715e-02,-1.708269515e-02
2.901100000e+01,validation,-1.469640000e-01,-1.373727327e-01,9.591267337e-03,3.758439000e-03,-1.331756270e-02,-1.707600170e-02
2.901600000e+01,train,-1.477493000e-01,-1.381471805e-01,9.602119477e-03,3.770608000e-03,-1.329838561e-02,-1.706899361e-02
2.902100000e+01,train,-1.485336000e-01,-1.389209133e-01,9.612686721e-03,3.782756000e-03,-1.327892780e-02,-1.706168380e-02
2.902600000e+01,test,-1.493171000e-01,-1.396938100e-01,9.623289999e-03,3.794882000e-03,-1.325953685e-02,-1.705441885e-02
2.903100000e+01,train,-1.500997000e-01,-1.404659917e-01,9.633708286e-03,3.806987000e-03,-1.323986501e-02,-1.704685201e-02
2.903600000e+01,train,-1.508815000e-01,-1.412374659e-01,9.644034150e-03,3.819069000e-03,-1.321989944e-02,-1.703896844e-02
2.904100000e+01,validation,-1.516623000e-01,-1.420082327e-01,9.654067332e-03,3.831130000e-03,-1.319963897e-02,-1.703076897e-02
2.904600000e+01,train,-1.524423000e-01,-1.427781857e-01,9.664114265e-03,3.843169000e-03,-1.317926004e-02,-1.702242904e-02
2.905100000e+01,train,-1.532215000e-01,-1.435473404e-01,9.674159550e-03,3.855186000e-03,-1.315873392e-02,-1.701391992e-02
2.905600000e+01,test,-1.539997000e-01,-1.443157504e-01,9.683949609e-03,3.867181000e-03,-1.313812731e-02,-1.700530831e-02
2.906100000e+01,test,-1.547770000e-01,-1.450833848e-01,9.693615246e-03,3.879154000e-03,-1.311718520e-02,-1.699633920e-02
2.906600000e+01,train,-1.555534000e-01,-1.458502131e-01,9.703186948e-03,3.891105000e-03,-1.309611107e-02,-1.698721607e-02
2.907100000e+01,train,-1.563289000e-01,-1.466163344e-01,9.712565622e-03,3.903033000e-03,-1.307474140e-02,-1.697777440e-02
2.907600000e+01,train,-1.571036000e-01,-1.473816574e-01,9.721942560e-03,3.914940000e-03,-1.305322508e-02,-1.696816508e-02
2.908100000e+01,test,-1.578773000e-01,-1.481460685e-01,9.731231465e-03,3.926823000e-03,-1.303175085e-02,-1.695857385e-02
2.908600000e+01,train,-1.586500000e-01,-1.489098031e-01,9.740196870e-03,3.938685000e-03,-1.300977856e-02,-1.694846356e-02
2.909100000e+01,train,-1.594219000e-01,-1.496727398e-01,9.749160175e-03,3.950524000e-03,-1.298765833e-02,-1.693818233e-02
2.909600000e+01,train,-1.601928000e-01,-1.504348020e-01,9.757998007e-03,3.962340000e-03,-1.296536721e-02,-1.692770721e-02
2.910100000e+01,validation,-1.609628000e-01,-1.511961276e-01,9.766672362e-03,3.974133000e-03,-1.294297993e-02,-1.691711293e-02
2.910600000e+01,validation,-1.617319000e-01,-1.519566094e-01,9.775290604e-03,3.985904000e-03,-1.292021826e-02,-1.690612226e-02
2.911100000e+01,train,-1.625000000e-01,-1.527162630e-01,9.783737025e-03,3.997652000e-03,-1.289751154e-02,-1.689516354e-02
2.911600000e+01,train,-1.632672000e-01,-1.534750730e-01,9.792126962e-03,4.009377000e-03,-1.287442894e-02,-1.688380594e-02
2.912100000e+01,validation,-1.640334000e-01,-1.542330553e-01,9.800344709e-03,4.021079000e-03,-1.285139974e-02,-1.687247874e-02
2.912600000e+01,train,-1.647987000e-01,-1.549902925e-01,9.808407522e-03,4.032758000e-03,-1.282783480e-02,-1.686059280e-02
2.913100000e+01,train,-1.655630000e-01,-1.557466338e-01,9.816366219e-03,4.044414000e-03,-1.280428153e-02,-1.684869553e-02
2.913600000e+01,train,-1.663264000e-01,-1.565021008e-01,9.824299181e-03,4.056047000e-03,-1.278055791e-02,-1.683660491e-02
2.914100000e+01,train,-1.670888000e-01,-1.572568011e-01,9.831998930e-03,4.067657000e-03,-1.275648215e-02,-1.682413915e-02
2.914600000e+01,train,-1.678502000e-01,-1.580105062e-01,9.839693753e-03,4.079243000e-03,-1.273258313e-02,-1.681182613e-02
2.915100000e+01,validation,-1.686107000e-01,-1.587635730e-01,9.847127011e-03,4.090806000e-03,-1.270797218e-02,-1.679877818e-02
2.915600000e+01,test,-1.693701000e-01,-1.595156376e-01,9.854462405e-03,4.102345000e-03,-1.268354953e-02,-1.678589453e-02
2.916100000e+01,train,-1.701286000e-01,-1.602668365e-01,9.861763507e-03,4.113861000e-03,-1.265893866e-02,-1.677279966e-02
2.916600000e+01,train,-1.708861000e-01,-1.610171995e-01,9.868900467e-03,4.125354000e-03,-1.263394016e-02,-1.675929416e-02
2.917100000e+01,train,-1.716426000e-01,-1.617666665e-01,9.875933509e-03,4.136823000e-03,-1.260895641e-02,-1.674577941e-02
2.917600000e+01,train,-1.723981000e-01,-1.625152683e-01,9.882831674e-03,4.148268000e-03,-1.258378200e-02,-1.673205000e-02
2.918100000e+01,train,-1.731526000e-01,-1.632630342e-01,9.889565794e-03,4.159689000e-03,-1.255822130e-02,-1.671791030e-02
2.918600000e+01,validation,-1.739061000e-01,-1.640099349e-01,9.896165134e-03,4.171086000e-03,-1.253247103e-02,-1.670355703e-02
2.919100000e+01,train,-1.746586000e-01,-1.647558789e-01,9.902721066e-03,4.182459000e-03,-1.250668072e-02,-1.668913972e-02
2.919600000e+01,train,-1.754101000e-01,-1.655009500e-01,9.909150022e-03,4.193809000e-03,-1.248071640e-02,-1.667452540e-02
2.920100000e+01,train,-1.761605000e-01,-1.662450644e-01,9.915435561e-03,4.205134000e-03,-1.245471253e-02,-1.665984653e-02
2.920600000e+01,validation,-1.769099000e-01,-1.669883438e-01,9.921556193e-03,4.216435000e-03,-1.242831905e-02,-1.664475405e-02
2.921100000e+01,validation,-1.776583000e-01,-1.677307579e-01,9.927542130e-03,4.227712000e-03,-1.240173783e-02,-1.662944983e-02
2.921600000e+01,test,-1.784057000e-01,-1.684722455e-01,9.933454524e-03,4.238965000e-03,-1.237491679e-02,-1.661388179e-02
2.922100000e+01,train,-1.791520000e-01,-1.692127773e-01,9.939222740e-03,4.250193000e-03,-1.234805320e-02,-1.659824620e-02
2.922600000e+01,train,-1.798973000e-01,-1.699523676e-01,9.944932383e-03,4.261397000e-03,-1.232097708e-02,-1.658237408e-02
2.923100000e+01,train,-1.806415000e-01,-1.706910089e-01,9.950491140e-03,4.272577000e-03,-1.229384982e-02,-1.656642682e-02
2.923600000e+01,train,-1.813847000e-01,-1.714288162e-01,9.955883848e-03,4.283732000e-03,-1.226632849e-02,-1.655006049e-02
2.924100000e+01,train,-1.821268000e-01,-1.721656969e-01,9.961103086e-03,4.294862000e-03,-1.223856923e-02,-1.653343123e-02
2.924600000e+01,train,-1.828679000e-01,-1.729016144e-01,9.966285557e-03,4.305968000e-03,-1.221078176e-02,-1.651674976e-02
2.925100000e+01,validation,-1.836079000e-01,-1.736365074e-01,9.971392610e-03,4.317049000e-03,-1.218291525e-02,-1.649996425e-02
2.925600000e+01,train,-1.843468000e-01,-1.743705731e-01,9.976226893e-03,4.328105000e-03,-1.215464662e-02,-1.648275162e-02
2.926100000e+01,validation,-1.850847000e-01,-1.751036146e-01,9.981085371e-03,4.339136000e-03,-1.212629747e-02,-1.646543347e-02
2.926600000e+01,train,-1.858215000e-01,-1.758357004e-01,9.985799614e-03,4.350142000e-03,-1.209790803e-02,-1.644805003e-02
2.927100000e+01,train,-1.865572000e-01,-1.765668904e-01,9.990309590e-03,4.361123000e-03,-1.206907789e-02,-1.643020089e-02
2.927600000e+01,train,-1.872918000e-01,-1.772970189e-01,9.994781087e-03,4.372079000e-03,-1.204038082e-02,-1.641245982e-02
2.928100000e+01,validation,-1.880254000e-01,-1.780262595e-01,9.999140489e-03,4.383010000e-03,-1.201122850e-02,-1.639423850e-02
2.928600000e+01,train,-1.887578000e-01,-1.787545448e-01,1.000325515e-02,4.393916000e-03,-1.198203430e-02,-1.637595030e-02
2.929100000e+01,train,-1.894891000e-01,-1.794818434e-01,1.000725661e-02,4.404796000e-03,-1.195254836e-02,-1.635734436e-02
2.929600000e+01,train,-1.902194000e-01,-1.802081106e-01,1.001128944e-02,4.415651000e-03,-1.192299563e-02,-1.633864663e-02
2.930100000e+01,test,-1.909485000e-01,-1.809334601e-01,1.001503988e-02,4.426481000e-03,-1.189318760e-02,-1.631966860e-02
2.930600000e+01,train,-1.916765000e-01,-1.816577860e-01,1.001871396e-02,4.437285000e-03,-1.186329880e-02,-1.630058380e-02
2.931100000e+01,train,-1.924034000e-01,-1.823810958e-01,1.002230423e-02,4.448064000e-03,-1.183331642e-02,-1.628138042e-02
2.931600000e+01,train,-1.931292000e-01,-1.831034113e-01,1.002578868e-02,4.458817000e-03,-1.180305672e-02,-1.626187372e-02
2.932100000e+01,train,-1.938539000e-01,-1.838248103e-01,1.002908967e-02,4.469544000e-03,-1.177253699e-02,-1.624208099e-02
2.932600000e+01,train,-1.945774000e-01,-1.845451164e-01,1.003228361e-02,4.480246000e-03,-1.174190287e-02,-1.622214887e-02
2.933100000e+01,train,-1.952998000e-01,-1.852645056e-01,1.003529443e-02,4.490922000e-03,-1.171101125e-02,-1.620193325e-02
2.933600000e+01,train,-1.960211000e-01,-1.859827800e-01,1.003832001e-02,4.501571000e-03,-1.168018892e-02,-1.618175992e-02
2.934100000e+01,train,-1.967412000e-01,-1.867000612e-01,1.004113878e-02,4.512195000e-03,-1.164908545e-02,-1.616128045e-02
2.934600000e+01,validation,-1.974602000e-01,-1.874163645e-01,1.004383546e-02,4.522793000e-03,-1.161767292e-02,-1.614046592e-02
2.935100000e+01,train,-1.981780000e-01,-1.881316442e-01,1.004635578e-02,4.533365000e-03,-1.158618260e-02,-1.611954760e-02
2.935600000e+01,train,-1.988947000e-01,-1.888458401e-01,1.004885986e-02,4.543911000e-03,-1.155455724e-02,-1.609846824e-02
2.936100000e+01,test,-1.996102000e-01,-1.895590203e-01,1.005117975e-02,4.554430000e-03,-1.152283952e-02,-1.607726952e-02
2.936600000e+01,train,-2.003246000e-01,-1.902711163e-01,1.005348374e-02,4.564924000e-03,-1.149098931e-02,-1.605591331e-02
2.937100000e+01,validation,-2.010378000e-01,-1.909822269e-01,1.005557312e-02,4.575391000e-03,-1.145884508e-02,-1.603423608e-02
2.937600000e+01,test,-2.017498000e-01,-1.916922609e-01,1.005753913e-02,4.585831000e-03,-1.142655582e-02,-1.601238682e-02
2.938100000e+01,validation,-2.024606000e-01,-1.924013025e-01,1.005929748e-02,4.596245000e-03,-1.139398359e-02,-1.599022859e-02
2.938600000e+01,train,-2.031703000e-01,-1.931092675e-01,1.006103253e-02,4.606633000e-03,-1.136126747e-02,-1.596790047e-02
2.939100000e+01,train,-2.038788000e-01,-1.938161262e-01,1.006267381e-02,4.616994000e-03,-1.132860529e-02,-1.594559929e-02
2.939600000e+01,train,-2.045861000e-01,-1.945220225e-01,1.006407748e-02,4.627328000e-03,-1.129546139e-02,-1.592278939e-02
2.940100000e+01,train,-2.052922000e-01,-1.952267217e-01,1.006547832e-02,4.637635000e-03,-1.126251926e-02,-1.590015426e-02
2.940600000e+01,train,-2.059971000e-01,-1.959304586e-01,1.006664141e-02,4.647916000e-03,-1.122909539e-02,-1.587701139e-02
2.941100000e+01,train,-2.067008000e-01,-1.966331267e-01,1.006767332e-02,4.658170000e-03,-1.119551390e-02,-1.585368390e-02
2.941600000e+01,validation,-2.074033000e-01,-1.973346054e-01,1.006869457e-02,4.668397000e-03,-1.116197355e-02,-1.583037055e-02
2.942100000e+01,validation,-2.081046000e-01,-1.980351145e-01,1.006948554e-02,4.678597000e-03,-1.112811231e-02,-1.580670931e-02
2.942600000e+01,train,-2.088047000e-01,-1.987344416e-01,1.007025838e-02,4.688770000e-03,-1.109427967e-02,-1.578304967e-02
2.943100000e+01,train,-2.095036000e-01,-1.994327304e-01,1.007086957e-02,4.698916000e-03,-1.106008839e-02,-1.575900439e-02
2.943600000e+01,train,-2.102013000e-01,-2.001299361e-01,1.007136392e-02,4.709035000e-03,-1.102576446e-02,-1.573479946e-02
2.944100000e+01,train,-2.108977000e-01,-2.008259680e-01,1.007173199e-02,4.719127000e-03,-1.099145343e-02,-1.571058043e-02
2.944600000e+01,train,-2.115929000e-01,-2.015209539e-01,1.007194608e-02,4.729191000e-03,-1.095679913e-02,-1.568599013e-02
2.945100000e+01,validation,-2.122869000e-01,-2.022147660e-01,1.007213396e-02,4.739228000e-03,-1.092215887e-02,-1.566138687e-02
2.945600000e+01,train,-2.129796000e-01,-2.029075329e-01,1.007206709e-02,4.749237000e-03,-1.088717190e-02,-1.563640890e-02
2.946100000e+01,validation,-2.136711000e-01,-2.035992323e-01,1.007186766e-02,4.759219000e-03,-1.085202343e-02,-1.561124243e-02
2.946600000e+01,test,-2.143614000e-01,-2.042896886e-01,1.007171136e-02,4.769174000e-03,-1.081685563e-02,-1.558602963e-02
2.947100000e+01,validation,-2.150504000e-01,-2.049790705e-01,1.007132953e-02,4.779101000e-03,-1.078153797e-02,-1.556063897e-02
2.947600000e+01,test,-2.157381000e-01,-2.056674371e-01,1.007066286e-02,4.789000000e-03,-1.074567469e-02,-1.553467469e-02
2.948100000e+01,validation,-2.164246000e-01,-2.063545088e-01,1.007009122e-02,4.798872000e-03,-1.071017645e-02,-1.550904845e-02
2.948600000e+01,test,-2.171098000e-01,-2.070404669e-01,1.006933309e-02,4.808715000e-03,-1.067429356e-02,-1.548300856e-02
2.949100000e+01,train,-2.177938000e-01,-2.077253582e-01,1.006844183e-02,4.818531000e-03,-1.063824824e-02,-1.545677924e-02
2.949600000e+01,train,-2.184765000e-01,-2.084091133e-01,1.006738672e-02,4.828319000e-03,-1.060200635e-02,-1.543032535e-02
2.950100000e+01,test,-2.191579000e-01,-2.090916265e-01,1.006627349e-02,4.838080000e-03,-1.056574108e-02,-1.540382108e-02
2.950600000e+01,train,-2.198381000e-01,-2.097731099e-01,1.006499007e-02,4.847812000e-03,-1.052910372e-02,-1.537691572e-02
2.951100000e+01,validation,-2.205170000e-01,-2.104533444e-01,1.006365556e-02,4.857516000e-03,-1.049245463e-02,-1.534997063e-02
2.951600000e+01,train,-2.211946000e-01,-2.111324208e-01,1.006217923e-02,4.867192000e-03,-1.045579439e-02,-1.532298639e-02
2.952100000e+01,validation,-2.218709000e-01,-2.118102928e-01,1.006060724e-02,4.876839000e-03,-1.041889883e-02,-1.529573783e-02
2.952600000e+01,train,-2.225459000e-01,-2.124871280e-01,1.005877204e-02,4.886459000e-03,-1.038164341e-02,-1.526810241e-02
2.953100000e+01,validation,-2.232196000e-01,-2.131627297e-01,1.005687032e-02,4.896050000e-03,-1.034434860e-02,-1.524039860e-02
2.953600000e+01,validation,-2.238920000e-01,-2.138370970e-01,1.005490298e-02,4.905613000e-03,-1.030701990e-02,-1.521263290e-02
2.954100000e+01,test,-2.245631000e-01,-2.145103292e-01,1.005277076e-02,4.915147000e-03,-1.026949256e-02,-1.518463956e-02
2.954600000e+01,train,-2.252329000e-01,-2.151823279e-01,1.005057205e-02,4.924653000e-03,-1.023192727e-02,-1.515658027e-02
2.955100000e+01,train,-2.259014000e-01,-2.158532291e-01,1.004817086e-02,4.934130000e-03,-1.019395033e-02,-1.512808033e-02
2.955600000e+01,train,-2.265685000e-01,-2.165229038e-01,1.004559615e-02,4.943579000e-03,-1.015592551e-02,-1.509950451e-02
2.956100000e+01,train,-2.272344000e-01,-2.171913378e-01,1.004306222e-02,4.952999000e-03,-1.011787610e-02,-1.507087510e-02
2.956600000e+01,test,-2.278989000e-01,-2.178586820e-01,1.004021802e-02,4.962390000e-03,-1.007940138e-02,-1.504179138e-02
2.957100000e+01,train,-2.285621000e-01,-2.185247853e-01,1.003731465e-02,4.971752000e-03,-1.004090323e-02,-1.501265523e-02
2.957600000e+01,train,-2.292240000e-01,-2.191896015e-01,1.003439850e-02,4.981086000e-03,-1.000230517e-02,-1.498339117e-02
2.958100000e+01,train,-2.298845000e-01,-2.198532835e-01,1.003121655e-02,4.990391000e-03,-9.963506728e-03,-1.495389773e-02
2.958600000e+01,train,-2.305437000e-01,-2.205157470e-01,1.002795302e-02,4.999666000e-03,-9.924646421e-03,-1.492431242e-02
2.959100000e+01,train,-2.312015000e-01,-2.211769086e-01,1.002459143e-02,5.008913000e-03,-9.885712683e-03,-1.489462568e-02
2.959600000e+01,test,-2.318580000e-01,-2.218368751e-01,1.002112489e-02,5.018131000e-03,-9.846526848e-03,-1.486465785e-02
2.960100000e+01,train,-2.325132000e-01,-2.224957150e-01,1.001748501e-02,5.027319000e-03,-9.807128662e-03,-1.483444766e-02
2.960600000e+01,train,-2.331670000e-01,-2.231532608e-01,1.001373918e-02,5.036479000e-03,-9.767642810e-03,-1.480412181e-02
2.961100000e+01,train,-2.338194000e-01,-2.238095128e-01,1.000988717e-02,5.045609000e-03,-9.728068731e-03,-1.477367773e-02
2.961600000e+01,validation,-2.344705000e-01,-2.244645696e-01,1.000593039e-02,5.054709000e-03,-9.688245154e-03,-1.474295415e-02
2.962100000e+01,train,-2.351202000e-01,-2.251184093e-01,1.000179065e-02,5.063781000e-03,-9.648355075e-03,-1.471213607e-02
2.962600000e+01,train,-2.357685000e-01,-2.257709520e-01,9.997548017e-03,5.072823000e-03,-9.608395775e-03,-1.468121877e-02
2.963100000e+01,train,-2.364155000e-01,-2.264223040e-01,9.993195967e-03,5.081835000e-03,-9.568163073e-03,-1.464999807e-02
2.963600000e+01,train,-2.370611000e-01,-2.270723702e-01,9.988729800e-03,5.090818000e-03,-9.527828481e-03,-1.461864648e-02
2.964100000e+01,train,-2.377053000e-01,-2.277212457e-01,9.984054264e-03,5.099772000e-03,-9.487248869e-03,-1.458702087e-02
2.964600000e+01,train,-2.383481000e-01,-2.283687331e-01,9.979366940e-03,5.108695000e-03,-9.446722727e-03,-1.455541773e-02
2.965100000e+01,train,-2.389895000e-01,-2.290150297e-01,9.974470288e-03,5.117589000e-03,-9.405952724e-03,-1.452354172e-02
2.965600000e+01,train,-2.396296000e-01,-2.296600408e-01,9.969559219e-03,5.126454000e-03,-9.365080834e-03,-1.449153483e-02
2.966100000e+01,train,-2.402682000e-01,-2.303038613e-01,9.964338666e-03,5.135288000e-03,-9.323937845e-03,-1.445922585e-02
2.966600000e+01,validation,-2.409054000e-01,-2.309463012e-01,9.959098775e-03,5.144093000e-03,-9.282863621e-03,-1.442695662e-02
2.967100000e+01,train,-2.415413000e-01,-2.315874518e-01,9.953848194e-03,5.152867000e-03,-9.241681874e-03,-1.439454887e-02
2.967600000e+01,test,-2.421757000e-01,-2.322274420e-01,9.948258025e-03,5.161612000e-03,-9.200057373e-03,-1.436166937e-02
2.968100000e+01,train,-2.428087000e-01,-2.328660590e-01,9.942640975e-03,5.170327000e-03,-9.158462169e-03,-1.432878917e-02
2.968600000e+01,test,-2.434403000e-01,-2.335033869e-01,9.936913066e-03,5.179012000e-03,-9.116786981e-03,-1.429579898e-02
2.969100000e+01,train,-2.440705000e-01,-2.341393645e-01,9.931135536e-03,5.187666000e-03,-9.074954443e-03,-1.426262044e-02
2.969600000e+01,test,-2.446992000e-01,-2.347741253e-01,9.925074732e-03,5.196290000e-03,-9.033060203e-03,-1.422935020e-02
